-- phpMyAdmin SQL Dump
-- version 4.4.15.6
-- http://www.phpmyadmin.net
--
-- Servidor: localhost
-- Tiempo de generación: 13-02-2017 a las 23:06:28
-- Versión del servidor: 5.6.30-76.3-log
-- Versión de PHP: 5.4.16

SET SQL_MODE = "NO_AUTO_VALUE_ON_ZERO";
SET time_zone = "+00:00";


/*!40101 SET @OLD_CHARACTER_SET_CLIENT=@@CHARACTER_SET_CLIENT */;
/*!40101 SET @OLD_CHARACTER_SET_RESULTS=@@CHARACTER_SET_RESULTS */;
/*!40101 SET @OLD_COLLATION_CONNECTION=@@COLLATION_CONNECTION */;
/*!40101 SET NAMES utf8mb4 */;

--
-- Base de datos: `gestionatalento`
--
CREATE DATABASE IF NOT EXISTS `gestionatalento` DEFAULT CHARACTER SET latin1 COLLATE latin1_swedish_ci;
USE `gestionatalento`;

-- --------------------------------------------------------

--
-- Estructura de tabla para la tabla `actividadClave`
--

DROP TABLE IF EXISTS `actividadClave`;
CREATE TABLE IF NOT EXISTS `actividadClave` (
  `id` int(11) NOT NULL,
  `competencia_id` int(11) DEFAULT NULL,
  `actividadClaveCodigo` varchar(10) DEFAULT NULL,
  `actividadClaveNombre` varchar(255) DEFAULT NULL,
  `actividadClaveDefinicion` text
) ENGINE=InnoDB AUTO_INCREMENT=181 DEFAULT CHARSET=latin1;

--
-- Volcado de datos para la tabla `actividadClave`
--

INSERT INTO `actividadClave` (`id`, `competencia_id`, `actividadClaveCodigo`, `actividadClaveNombre`, `actividadClaveDefinicion`) VALUES
(1, 1, 'xxx', 'Actividad Clave 1', NULL),
(2, 1, 'yyy', 'Actividad clave 2xxxx', NULL),
(4, 2, 'mmmm', 'Tiene una actitud positiva con respecto al trabajo en equipo y al intercambio de información y conocimiento', NULL),
(5, 10, '9988', 'ACTIVIDAD XXXX', NULL),
(6, 10, '9987', 'ACTIVDAD ZZZZ', NULL),
(7, 7, '887', 'PPPP', NULL),
(8, 7, '27', 'ERRRR', NULL),
(21, 2, NULL, 'Demuestra seguridad para expresar opiniones con claridad y precisión', NULL),
(22, 2, NULL, 'Comunica eficientemente información al resto de su equipo', NULL),
(24, 18, NULL, 'Identifica temas, problemas oportunidades: Reconoce temas, problemas u oportunidades y determina que acción se necesita', NULL),
(25, 18, NULL, 'Recolecta Información: Identifica la necesidad y recolecta información para comprender mejor los temas, problemas y oportunidades.', NULL),
(26, 18, NULL, 'Interpreta Información: Integra información de diversas fuentes; detecta tendencias, asociaciones\ny relaciones causa-efecto', NULL),
(27, 19, NULL, 'Mostrar alto grado de responsabilidad y compromiso por el desarrollo exitoso del quehacer propio.', NULL),
(28, 19, NULL, 'Automotivarse respecto al logro exitoso de los objetivos y metas, mostrando una actitud positiva, pese a enfrentar obstáculos, limitaciones o conflictos.', NULL),
(29, 19, NULL, 'Buscar mejoras al propio rendimiento, implementando acciones de perfeccionamiento respecto al desarrollo de tareas, procesos o planes de acción.', NULL),
(30, 19, NULL, 'Cuidar los recursos de la organización orientándose a un manejo adecuado de la relación costo-beneficio.', NULL),
(31, 19, NULL, 'Facilitar y promover una cultura de alto rendimiento y profundo compromiso.', NULL),
(32, 20, NULL, 'Conocer la terminología, procedimientos y las variables asociadas a su área de competencia.', NULL),
(33, 20, NULL, 'Saber cómo aplicar una habilidad, técnica o conocimiento en el desarrollo de sus actividades o tareas.', NULL),
(34, 20, NULL, 'Saber cuándo aplicar una habilidad, técnica o conocimiento en el desarrollo de sus actividades o tareas.', NULL),
(35, 20, NULL, 'Realizar tareas complejas en el área de competencia.', NULL),
(36, 20, NULL, 'Aprender continuamente formas más efectivas y eficientes para desempeñar sus tareas, funciones o procesos, obteniendo nuevos conocimientos y habilidades, mejorando su productividad.', NULL),
(37, 21, NULL, 'Evaluar los problemas, relacionando datos e información, estableciendo relaciones de tipo causal, a través del reconocimiento de tendencias o asociaciones.', NULL),
(38, 21, NULL, 'Proactivamente evaluar situaciones o procesos, considerando los “pro” y los “contras”,  los riesgos y variables implicados.', NULL),
(39, 21, NULL, 'Verificar y evaluar exhaustivamente las soluciones y alternativas, para asegurarse de que la medida sugerida vaya a satisfacer eficientemente la necesidad o requerimiento considerando su impacto en el tiempo.', NULL),
(40, 21, NULL, 'Tomar en cuenta el punto de vista de la organización (políticas, normativas regulaciones o experiencias pasadas efectivas) al solucionar problemas o iniciar acciones.', NULL),
(41, 21, NULL, 'Desarrollar soluciones efectivas comprometiéndose con su implementación y manteniendo informada e involucrada a la gente apropiada.', NULL),
(42, 22, NULL, 'Expresar las ideas oportunamente con claridad y precisión, logrando el entendimiento y aceptación del mensaje por parte del interlocutor o audiencia.', NULL),
(43, 22, NULL, 'Usar un vocabulario y lenguaje acorde a la situación e interlocutor, ajustándose a las características y necesidades del receptor: cliente interno y externo.', NULL),
(44, 22, NULL, 'Organizar lógica y claramente el mensaje a ser transmitido a nivel oral y escrito.', NULL),
(45, 22, NULL, 'Utilizar adecuadamente el lenguaje no verbal, prestando atención al contacto visual, los gestos, ademanes, intenciones de voz y volumen adecuado, para apoyar el sentido e intensidad del mensaje entregado.', NULL),
(46, 22, NULL, 'Prestar atención al mensaje e inquietudes del interlocutor, aclarando las preguntas o dudas.', NULL),
(47, 23, NULL, 'Se mantiene al día a través de diversas fuentes de información sobre acontecimientos (políticos, económicos, tecnológicos, entre otros) que pueden afectar su negocio.', NULL),
(48, 23, NULL, 'Visualizar y comprender en el mercado global y/o industria específica posibles amenazas y/o cambios importantes, en el corto, mediano y largo plazo que pudieran afectar la gestión de la compañía y del propio quehacer.', NULL),
(49, 23, NULL, 'Estar alerta frente a normativas y políticas internacionales o locales (económicas, sociales, entre otras), analizando su impacto en el desarrollo del negocio o la gestión de la compañía.', NULL),
(50, 23, NULL, 'Leer diversos diarios comerciales y otras publicaciones relativas a su propio campo de trabajo, que le sirvan para orientar acciones dentro de su quehacer.', NULL),
(51, 23, NULL, 'Utilizar el conocimiento adquirido sobre los acontecimientos del mercado y la industria en el desarrollo de la gestión.', NULL),
(52, 24, NULL, 'Determinar la forma cómo se llevará a cabo el monitoreo o seguimiento de las acciones encomendadas.', NULL),
(53, 24, NULL, 'Establecer las fechas de seguimiento y lo que se espera en cuanto al avance o progreso de la asignación.', NULL),
(54, 24, NULL, 'Tomar contacto con el individuo, que de acuerdo a sus características fue considerado idóneo para la asignación del proyecto, para revisar el estado de avance y progreso.', NULL),
(55, 24, NULL, 'Confirmar que se hayan tomado las medidas acordadas o acordar nuevas medidas, repitiendo el ciclo hasta la finalización del proyecto.', NULL),
(56, 24, NULL, 'Obtener retroalimentación sobre los resultados alcanzados.', NULL),
(57, 25, NULL, 'Analizar posibilidades de alianzas o sociedades, identificando las relaciones clave que deberían iniciarse o mejorarse, a fin de reforzar el logro de los objetivos.', NULL),
(58, 25, NULL, 'Crear y mantener lazos de colaboración con otras áreas y establecer efectivas redes de apoyo, compartiendo información con grupos, áreas o personas relevantes al interior y fuera de la organización.', NULL),
(59, 25, NULL, 'Realizar lobby con los asociados, generando lazos de confianza y colaboración mutua.', NULL),
(60, 25, NULL, 'Formular planes de acción en forma cooperativa en pos de la consecución de los objetivos comunes, subordinando los propios a los de la alianza.', NULL),
(61, 25, NULL, 'Hacer seguimiento de la alianza, evaluando tanto el proceso como la consecución de las metas compartidas.', NULL),
(62, 26, NULL, 'Investir a otros del poder y autoridad necesaria para realizar el trabajo, tomar decisiones o iniciar acciones, dentro de un ámbito específico.', NULL),
(63, 26, NULL, 'Definir la dirección y límites de acción, brindando suficiente autonomía.', NULL),
(64, 26, NULL, 'Alentar y motivar a otros para que acepten desafíos y funciones con responsabilidad, asuman riesgos y sean capaces de explorar las razones de los errores y aprender de ellos. ', NULL),
(65, 26, NULL, 'Transmitir confianza a los individuos, respecto a sus capacidades y el logro efectivo de tareas, funciones o decisiones tomadas.', NULL),
(66, 26, NULL, 'Retroalimentar cuando observa que las acciones no son del todo efectivas, haciendo participe al otro en la búsqueda de alternativas y nuevos medios u orientaciones.', NULL),
(67, 27, NULL, 'Visualizar y proyectar en el tiempo la necesidad de desarrollar en las personas nuevas destrezas, conocimientos o competencias, y/o conformar nuevos equipos, fundamentado en la visión estratégica de las futuras necesidades de la organización.', NULL),
(68, 27, NULL, 'Actuar generando concretos planes de entrenamiento para ocupar futuras posiciones o conformar nuevos equipos, según las estrategias a mediano y largo plazo.', NULL),
(69, 27, NULL, 'Respaldar el desarrollo de las habilidades, conocimientos y capacidades de los individuos o grupos, a fin de cumplir de manera más eficiente con las responsabilidades presentes y futuras del puesto/rol.', NULL),
(70, 27, NULL, 'Facilitar los recursos y las condiciones para que personas y grupos internalicen nuevos conocimientos y competencias según las necesidades futuras de la organización.', NULL),
(71, 27, NULL, 'Tener la capacidad de reorientar o modificar el entrenamiento, de acuerdo a variaciones o modificaciones en los lineamientos o estrategias organizacionales.', NULL),
(72, 28, NULL, 'Proponer soluciones novedosas, desafiando los paradigmas existentes de cómo hacer las cosas.', NULL),
(73, 28, NULL, 'Recopilar ideas desde varias perspectivas y fuentes (individuos, áreas, sistemas de información) para inspirarse y conseguir ideas.', NULL),
(74, 28, NULL, 'Pensar con amplitud de criterio y flexibilidad, combinar las ideas de manera original en base a múltiples enfoques y soluciones.', NULL),
(75, 28, NULL, 'Evaluar múltiples soluciones, examinando numerosas soluciones potenciales antes de aceptar alguna.', NULL),
(76, 28, NULL, 'Asegurar la relevancia de las ideas, enfocándose en áreas importantes, para proponer innovaciones y soluciones que aborden cuestiones laborales significativas.', NULL),
(77, 29, NULL, 'Lograr el compromiso hacia la acción, movilizando personas, grupos o equipos hacia el cumplimiento de un objetivo o la realización de una tarea.', NULL),
(78, 29, NULL, 'Utilizar habilidades de relación eficientemente para persuadir y movilizar a otros.', NULL),
(79, 29, NULL, 'Transmitir objetivos, expectativas y prioridades en forma oportuna y clara, para lograr las metas.', NULL),
(80, 29, NULL, 'Presentar sugerencias o puntos de vista de una manera apropiada y convincente.', NULL),
(81, 29, NULL, 'Promover en otros el ajuste del comportamiento y una actitud positiva y cooperativa frente a cambios en las asignaciones, tareas o formas de hacer y pensar las cosas, ajustándose rápidamente a los nuevos escenarios.', NULL),
(82, 30, NULL, 'Comunicar continua y abiertamente al equipo, la estrategia,  la visión y los valores de la organización, demostrando la importancia y trascendencia de éstos.', NULL),
(83, 30, NULL, 'Traducir a los miembros del equipo la estrategia y visión de la organización en objetivos mensurables y directamente alineados con las acciones del día a día.', NULL),
(84, 30, NULL, 'Facilitar el cumplimiento de los objetivos estratégicos, prestando asesoría a los miembros del equipo con las actividades de gestión diarias.', NULL),
(85, 30, NULL, 'Mostrar compromiso personal y alineación con la estrategia, la visión y los valores de la organización, inspirando a otros respecto de ello.', NULL),
(86, 30, NULL, 'Movilizar efectivamente al equipo, obteniendo el compromiso con la estrategia, la visión, los valores y los objetivos individuales y grupales.', NULL),
(87, 31, NULL, 'Entregar claras instrucciones a los miembros del equipo sobre las expectativas de desempeño y lineamientos respecto del cumplimiento de objetivos, empoderándolos respecto de su cumplimiento.', NULL),
(88, 31, NULL, 'Asumir la responsabilidad de organizar los recursos y guiar a los miembros del equipo hacia el logro de tareas y objetivos en forma exitosa.', NULL),
(89, 31, NULL, 'Delegar el trabajo a partir de las habilidades y potencialidades de cada miembro del equipo.', NULL),
(90, 31, NULL, 'Fomentar y apoyar las iniciativas, propuestas de mejora y la participación activa de cada uno de los miembros del equipo.', NULL),
(91, 31, NULL, 'Entregar continuamente feedback de acuerdo al logro de objetivos y el desempeño personal y grupal, estimulando, reconociendo y celebrando los logros del equipo para fomentar el desarrollo de las personas y el cumplimiento de objetivos.', NULL),
(92, 32, NULL, 'Identificar quien es quien en las interrelaciones personales y del área, sabiendo a que personas recurrir en caso de necesitar ayuda o consejo, realizándolo de manera de pertinente cuando se requiera.', NULL),
(93, 32, NULL, 'Reconocer escenarios de acción donde es necesario movilizarse adecuada y asertivamente debido a lógicas de acción no tradicionales.', NULL),
(94, 32, NULL, 'Utilizar estilos y métodos interpersonales adecuados y asertivos para fomentar relaciones y generar climas interpersonales de apertura y confianza.', NULL),
(95, 32, NULL, 'Expresar sentimientos, opiniones, creencias o puntos de vistas divergentes de manera honesta y sin herir o atacar a los demás.', NULL),
(96, 32, NULL, 'Inclinar y acercar posiciones mediante el ejercicio del razonamiento conjunto, contemplando los interés de todos los participantes y de la organización para alcanzara el resultado esperado.', NULL),
(97, 33, NULL, 'Focalizar el trabajo y las actividades laborales, orientándolos a la excelencia en el logro de resultados, metas y objetivos encomendados.', NULL),
(98, 33, NULL, 'Cumplir las metas fijadas, teniendo el propósito de lograr y/o exceder los objetivos planteados.', NULL),
(99, 33, NULL, 'Perseverar en sus acciones, a pesar de las dificultades, frustraciones y/o errores, aprendiendo de ellos.', NULL),
(100, 33, NULL, 'Mantener la motivación por las tareas y objetivos, a pesar de problemas y obstáculos.', NULL),
(101, 33, NULL, 'Buscar nuevos desafíos, crear oportunidades y mejorar resultados, agregando valor a la organización.', NULL),
(102, 34, NULL, 'Enfocar la gestión y actividades diarias al cumplimiento exitoso y eficiente de resultados y metas, equilibrando adecuadamente con la preocupación por las personas y el bienestar del equipo.', NULL),
(103, 34, NULL, 'Optimizar tiempos y recursos estableciendo prioridades, y buscando soluciones simples y eficientes para asuntos complejos.', NULL),
(104, 34, NULL, 'Generar y proponer ideas y sugerencias para mejorar los procedimientos y procesos actuales, visualizando el impacto que éstas tengan sobre el negocio y la organización.', NULL),
(105, 34, NULL, 'Orientar al equipo a desarrollar el trabajo enfocados en el cumplimiento de objetivos y estrategias, utilizando métodos eficaces de control y seguimiento.', NULL),
(106, 34, NULL, 'Resolver con eficacia los problemas de su área, incluso anticipándose a situaciones que puedan obstaculizar el logro de resultados.', NULL),
(107, 34, NULL, 'Cumplir con los resultados y objetivos trazados.', NULL),
(121, 35, NULL, 'Preocuparse de conocer las reglas y procedimientos establecidos que rigen su gestión.', NULL),
(122, 35, NULL, 'Mostrar una actitud de respeto y acatamiento de las normas y procedimientos establecidos en la realización de su labor.', NULL),
(123, 35, NULL, 'Realizar el trabajo demostrando metodicidad y disciplina en la gestión.', NULL),
(124, 35, NULL, 'Verificar y promover el cumplimiento de los procedimientos, regulaciones y compromisos asumidos.', NULL),
(125, 35, NULL, 'Preocuparse de comprender qué está y qué no está permitido hacer, actuando conforme a ello.', NULL),
(130, 36, NULL, 'Identificar los aspectos a considerar como “detalles” dentro de las tareas, teniendo en cuenta lo que se espera como resultado final.', NULL),
(131, 36, NULL, 'Listar y manejar los detalles de las tareas, para luego hacer una revisión de los mismos.', NULL),
(132, 36, NULL, 'Mantenerse atento y verificar los resultados, con el fin de determinar si son exactos y están completos, de acuerdo a los requerimientos.', NULL),
(133, 36, NULL, 'Estar alerta a las posibilidades de mejora en las tareas o de generar mayor eficiencia y calidad.', NULL),
(134, 36, NULL, 'Entregar un trabajo de calidad, libre de errores, fallas o desviaciones.', NULL),
(135, 37, NULL, 'Conocer la terminología, procedimientos y las variables asociadas a su área de competencia.', NULL),
(136, 37, NULL, 'Saber cómo aplicar una habilidad, técnica o conocimiento en el desarrollo de sus actividades o tareas.', NULL),
(137, 37, NULL, 'Saber cuándo aplicar una habilidad, técnica o conocimiento en el desarrollo de sus actividades o tareas.', NULL),
(138, 37, NULL, 'Realizar tareas complejas en el área de competencia.', NULL),
(139, 37, NULL, 'Aprender continuamente formas más efectivas y eficientes para desempeñar sus tareas, funciones o procesos, obteniendo nuevos conocimientos y habilidades, mejorando su productividad.', NULL),
(140, 38, NULL, 'Tomar acciones para conocer a los clientes, sus necesidades y anhelos; escuchándolos, empatizando con ellos.', NULL),
(141, 38, NULL, 'Saber qué hacer y qué no hacer en la relación con los clientes; identificando los efectos positivos y negativos que se generan.', NULL),
(142, 38, NULL, 'Tomar decisiones para aumentar el nivel de satisfacción de los clientes que permita aumentar el impacto positivo de ellos con la organización.', NULL),
(143, 38, NULL, 'Promover e impulsar con otros integrantes de la organización el sentido de orientación al cliente.', NULL),
(144, 38, NULL, 'Reconocer como límite de satisfacción al cliente los objetivos estratégicos de la Agencia.', NULL),
(145, 39, NULL, 'Identificar con rapidez las tareas prioritarias, discerniendo en forma adecuada lo que se debe resolver con mayor urgencia.', NULL),
(146, 39, NULL, 'Ser capaz de manejar varias variables o tareas a la vez, sin dejar de atender ninguna de ellas. ', NULL),
(147, 39, NULL, 'Mantener el control y el dominio de las emociones, mientras está bajo presión o condiciones apremiantes de tiempo.', NULL),
(148, 39, NULL, 'Trabajar efectivamente y cumplir con los requerimientos en situaciones de presión, sin disminuir el rendimiento.', NULL),
(149, 39, NULL, 'Desarrollar estrategias y técnicas para hacer frente a situaciones de presión (actitud positiva, ejercicio, etc.)', NULL),
(150, 41, NULL, 'Establecer relaciones de cooperación con todos los estamentos de la organización en función de los objetivos propuestos.', NULL),
(151, 41, NULL, 'Desarrollar las ideas de los demás y las propias, facilitando y generando los acuerdos en un clima de tolerancia y respeto.', NULL),
(152, 41, NULL, 'Crear y favorecer un clima laboral que facilite las buenas relaciones y la integración para el logro de objetivos.', NULL),
(153, 41, NULL, 'Buscar oportunidades para implementar relaciones laborales positivas a todo nivel en la organización.', NULL),
(154, 41, NULL, 'Ayudar a que las personas se sientan valoradas, apreciadas e incluidas en las discusiones (incrementa la autoestima, establece una relación de empatía, involucra, comparte información, apoya).', NULL),
(155, 42, NULL, 'Facilitar el logro de los objetivos de la organización, por sobre los objetivos individuales o de área.', NULL),
(156, 42, NULL, 'Establecer relaciones de cooperación con todas las personas de la organización, valorando e integrando el rol de los otros en el cumplimiento de los propios objetivos.', NULL),
(157, 42, NULL, 'Escuchar, comprender y aceptar las opiniones de los demás miembros del equipo o de la organización, aun cuando sean diferentes u opuestas a las propias, facilitando y generando acuerdos en un clima de tolerancia, respeto y confianza.', NULL),
(158, 42, NULL, 'Manejar de manera oportuna y asertiva los conflictos, creando y favoreciendo un clima laboral que facilite las buenas relaciones y la integración para el logro de objetivos.', NULL),
(159, 42, NULL, 'Responder a las expectativas y compromisos, cumplir oportunamente con las responsabilidades asumidas.', NULL),
(160, 43, NULL, 'Focalizar el trabajo y las actividades laborales, orientándolos al logro de resultados, metas y objetivos encomendados.', NULL),
(161, 43, NULL, 'Cumplir las metas fijadas, teniendo el propósito de lograr y/o exceder los objetivos planteados.', NULL),
(162, 43, NULL, 'Perseverar en sus acciones, a pesar de las dificultades, frustraciones y/o errores, aprendiendo de ellos.', NULL),
(163, 43, NULL, 'Mantener la motivación por las tareas y objetivos, a pesar de enfrentar problemas y obstáculos.', NULL),
(164, 43, NULL, 'Buscar nuevos desafíos o metas, generando oportunidades y mejorando los resultados, agregando valor a la organización.', NULL),
(165, 44, NULL, 'Comprender los cambios en los lineamientos, las tareas, las situaciones y el ambiente de trabajo, así como la lógica o las bases de tales cambios.', NULL),
(166, 44, NULL, 'Ajustar el comportamiento frente a cambios en las asignaciones, ajustándose rápidamente a nuevas responsabilidades y tareas.', NULL),
(167, 44, NULL, 'Asumir una actitud positiva y cooperativa frente al cambio, considerando el cambio como una oportunidad para aprender y crecer.', NULL),
(168, 44, NULL, 'Ajustar el comportamiento frente a heterogéneos estilos de personas, con enfoques, culturas y puntos de vista diversos.', NULL),
(169, 44, NULL, 'Cambiar oportuna y eficientemente las prioridades para enfrentarse a demandas cambiantes, manteniendo la eficacia en entornos cambiantes.', NULL),
(170, 45, NULL, 'Logra expresar sus ideas y mensajes claramente. ', NULL),
(171, 45, NULL, 'Usa un lenguaje comprensible y adecuado para la contraparte (por ejemplo, no usa jergas).', NULL),
(172, 45, NULL, 'Escribe claramente oraciones breves, gramaticalmente correctas y con un lenguaje comprensible. ', NULL),
(173, 45, NULL, 'Usa ejemplos para ilustrar lo que desea expresar o recalcar, cuando corresponde. ', NULL),
(174, 45, NULL, 'Chequea si aún existe alguna ambigüedad o pregunta frente al mensaje entregado.', NULL),
(175, 1, NULL, 'nueva actividad clave modificada 2', NULL),
(176, 1, NULL, 'afasdfasfasfas xxas\r\nsaas\r\nasd hjkhjkhkjk\r\nasda\r\nsdasdasdas', NULL),
(177, 47, NULL, 'Gestionar la cartera asignada', NULL),
(178, 47, NULL, 'Presentar el producto al cliente', NULL),
(179, 47, NULL, 'Cerrar la venta de servicio gas natural', NULL),
(180, 47, NULL, 'Cerrar la venta de productos adicionales', NULL);

-- --------------------------------------------------------

--
-- Estructura de tabla para la tabla `aprendizaje`
--

DROP TABLE IF EXISTS `aprendizaje`;
CREATE TABLE IF NOT EXISTS `aprendizaje` (
  `id` int(11) NOT NULL,
  `conocimiento_id` int(11) DEFAULT NULL,
  `aprendizajeCodigo` varchar(10) DEFAULT NULL,
  `aprendizajeNombre` varchar(255) DEFAULT NULL,
  `aprendizajeDefinicion` text
) ENGINE=InnoDB AUTO_INCREMENT=86 DEFAULT CHARSET=latin1;

--
-- Volcado de datos para la tabla `aprendizaje`
--

INSERT INTO `aprendizaje` (`id`, `conocimiento_id`, `aprendizajeCodigo`, `aprendizajeNombre`, `aprendizajeDefinicion`) VALUES
(4, 6, NULL, 'Modulo de Apertura de Despacho', NULL),
(5, 1, NULL, 'aprendizaje 1', NULL),
(6, 1, NULL, 'aprendizaje 2', NULL),
(7, 1, NULL, 'aprendizaje 3', NULL),
(18, 12, NULL, 'Conocer a cabalidad la correcta emisión de cada documentos para un tramite aduanero.', NULL),
(19, 12, NULL, 'Identificación de la informacion minima que se requiere para la confección de un despacho.', NULL),
(20, 14, NULL, 'Tratados y acuerdos comerciales que tiene Chile.', NULL),
(22, 14, NULL, 'Certificados de origen y su aplicación.', NULL),
(23, 15, NULL, 'Seguros de transportes y su aplicacion', NULL),
(24, 15, NULL, 'Sistemas de apoyo de las compañias aseguradoras.', NULL),
(25, 15, NULL, 'Productos que requieren vistos buenos.', NULL),
(26, 16, NULL, 'Conocimiento de los diferentes formatos que se aplican para un certificado de origen. ', NULL),
(27, 16, NULL, 'Identificar la correcta o incorrecta emision del certificado de origen.', NULL),
(28, 20, NULL, 'Conocimiento y operación de sistema informático de los diferentes puertos del país. ', NULL),
(29, 20, NULL, 'Conocimiento y operación del sistema de aduana.', NULL),
(31, 20, NULL, 'Conocimiento y operación de sistema de Seremi e ISP.', NULL),
(38, 21, NULL, 'Conocimiento de Policita y Objetivos de Calidad.', NULL),
(39, 21, NULL, 'Conocimiento y operación del modulo de Calidad ISO', NULL),
(40, 21, NULL, 'Conocimiento, registro y seguimiento de No Conformidades.', NULL),
(41, 22, NULL, 'Conocimiento ficha de cliente.', NULL),
(42, 22, NULL, 'Conocimiento de servicios que tiene contratado el cliente.', NULL),
(43, 19, NULL, 'Conocimiento y operación sistema de apertura despacho.', NULL),
(44, 19, NULL, 'Conocimiento y operación sistema de seguimiento de despacho. ', NULL),
(45, 19, NULL, 'Conocimiento y operación del SLI Cliente. ', NULL),
(46, 19, NULL, 'Conocimiento y operación  modulo régimen suspensivo.', NULL),
(47, 19, NULL, 'Conocimiento y operación  modulo completo de importaciones. ', NULL),
(49, 19, NULL, 'Conocimiento y operación  sistema control y seguimiento de carpetas de importación.', NULL),
(50, 8, NULL, 'Concepto de Incoterms y su aplicación', NULL),
(51, 8, NULL, 'Conformación y cálculo del valor CIF', NULL),
(52, 8, NULL, 'Conocimiento sobre impuestos que se pagan para las diferentes mercancias al ingresar a Chile.', NULL),
(53, 8, NULL, 'Confeccion de documentos anexos de la carpeta de Aforo.', NULL),
(54, 8, NULL, 'Conocimientos de las diferentes destinaciones aduaneras.', NULL),
(56, 9, NULL, 'Conocimiento y aplicación las políticas internas de la agencia de aduana.', NULL),
(57, 10, NULL, 'Conocimiento de las normas establecidas en la ordenanza de aduanas.', NULL),
(58, 17, NULL, 'Uso y manejo de planillas de calculo', NULL),
(63, 18, NULL, 'Uso y manejo de ingles técnico aduanero', NULL),
(64, 13, NULL, 'Documentos tributarios y conformación del IVA', NULL),
(65, 13, NULL, 'Plazos para declarar las declaraciones de ingresos (DIN)', NULL),
(66, 13, NULL, 'Modulo de desembolsos del  sistema contable', NULL),
(67, 11, NULL, 'Conocer e interpretar los documentos bases de una destinación aduanera', NULL),
(68, 11, NULL, 'Plazos asociados a la destinación aduanera', NULL),
(69, 11, NULL, 'Costos asociados a la destinación aduanera', NULL),
(70, 11, NULL, 'Plazos para los regímenes suspensivos', NULL),
(71, 11, NULL, 'Errores de los documentos base.', NULL),
(72, 0, NULL, 'indicador de pruebassss', NULL),
(73, 23, NULL, 'Se esfuerza por entregar el servicio más apropiado de acuerdo a las necesidades del cliente', NULL),
(74, 23, NULL, 'Antepone las necesidades del cliente a las de la empresa al ofrecer sus productos o servicios', NULL),
(75, 24, NULL, 'Se esfuerza por generar una buena impresión en el cliente, desde su comunicación hasta su presentación personal.', NULL),
(76, 24, NULL, 'Utiliza diversos recursos comunicacionales para presentar sus productos o servicios al cliente', NULL),
(77, 25, NULL, 'Se esfuerza por comprender las necesidades de sus clientes en relación a los servicios ofrecidos por la compañía.', NULL),
(78, 25, NULL, 'Presenta argumentos reales y sólidos en la defensa de sus productos y servicios.', NULL),
(79, 25, NULL, 'Se expresa de forma adecuada a las características del cliente, procurando hacerse entender de forma simple y directa.', NULL),
(80, 25, NULL, 'Se esfuerza por responder todas las consultas del cliente', NULL),
(81, 26, NULL, 'Organiza de manera proactiva su cartera, asegurando las mejores rutas para el cumplimiento de las metas.', NULL),
(82, 26, NULL, 'Presenta la información de sus visitas y ventas de a su jefatura  de manera ordenada.', NULL),
(83, 26, NULL, 'Se esfuerza por capacitarse continuamente en los productos y/o servicios de la compañía.', NULL),
(84, 27, NULL, 'Se esfuerza por crear un ambiente de confianza y seriedad con el cliente.', NULL),
(85, 27, NULL, 'Propone soluciones de ganancias mutuas a sus clientes, pensando en los beneficios para los clientes.', NULL);

-- --------------------------------------------------------

--
-- Estructura de tabla para la tabla `a_competenciaResultado`
--

DROP TABLE IF EXISTS `a_competenciaResultado`;
CREATE TABLE IF NOT EXISTS `a_competenciaResultado` (
  `personaNombre` varchar(255) DEFAULT NULL,
  `perfilNombre` varchar(255) DEFAULT NULL,
  `persona_id` int(11) DEFAULT NULL,
  `Visión del Proceso` varchar(22) CHARACTER SET utf8mb4 COLLATE utf8mb4_unicode_ci DEFAULT NULL,
  `Orientación al Detalle` varchar(22) CHARACTER SET utf8mb4 COLLATE utf8mb4_unicode_ci DEFAULT NULL,
  `Orientación al Cliente` varchar(22) CHARACTER SET utf8mb4 COLLATE utf8mb4_unicode_ci DEFAULT NULL,
  `Trabajo Bajo Presión` varchar(22) CHARACTER SET utf8mb4 COLLATE utf8mb4_unicode_ci DEFAULT NULL,
  `Manejo Relacional (Empatia y Tolerancia)` varchar(22) CHARACTER SET utf8mb4 COLLATE utf8mb4_unicode_ci DEFAULT NULL,
  `Colaboración en Redes` varchar(22) CHARACTER SET utf8mb4 COLLATE utf8mb4_unicode_ci DEFAULT NULL,
  `Enfoque a Resultados` varchar(22) CHARACTER SET utf8mb4 COLLATE utf8mb4_unicode_ci DEFAULT NULL,
  `Autonomía y Adaptabilidad` varchar(22) CHARACTER SET utf8mb4 COLLATE utf8mb4_unicode_ci DEFAULT NULL,
  `Comunicación Efectiva` varchar(22) CHARACTER SET utf8mb4 COLLATE utf8mb4_unicode_ci DEFAULT NULL
) ENGINE=InnoDB DEFAULT CHARSET=latin1;

--
-- Volcado de datos para la tabla `a_competenciaResultado`
--

INSERT INTO `a_competenciaResultado` (`personaNombre`, `perfilNombre`, `persona_id`, `Visión del Proceso`, `Orientación al Detalle`, `Orientación al Cliente`, `Trabajo Bajo Presión`, `Manejo Relacional (Empatia y Tolerancia)`, `Colaboración en Redes`, `Enfoque a Resultados`, `Autonomía y Adaptabilidad`, `Comunicación Efectiva`) VALUES
('Ingrid Silva Perez', 'Ejecutiva(o) de Cuenta Importaciones Junior', 14, '2', '1.6666666666667', '1.5', '1.5', '2.4', '2', '2', '2.3333333333333', '2'),
('Nelson Soto Herrera', 'Ejecutiva(o) de Cuenta Importaciones Especialista', 17, '2.6', '2.3333333333333', '2.5', '2.5', '3', '2', '2.6666666666667', '3', '2'),
('Camila Araya Cepeda', 'Ejecutiva(o) de Cuenta Importaciones Especialista', 20, '2.8', '2.6666666666667', '2.5', '2.75', '3.2', '2.8', '3', '3', '2.75'),
('Cesar Valenzuela Hernandez', 'Ejecutiva(o) de Cuenta Importaciones Junior', 29, '2', '1.6666666666667', '1.5', '1.25', '2', '1.8', '1.6666666666667', '2', '2'),
('Jocelin San Martin', 'Ejecutiva(o) de Cuenta Importaciones Senior', 32, '3', '2.6666666666667', '3', '3', '2.8', '3', '3', '3', '2.75'),
('Katherine Montenegro Gauthier', 'Ejecutiva(o) de Cuenta Importaciones Especialista', 34, '2.4', '2', '2.5', '2.25', '2.6', '2.4', '2.6666666666667', '3', '2'),
('Yubitza Huala Duran', 'Ejecutiva(o) de Cuenta Importaciones Especialista', 39, '4', '3.6666666666667', '3', '3', '2.2', '3', '3', '3', '3'),
('Cecilia Rivas Perez', 'Ejecutiva(o) de Cuenta Importaciones Junior', 40, '2.2', '2', '2', '2', '2.2', '2', '2.3333333333333', '2.6666666666667', '2'),
('Alex Mellado', 'Ejecutiva(o) de Cuenta Importaciones Especialista', 45, '3', '2', '3', '2.6666667461395264', '3', '2.5999999046325684', '2.3333332538604736', '1.5', '2.5'),
('Arelis Riffo', 'Ejecutiva(o) de Cuenta Importaciones Especialista', 48, '3.8', '3', '3.75', '3.25', '4', '4', '3', '4', '3'),
('Paola Torres', 'Ejecutiva(o) de Cuenta Importaciones Especialista', 49, '3.2', '3', '3', '3', '4', '4', '3', '3', '3'),
('Loreto Zamorano', 'Ejecutiva(o) de Cuenta Importaciones Especialista', 58, '3.2', '2.6666666666667', '3', '2.5', '3', '3', '2', '3', '3'),
('Cecilia Ahumada', 'Ejecutiva(o) de Cuenta Importaciones Especialista', 70, '3.4', '3.3333333333333', '3.5', '3.25', '3.4', '3', '3', '3', '3.25'),
('Yessenia Palavecinos', 'Ejecutiva(o) de Cuenta Importaciones Especialista', 71, '3.2', '3', '2.75', '3', '3', '3', '3', '2.6666666666667', '3'),
('Eduardo Aravena', 'Ejecutiva(o) de Cuenta Importaciones Especialista', 72, '3.2', '2.6666666666667', '2', '3', '2.4', '2.8', '3.3333333333333', '3', '3.25'),
('Francisca Courten', 'Ejecutiva(o) de Cuenta Importaciones Especialista', 73, '2.6', '2.3333333333333', '2.75', '2.75', '2.6', '2.6', '2.6666666666667', '2.6666666666667', '2.75'),
('Ximena Espina', 'Ejecutiva(o) de Cuenta Importaciones Especialista', 74, '2.8', '2.6666666666667', '2.5', '2.5', '3', '2.6', '3', '2.6666666666667', '2.75'),
('Lidia Guzman', 'Ejecutiva(o) de Cuenta Importaciones Especialista', 75, '2.8', '2.3333333333333', '2.75', '3', '2.4', '2.6', '2.6666666666667', '3', '2.5'),
('Olga Vergara', 'Ejecutiva(o) de Cuenta Importaciones Especialista', 76, '2.8', '2.6666666666667', '3.25', '3', '3', '2.8', '3', '3', '2.75'),
('Jonathan Ibacahe', 'Ejecutiva(o) de Cuenta Importaciones Especialista', 78, '3.2', '3', '3', '3', '3.2', '3', '3.3333333333333', '3', '3'),
('Mauricio Picon', 'Ejecutiva(o) de Cuenta Importaciones Especialista', 79, '3.2', '3', '3', '2.5', '3', '3', '3.3333333333333', '3', '3.25'),
('Javier Rodriguez', 'Ejecutiva(o) de Cuenta Importaciones Especialista', 80, '3.2', '3', '3', '2.5', '2.6', '3', '3.3333333333333', '3.3333333333333', '3'),
('Jean Paul Bretti', 'Ejecutiva(o) de Cuenta Importaciones Especialista', 81, '3.4', '3.6666666666667', '2.75', '3', '2.8', '2.8', '3.3333333333333', '3', '3.25'),
('Alex Olivo', 'Ejecutiva(o) de Cuenta Importaciones Senior', 82, '3.6', '3.3333333333333', '3.25', '3.5', '3.2', '3.4', '3.6666666666667', '3.3333333333333', '3.5');

-- --------------------------------------------------------

--
-- Estructura de tabla para la tabla `a_conocimientoResultado`
--

DROP TABLE IF EXISTS `a_conocimientoResultado`;
CREATE TABLE IF NOT EXISTS `a_conocimientoResultado` (
  `personaNombre` varchar(255) DEFAULT NULL,
  `perfilNombre` varchar(255) DEFAULT NULL,
  `persona_id` int(11) DEFAULT NULL,
  `Normativa Aduanera` varchar(22) CHARACTER SET utf8mb4 COLLATE utf8mb4_unicode_ci DEFAULT NULL,
  `Políticas de funcionamiento de las agencia de aduana` varchar(22) CHARACTER SET utf8mb4 COLLATE utf8mb4_unicode_ci DEFAULT NULL,
  `Marco legal del funcionamiento de las agencias de aduana` varchar(22) CHARACTER SET utf8mb4 COLLATE utf8mb4_unicode_ci DEFAULT NULL,
  `Conocimiento del proceso de Importación` varchar(22) CHARACTER SET utf8mb4 COLLATE utf8mb4_unicode_ci DEFAULT NULL,
  `Conocimientos administrativos y contables` varchar(22) CHARACTER SET utf8mb4 COLLATE utf8mb4_unicode_ci DEFAULT NULL,
  `Conocimientos tratados de libre comercio` varchar(22) CHARACTER SET utf8mb4 COLLATE utf8mb4_unicode_ci DEFAULT NULL,
  `Seguros de transporte y vistos buenos` varchar(22) CHARACTER SET utf8mb4 COLLATE utf8mb4_unicode_ci DEFAULT NULL,
  `Planilla o hojas de calculo` varchar(22) CHARACTER SET utf8mb4 COLLATE utf8mb4_unicode_ci DEFAULT NULL,
  `Ingles técnico aduanero` varchar(22) CHARACTER SET utf8mb4 COLLATE utf8mb4_unicode_ci DEFAULT NULL,
  `Manejo y conocimiento del SLI` varchar(22) CHARACTER SET utf8mb4 COLLATE utf8mb4_unicode_ci DEFAULT NULL,
  `Sistemas externos de apoyo al proceso` varchar(22) CHARACTER SET utf8mb4 COLLATE utf8mb4_unicode_ci DEFAULT NULL,
  `Conocimientos de ISO 9001` varchar(22) CHARACTER SET utf8mb4 COLLATE utf8mb4_unicode_ci DEFAULT NULL,
  `Conocimientos asociados al ámbito comercial del cliente` varchar(22) CHARACTER SET utf8mb4 COLLATE utf8mb4_unicode_ci DEFAULT NULL
) ENGINE=InnoDB DEFAULT CHARSET=latin1;

--
-- Volcado de datos para la tabla `a_conocimientoResultado`
--

INSERT INTO `a_conocimientoResultado` (`personaNombre`, `perfilNombre`, `persona_id`, `Normativa Aduanera`, `Políticas de funcionamiento de las agencia de aduana`, `Marco legal del funcionamiento de las agencias de aduana`, `Conocimiento del proceso de Importación`, `Conocimientos administrativos y contables`, `Conocimientos tratados de libre comercio`, `Seguros de transporte y vistos buenos`, `Planilla o hojas de calculo`, `Ingles técnico aduanero`, `Manejo y conocimiento del SLI`, `Sistemas externos de apoyo al proceso`, `Conocimientos de ISO 9001`, `Conocimientos asociados al ámbito comercial del cliente`) VALUES
('Ingrid Silva Perez', 'Ejecutiva(o) de Cuenta Importaciones Junior', 14, '2.4', '2', '2', '2.4', '1.3333333333333', '2', '1.6666666666667', '2', '1', '1.3333333333333', '1.6666666666667', '1.6666666666667', '1'),
('Nelson Soto Herrera', 'Ejecutiva(o) de Cuenta Importaciones Especialista', 17, '2.8', '3', '3', '2.8', '2.3333333333333', '2', '2.6666666666667', '3', '2', '2', '2.6666666666667', '3', '2'),
('Camila Araya Cepeda', 'Ejecutiva(o) de Cuenta Importaciones Especialista', 20, '2.8', '3', '2', '3', '2.3333333333333', '2.5', '2.6666666666667', '3', '3', '3', '3', '2.3333333333333', '3'),
('Cesar Valenzuela Hernandez', 'Ejecutiva(o) de Cuenta Importaciones Junior', 29, '1.8', '2', '2', '1.4', '2', '1', '1', '0', '0', '1.8333333333333', '1.6666666666667', '1.5', '1'),
('Jocelin San Martin', 'Ejecutiva(o) de Cuenta Importaciones Senior', 32, '2.8', '3', '3', '3', '3', '3', '2.6666666666667', '3', '3', '3', '2.6666666666667', '3', '3'),
('Katherine Montenegro Gauthier', 'Ejecutiva(o) de Cuenta Importaciones Especialista', 34, '2.6', '3', '2', '2.8', '2.3333333333333', '2', '2.6666666666667', '3', '2', '2.8333333333333', '2', '3', '2'),
('Yubitza Huala Duran', 'Ejecutiva(o) de Cuenta Importaciones Especialista', 39, '3.2', '3', '2', '2.6', '2.3333333333333', '2', '2.3333333333333', '3', '0', '3', '2', '3', '2'),
('Cecilia Rivas Perez', 'Ejecutiva(o) de Cuenta Importaciones Junior', 40, '2', '3', '1', '2.25', '2', '1', '2', '1', '1', '2.5', '1', '2', '2'),
('Alex Mellado', 'Ejecutiva(o) de Cuenta Importaciones Especialista', 45, '2.8', '3', '2', '2.4', '2.6666666666667', '1', '1.3333333333333', '4', '2', '2.5', '2', '3.3333333333333', '2'),
('Arelis Riffo', 'Ejecutiva(o) de Cuenta Importaciones Especialista', 48, '3', '3', '2', '2.8', '2', '3', '3', '2', '2', '3', '2.6666666666667', '3', '3'),
('Paola Torres', 'Ejecutiva(o) de Cuenta Importaciones Especialista', 49, '3', '3', '3', '3', '3', '3', '3', '2', '2', '3', '2', '3', '3'),
('Loreto Zamorano', 'Ejecutiva(o) de Cuenta Importaciones Especialista', 58, '2.6', '3', '2', '3', '2', '2', '2.3333333333333', '3', '2', '3', '2', '3', '3'),
('Cecilia Ahumada', 'Ejecutiva(o) de Cuenta Importaciones Especialista', 70, '3.6', '3', '2', '3.5', '3.3333333333333', '3', '3', '3', '3', '4', '2.3333333333333', '3', '4'),
('Yessenia Palavecinos', 'Ejecutiva(o) de Cuenta Importaciones Especialista', 71, '2.8', '3', '2', '2.75', '2.6666666666667', '2.5', '2', '4', '4', '3', '3', '2', '4'),
('Eduardo Aravena', 'Ejecutiva(o) de Cuenta Importaciones Especialista', 72, '3.2', '3', '3', '2.6', '2.6666666666667', '3', '2.6666666666667', '4', '3', '2.6666666666667', '3', '2.6666666666667', '4'),
('Francisca Courten', 'Ejecutiva(o) de Cuenta Importaciones Especialista', 73, '2.6', '4', '2', '3', '2.6666666666667', '3.5', '3.3333333333333', '3', '4', '3.6666666666667', '2.6666666666667', '3.3333333333333', '4'),
('Ximena Espina', 'Ejecutiva(o) de Cuenta Importaciones Especialista', 74, '2.8', '4', '1', '3.2', '2.3333333333333', '2.5', '2.6666666666667', '3', '3', '2.8333333333333', '2.3333333333333', '3', '4'),
('Lidia Guzman', 'Ejecutiva(o) de Cuenta Importaciones Especialista', 75, '2.8', '2', '1', '2.6', '2.6666666666667', '3', '2.6666666666667', '3', '3', '2.5', '2.3333333333333', '2.6666666666667', '3'),
('Olga Vergara', 'Ejecutiva(o) de Cuenta Importaciones Especialista', 76, '3.2', '3', '3', '3', '2.6666666666667', '3', '2.6666666666667', '3', '3', '2.6666666666667', '3', '2.3333333333333', '4'),
('Jonathan Ibacahe', 'Ejecutiva(o) de Cuenta Importaciones Especialista', 78, '3.2', '4', '2', '3', '2.3333333333333', '3', '2', '3', '3', '3', '2', '2.5', '4'),
('Mauricio Picon', 'Ejecutiva(o) de Cuenta Importaciones Especialista', 79, '2.8', '3', '2', '3', '2', '3', '3', '4', '4', '3', '2', '2', '4'),
('Javier Rodriguez', 'Ejecutiva(o) de Cuenta Importaciones Especialista', 80, '2.6', '3', '2', '3', '2', '3', '3', '4', '3', '3', '2', '2', '4'),
('Jean Paul Bretti', 'Ejecutiva(o) de Cuenta Importaciones Especialista', 81, '3', '3', '2', '2.8', '2.3333333333333', '2.5', '2', '4', '4', '3', '2', '2', '4'),
('Alex Olivo', 'Ejecutiva(o) de Cuenta Importaciones Senior', 82, '3.6', '3', '2', '3.4', '3', '3.5', '2.6666666666667', '4', '4', '3', '3', '3', '4');

-- --------------------------------------------------------

--
-- Estructura de tabla para la tabla `a_tmpCompetenciaCurso`
--

DROP TABLE IF EXISTS `a_tmpCompetenciaCurso`;
CREATE TABLE IF NOT EXISTS `a_tmpCompetenciaCurso` (
  `id` int(11) NOT NULL,
  `persona` varchar(255) CHARACTER SET utf8mb4 COLLATE utf8mb4_unicode_ci NOT NULL DEFAULT '',
  `cargo` varchar(200) CHARACTER SET utf8mb4 COLLATE utf8mb4_unicode_ci NOT NULL DEFAULT '',
  `ST-002` varchar(111) CHARACTER SET utf8 DEFAULT NULL,
  `ST-014` varchar(111) CHARACTER SET utf8 DEFAULT NULL,
  `ST-008` varchar(111) CHARACTER SET utf8 DEFAULT NULL,
  `ST-007` varchar(111) CHARACTER SET utf8 DEFAULT NULL,
  `ST-009` varchar(111) CHARACTER SET utf8 DEFAULT NULL,
  `ST-011` varchar(111) CHARACTER SET utf8 DEFAULT NULL,
  `ST-010` varchar(111) CHARACTER SET utf8 DEFAULT NULL
) ENGINE=InnoDB AUTO_INCREMENT=70 DEFAULT CHARSET=latin1;

--
-- Volcado de datos para la tabla `a_tmpCompetenciaCurso`
--

INSERT INTO `a_tmpCompetenciaCurso` (`id`, `persona`, `cargo`, `ST-002`, `ST-014`, `ST-008`, `ST-007`, `ST-009`, `ST-011`, `ST-010`) VALUES
(2, 'Alejandro Espinoza', 'Ejecutiva(o) de Cuenta Importaciones Especialista', '2', '2', '2', '2', '1', '1', '1'),
(4, 'Alex Olivo', 'Ejecutiva(o) de Cuenta Importaciones Senior', '2', '2', '2', '2', '2', '3', '2'),
(5, 'Angelica Orellana Van Schuerbeck', 'Ejecutiva(o) de Cuenta Importaciones Especialista', '1', '1', '2', '1', '2', '2', '1'),
(6, 'Angie Valdenegro', 'Ejecutiva(o) de Cuenta Importaciones Especialista', '1', '1', '2', '1', '2', '2', '1'),
(7, 'Arelis Riffo', 'Ejecutiva(o) de Cuenta Importaciones Especialista', '3', '3', '3', '3', '3', '3', '2'),
(8, 'Bernarda Aguilera Montes', 'Ejecutiva(o) de Cuenta Importaciones Especialista', '2', '2', '2', '1', '2', '2', '1'),
(9, 'Bernardita berrios', 'Ejecutiva(o) de Cuenta Importaciones Especialista', '3', '3', '3', '3', '3', '3', '2'),
(10, 'Camila Araya Cepeda', 'Ejecutiva(o) de Cuenta Importaciones Especialista', '2', '2', '2', '1', '2', '2', '1'),
(11, 'Carla Vidal Pinto', 'Ejecutiva(o) de Cuenta Importaciones Especialista', '2', '2', '2', '2', '2', '2', '1'),
(12, 'Carolina Diaz Mendez', 'Ejecutiva(o) de Cuenta Importaciones Especialista', '2', '2', '2', '1', '2', '2', '1'),
(13, 'Catherine Perez', 'Ejecutiva(o) de Cuenta Importaciones Especialista', '1', '1', '2', '1', '2', '1', '1'),
(14, 'Cecilia Ahumada', 'Ejecutiva(o) de Cuenta Importaciones Especialista', '2', '2', '2', '2', '2', '2', '2'),
(15, 'Cecilia Concha Gomez', 'Ejecutiva(o) de Cuenta Importaciones Senior', '2', '3', '3', '3', '2', '3', '3'),
(16, 'Cecilia Rivas Perez', 'Ejecutiva(o) de Cuenta Importaciones Junior', '1', '1', '1', '1', '1', '1', '1'),
(17, 'Cesar Valenzuela Hernandez', 'Ejecutiva(o) de Cuenta Importaciones Junior', '1', '1', '1', '1', '1', '1', '1'),
(18, 'Clara Tamayo Suazo', 'Ejecutiva(o) de Cuenta Importaciones Senior', '3', '3', '3', '3', '3', '3', '1'),
(19, 'Claudio Zapata', 'Ejecutiva(o) de Cuenta Importaciones Especialista', '2', '3', '2', '2', '2', '2', '2'),
(20, 'Cristian Morales Venegas', 'Ejecutiva(o) de Cuenta Importaciones Junior', '2', '2', '2', '1', '2', '2', '1'),
(21, 'Cristobal Sepulveda Cabello', 'Ejecutiva(o) de Cuenta Importaciones Junior', '1', '1', '1', '1', '1', '2', '1'),
(22, 'Cynthia Illanes', 'Ejecutiva(o) de Cuenta Importaciones Especialista', '2', '2', '2', '2', '2', '2', '2'),
(23, 'Damaris Balcazar', 'Ejecutiva(o) de Cuenta Importaciones Junior', '2', '2', '2', '1', '2', '2', '2'),
(24, 'Dexsy Palomino Jaures', 'Ejecutiva(o) de Cuenta Importaciones Junior', '2', '2', '1', '1', '2', '2', '1'),
(25, 'Doris Olivares', 'Ejecutiva(o) de Cuenta Importaciones Especialista', '2', '2', '2', '2', '2', '2', '1'),
(26, 'Eduardo Aravena', 'Ejecutiva(o) de Cuenta Importaciones Especialista', '2', '2', '2', '1', '2', '2', '2'),
(27, 'Elizabeth Poblete', 'Ejecutiva(o) de Cuenta Importaciones Especialista', '3', '3', '3', '3', '3', '3', '3'),
(28, 'Emilia Barahona Torres', 'Ejecutiva(o) de Cuenta Importaciones Especialista', '2', '2', '1', '1', '2', '2', '1'),
(29, 'Fernando Morales', 'Ejecutiva(o) de Cuenta Importaciones Junior', '1', '1', '1', '1', '1', '1', '1'),
(30, 'Francisca Courten', 'Ejecutiva(o) de Cuenta Importaciones Especialista', '1', '1', '1', '1', '1', '1', '1'),
(31, 'Gabriel Perez', 'Ejecutiva(o) de Cuenta Importaciones Especialista', '3', '3', '3', '3', '3', '3', '3'),
(32, 'Gabriela Serrano Fernandez', 'Ejecutiva(o) de Cuenta Importaciones Especialista', '1', '1', '2', '1', '2', '1', '2'),
(33, 'Gissella Fuentes', 'Ejecutiva(o) de Cuenta Importaciones Especialista', '2', '2', '2', '2', '2', '2', '2'),
(34, 'Ingrid Silva Perez', 'Ejecutiva(o) de Cuenta Importaciones Junior', '1', '1', '1', '1', '1', '1', '1'),
(35, 'Javier Rodriguez', 'Ejecutiva(o) de Cuenta Importaciones Especialista', '2', '2', '2', '2', '2', '2', '2'),
(36, 'Jean Paul Bretti', 'Ejecutiva(o) de Cuenta Importaciones Especialista', '2', '3', '2', '1', '2', '2', '2'),
(37, 'Jocelin San Martin', 'Ejecutiva(o) de Cuenta Importaciones Senior', '2', '2', '2', '2', '2', '2', '1'),
(38, 'Jocelyn Zurita', 'Ejecutiva(o) de Cuenta Importaciones Especialista', '2', '2', '2', '2', '2', '2', '2'),
(39, 'Jonathan Ibacahe', 'Ejecutiva(o) de Cuenta Importaciones Especialista', '2', '2', '2', '2', '2', '2', '2'),
(40, 'Karen Cortes', 'Ejecutiva(o) de Cuenta Importaciones Especialista', '2', '2', '2', '2', '2', '2', '1'),
(41, 'Katherine Montenegro Gauthier', 'Ejecutiva(o) de Cuenta Importaciones Especialista', '1', '1', '1', '1', '1', '2', '1'),
(42, 'Katherine Undurraga', 'Ejecutiva(o) de Cuenta Importaciones Especialista', '2', '2', '2', '2', '2', '2', '1'),
(43, 'Leonardo Botero', 'Ejecutiva(o) de Cuenta Importaciones Especialista', '2', '2', '2', '2', '2', '2', '2'),
(44, 'Lidia Guzman', 'Ejecutiva(o) de Cuenta Importaciones Especialista', '2', '2', '2', '1', '1', '2', '1'),
(45, 'Loreto Zamorano', 'Ejecutiva(o) de Cuenta Importaciones Especialista', '2', '2', '2', '2', '2', '2', '2'),
(46, 'Magaly Bugueño', 'Ejecutiva(o) de Cuenta Importaciones Senior', '3', '3', '3', '2', '3', '3', '2'),
(47, 'Marcela Cornejo', 'Ejecutiva(o) de Cuenta Importaciones Senior', '2', '2', '2', '2', '2', '2', '2'),
(48, 'Margarita Castro', 'Ejecutiva(o) de Cuenta Importaciones Especialista', '2', '2', '2', '2', '2', '2', '2'),
(49, 'Maria Jose Pizarro Rivas', 'Ejecutiva(o) de Cuenta Importaciones Senior', '3', '3', '3', '3', '3', '3', '3'),
(50, 'Mario Pino', 'Ejecutiva(o) de Cuenta Importaciones Especialista', '2', '2', '2', '2', '2', '2', '1'),
(51, 'Mauricio Picon', 'Ejecutiva(o) de Cuenta Importaciones Especialista', '2', '2', '2', '2', '2', '2', '2'),
(52, 'Mauricio Vargas', 'Ejecutiva(o) de Cuenta Importaciones Especialista', '2', '2', '3', '2', '3', '3', '2'),
(53, 'Nelson Soto Herrera', 'Ejecutiva(o) de Cuenta Importaciones Especialista', '1', '1', '1', '1', '2', '2', '1'),
(54, 'Odette Lopez Aragon', 'Ejecutiva(o) de Cuenta Importaciones Senior', '2', '2', '2', '2', '2', '2', '2'),
(55, 'Olga Vergara', 'Ejecutiva(o) de Cuenta Importaciones Especialista', '2', '2', '2', '2', '2', '2', '1'),
(56, 'Paola Torres', 'Ejecutiva(o) de Cuenta Importaciones Especialista', '2', '2', '3', '2', '3', '2', '2'),
(57, 'Priscilla Undurraga', 'Ejecutiva(o) de Cuenta Importaciones Especialista', '2', '2', '3', '2', '2', '3', '2'),
(58, 'Richard Jerez', 'Ejecutiva(o) de Cuenta Importaciones Especialista', '2', '2', '2', '2', '2', '2', '1'),
(59, 'Roberto Carvajal', 'Ejecutiva(o) de Cuenta Importaciones Especialista', '2', '2', '2', '2', '2', '2', '2'),
(60, 'Rodrigo Jaime', 'Ejecutiva(o) de Cuenta Importaciones Especialista', '3', '3', '3', '3', '3', '3', '3'),
(61, 'Rosa Diaz Mendez', 'Ejecutiva(o) de Cuenta Importaciones Senior', '2', '2', '2', '2', '2', '2', '2'),
(62, 'Roxana Reyes Retamal', 'Ejecutiva(o) de Cuenta Importaciones Especialista', '1', '1', '2', '1', '2', '2', '1'),
(63, 'Stephanie Vargas', 'Ejecutiva(o) de Cuenta Importaciones Especialista', '2', '2', '2', '1', '2', '2', '1'),
(64, 'Teresa Soto Herrera', 'Ejecutiva(o) de Cuenta Importaciones Especialista', '2', '2', '2', '2', '2', '2', '1'),
(65, 'Veronica Cofre Olivares', 'Ejecutiva(o) de Cuenta Importaciones Senior', '2', '3', '3', '3', '3', '3', '1'),
(66, 'Viviana Zuñiga Acosta', 'Ejecutiva(o) de Cuenta Importaciones Especialista', '1', '1', '2', '1', '2', '1', '1'),
(67, 'Ximena Espina', 'Ejecutiva(o) de Cuenta Importaciones Especialista', '2', '2', '1', '1', '2', '2', '1'),
(68, 'Yessenia Palavecinos', 'Ejecutiva(o) de Cuenta Importaciones Especialista', '2', '2', '2', '1', '2', '2', '2'),
(69, 'Yubitza Huala Duran', 'Ejecutiva(o) de Cuenta Importaciones Especialista', '3', '3', '2', '2', '2', '2', '2');

-- --------------------------------------------------------

--
-- Estructura de tabla para la tabla `a_tmpConocimientoCurso`
--

DROP TABLE IF EXISTS `a_tmpConocimientoCurso`;
CREATE TABLE IF NOT EXISTS `a_tmpConocimientoCurso` (
  `space(255)` varchar(255) CHARACTER SET utf8mb4 COLLATE utf8mb4_unicode_ci NOT NULL DEFAULT '',
  `ST-003` varchar(111) CHARACTER SET utf8 DEFAULT NULL,
  `ST-013` varchar(111) CHARACTER SET utf8 DEFAULT NULL,
  `ST-017` varchar(111) CHARACTER SET utf8 DEFAULT NULL,
  `ST-016` varchar(111) CHARACTER SET utf8 DEFAULT NULL,
  `ST-012` varchar(111) CHARACTER SET utf8 DEFAULT NULL,
  `ST-005` varchar(111) CHARACTER SET utf8 DEFAULT NULL,
  `ST-004` varchar(111) CHARACTER SET utf8 DEFAULT NULL,
  `ST-015` varchar(111) CHARACTER SET utf8 DEFAULT NULL,
  `ST-006` varchar(111) CHARACTER SET utf8 DEFAULT NULL,
  `ST-007` varchar(111) CHARACTER SET utf8 DEFAULT NULL
) ENGINE=InnoDB DEFAULT CHARSET=latin1;

--
-- Volcado de datos para la tabla `a_tmpConocimientoCurso`
--

INSERT INTO `a_tmpConocimientoCurso` (`space(255)`, `ST-003`, `ST-013`, `ST-017`, `ST-016`, `ST-012`, `ST-005`, `ST-004`, `ST-015`, `ST-006`, `ST-007`) VALUES
('                                                                                                                                                                                                                                                               ', 'ST-003-Comercio Exterior nivel intermedio', 'ST-013-Contabilidad Basica', 'ST-017-Certificados de origen', 'ST-016-Seguros de transporte', 'ST-012-Manejo y uso de herramietnas de excel en el trabajo administrativo', 'ST-005-Ingles tecnico comercio exterior', 'ST-004-Manejo de sistema logistico integral SLI Nivel 1', 'ST-015-Sistemas Externos', 'ST-006-Calidad ISO', 'ST-007-Atencion de clientes'),
('Alejandro Espinoza', '2', '1', '2', '2', '2', '1', '2', '1', '1', '2'),
('Alex Mellado', '2', '1', '1', '1', '3', '1', '1', '1', '2', '1'),
('Alex Olivo', '2', '2', '2', '1', '3', '3', '2', '2', '2', '3'),
('Angelica Orellana Van Schuerbeck', '2', '1', '2', '2', '1', '1', '2', '2', '2', '2'),
('Angie Valdenegro', '2', '1', '1', '1', '1', '1', '2', '1', '1', '2'),
('Arelis Riffo', '2', '1', '2', '2', '1', '1', '2', '1', '2', '2'),
('Bernarda Aguilera Montes', '2', '1', '1', '1', '1', '1', '1', '1', '2', '1'),
('Bernardita berrios', '2', '2', '1', '1', '2', '1', '2', '1', '1', '2'),
('Camila Araya Cepeda', '2', '1', '1', '1', '2', '2', '2', '2', '1', '2'),
('Carla Vidal Pinto', '3', '1', '2', '1', '2', '2', '2', '1', '1', '2'),
('Carolina Diaz Mendez', '2', '1', '1', '2', '1', '1', '1', '1', '2', '2'),
('Catherine Perez', '2', '1', '2', '1', '2', '2', '2', '1', '1', '2'),
('Cecilia Ahumada', '2', '2', '2', '2', '2', '2', '3', '1', '2', '3'),
('Cecilia Concha Gomez', '3', '3', '3', '3', '3', '3', '3', '3', '3', '3'),
('Cecilia Rivas Perez', '2', '1', '1', '1', '1', '1', '1', '1', '1', '1'),
('Cesar Valenzuela Hernandez', '1', '1', '1', '1', '1', '1', '1', '1', '1', '1'),
('Clara Tamayo Suazo', '2', '2', '2', '2', '1', '1', '2', '1', '2', '2'),
('Claudio Zapata', '2', '2', '2', '2', '2', '2', '2', '2', '1', '2'),
('Cristian Morales Venegas', '2', '2', '1', '1', '2', '1', '1', '2', '1', '1'),
('Cristobal Sepulveda Cabello', '2', '1', '1', '1', '1', '1', '1', '1', '1', '1'),
('Cynthia Illanes', '2', '2', '1', '1', '2', '1', '1', '1', '1', '1'),
('Damaris Balcazar', '2', '1', '1', '1', '1', '1', '1', '1', '1', '2'),
('Dexsy Palomino Jaures', '2', '1', '1', '1', '2', '2', '1', '1', '1', '1'),
('Doris Olivares', '2', '2', '2', '2', '1', '1', '2', '2', '1', '2'),
('Eduardo Aravena', '2', '1', '2', '1', '3', '2', '1', '2', '1', '3'),
('Elizabeth Poblete', '2', '2', '2', '1', '3', '2', '2', '1', '1', '2'),
('Emilia Barahona Torres', '2', '1', '1', '1', '1', '1', '1', '1', '2', '1'),
('Fernando Morales', '1', '1', '1', '1', '1', '1', '1', '1', '1', '1'),
('Francisca Courten', '3', '1', '2', '2', '2', '3', '3', '1', '2', '3'),
('Gabriel Perez', '2', '2', '2', '2', '2', '1', '2', '2', '2', '2'),
('Gabriela Serrano Fernandez', '2', '1', '2', '2', '2', '2', '1', '2', '2', '2'),
('Gissella Fuentes', '2', '1', '1', '1', '1', '1', '2', '1', '2', '2'),
('Ingrid Silva Perez', '1', '1', '1', '1', '1', '1', '1', '1', '1', '1'),
('Javier Rodriguez', '2', '1', '2', '2', '3', '2', '2', '1', '1', '3'),
('Jean Paul Bretti', '2', '1', '1', '1', '3', '3', '2', '1', '1', '3'),
('Jocelin San Martin', '2', '2', '2', '1', '2', '2', '2', '1', '2', '2'),
('Jocelyn Zurita', '2', '1', '2', '1', '1', '2', '2', '1', '2', '2'),
('Jonathan Ibacahe', '3', '1', '2', '1', '2', '2', '2', '1', '1', '3'),
('Karen Cortes', '2', '1', '1', '1', '1', '2', '2', '1', '2', '2'),
('Katherine Montenegro Gauthier', '2', '1', '1', '1', '2', '1', '2', '1', '2', '1'),
('Katherine Undurraga', '2', '2', '1', '2', '1', '1', '2', '2', '1', '2'),
('Leonardo Botero', '2', '1', '1', '1', '2', '1', '1', '1', '1', '1'),
('Lidia Guzman', '2', '1', '2', '1', '2', '2', '1', '1', '1', '2'),
('Loreto Zamorano', '2', '1', '1', '1', '2', '1', '2', '1', '2', '2'),
('Magaly Bugueño', '3', '2', '3', '3', '1', '1', '3', '3', '3', '3'),
('Marcela Cornejo', '2', '2', '1', '1', '1', '2', '2', '1', '2', '2'),
('Margarita Castro', '2', '1', '1', '1', '2', '1', '1', '1', '1', '2'),
('Maria Jose Pizarro Rivas', '2', '2', '1', '1', '1', '1', '2', '1', '2', '2'),
('Mario Pino', '2', '2', '2', '2', '2', '2', '2', '2', '1', '2'),
('Mauricio Picon', '2', '1', '2', '2', '3', '3', '2', '1', '1', '3'),
('Mauricio Vargas', '2', '2', '2', '2', '2', '2', '2', '2', '1', '2'),
('Nelson Soto Herrera', '2', '1', '1', '1', '2', '1', '1', '1', '2', '1'),
('Odette Lopez Aragon', '2', '2', '2', '1', '2', '1', '2', '1', '2', '2'),
('Olga Vergara', '2', '1', '2', '1', '2', '2', '1', '2', '1', '3'),
('Paola Torres', '2', '2', '2', '2', '1', '1', '2', '1', '2', '2'),
('Priscilla Undurraga', '2', '2', '1', '2', '1', '1', '2', '2', '1', '2'),
('Richard Jerez', '1', '1', '1', '1', '1', '1', '2', '1', '1', '2'),
('Roberto Carvajal', '2', '2', '1', '2', '2', '2', '2', '2', '1', '2'),
('Rodrigo Jaime', '2', '1', '1', '2', '2', '1', '2', '1', '1', '2'),
('Rosa Diaz Mendez', '2', '1', '1', '1', '1', '1', '2', '1', '2', '2'),
('Roxana Reyes Retamal', '2', '2', '1', '2', '1', '1', '2', '2', '2', '2'),
('Stephanie Vargas', '2', '1', '1', '1', '1', '1', '1', '1', '2', '1'),
('Teresa Soto Herrera', '2', '1', '2', '1', '1', '1', '1', '1', '2', '2'),
('Veronica Cofre Olivares', '3', '2', '2', '2', '2', '2', '2', '2', '2', '3'),
('Viviana Zuñiga Acosta', '2', '1', '1', '1', '1', '1', '1', '1', '2', '2'),
('Ximena Espina', '3', '1', '1', '1', '2', '2', '2', '1', '2', '3'),
('Yessenia Palavecinos', '2', '1', '1', '1', '3', '3', '2', '2', '1', '3'),
('Yubitza Huala Duran', '2', '1', '1', '1', '2', '1', '2', '1', '2', '1');

-- --------------------------------------------------------

--
-- Estructura de tabla para la tabla `b_competenciaResultadoCargo`
--

DROP TABLE IF EXISTS `b_competenciaResultadoCargo`;
CREATE TABLE IF NOT EXISTS `b_competenciaResultadoCargo` (
  `perfilNombre` varchar(255) DEFAULT NULL,
  `Visión del Proceso` varchar(26) CHARACTER SET utf8mb4 COLLATE utf8mb4_unicode_ci DEFAULT NULL,
  `Orientación al Detalle` varchar(26) CHARACTER SET utf8mb4 COLLATE utf8mb4_unicode_ci DEFAULT NULL,
  `Orientación al Cliente` varchar(26) CHARACTER SET utf8mb4 COLLATE utf8mb4_unicode_ci DEFAULT NULL,
  `Trabajo Bajo Presión` varchar(26) CHARACTER SET utf8mb4 COLLATE utf8mb4_unicode_ci DEFAULT NULL,
  `Manejo Relacional (Empatia y Tolerancia)` varchar(26) CHARACTER SET utf8mb4 COLLATE utf8mb4_unicode_ci DEFAULT NULL,
  `Colaboración en Redes` varchar(26) CHARACTER SET utf8mb4 COLLATE utf8mb4_unicode_ci DEFAULT NULL,
  `Enfoque a Resultados` varchar(26) CHARACTER SET utf8mb4 COLLATE utf8mb4_unicode_ci DEFAULT NULL,
  `Autonomía y Adaptabilidad` varchar(26) CHARACTER SET utf8mb4 COLLATE utf8mb4_unicode_ci DEFAULT NULL,
  `Comunicación Efectiva` varchar(26) CHARACTER SET utf8mb4 COLLATE utf8mb4_unicode_ci DEFAULT NULL
) ENGINE=InnoDB DEFAULT CHARSET=latin1;

--
-- Volcado de datos para la tabla `b_competenciaResultadoCargo`
--

INSERT INTO `b_competenciaResultadoCargo` (`perfilNombre`, `Visión del Proceso`, `Orientación al Detalle`, `Orientación al Cliente`, `Trabajo Bajo Presión`, `Manejo Relacional (Empatia y Tolerancia)`, `Colaboración en Redes`, `Enfoque a Resultados`, `Autonomía y Adaptabilidad`, `Comunicación Efectiva`) VALUES
('Ejecutiva(o) de Cuenta Importaciones Especialista', '3.094736842105263', '2.7894736842105314', '2.8684210526315788', '2.811403512954712', '2.968421052631579', '2.8947368370859246', '2.929824557220725', '2.9385964912280738', '2.8421052631578947'),
('Ejecutiva(o) de Cuenta Importaciones Junior', '2.066666666666667', '1.7777777777777999', '1.6666666666666667', '1.5833333333333333', '2.2', '1.9333333333333333', '2', '2.3333333333333335', '2'),
('Ejecutiva(o) de Cuenta Importaciones Senior', '3.3', '3', '3.125', '3.25', '3', '3.2', '3.33333333333335', '3.16666666666665', '3.125');

-- --------------------------------------------------------

--
-- Estructura de tabla para la tabla `b_conocimientoResultadoCargo`
--

DROP TABLE IF EXISTS `b_conocimientoResultadoCargo`;
CREATE TABLE IF NOT EXISTS `b_conocimientoResultadoCargo` (
  `perfilNombre` varchar(255) DEFAULT NULL,
  `Normativa Aduanera` varchar(26) CHARACTER SET utf8mb4 COLLATE utf8mb4_unicode_ci DEFAULT NULL,
  `Políticas de funcionamiento de las agencia de aduana` varchar(26) CHARACTER SET utf8mb4 COLLATE utf8mb4_unicode_ci DEFAULT NULL,
  `Marco legal del funcionamiento de las agencias de aduana` varchar(26) CHARACTER SET utf8mb4 COLLATE utf8mb4_unicode_ci DEFAULT NULL,
  `Conocimiento del proceso de Importación` varchar(26) CHARACTER SET utf8mb4 COLLATE utf8mb4_unicode_ci DEFAULT NULL,
  `Conocimientos administrativos y contables` varchar(26) CHARACTER SET utf8mb4 COLLATE utf8mb4_unicode_ci DEFAULT NULL,
  `Conocimientos tratados de libre comercio` varchar(26) CHARACTER SET utf8mb4 COLLATE utf8mb4_unicode_ci DEFAULT NULL,
  `Seguros de transporte y vistos buenos` varchar(26) CHARACTER SET utf8mb4 COLLATE utf8mb4_unicode_ci DEFAULT NULL,
  `Planilla o hojas de calculo` varchar(26) CHARACTER SET utf8mb4 COLLATE utf8mb4_unicode_ci DEFAULT NULL,
  `Ingles técnico aduanero` varchar(26) CHARACTER SET utf8mb4 COLLATE utf8mb4_unicode_ci DEFAULT NULL,
  `Manejo y conocimiento del SLI` varchar(26) CHARACTER SET utf8mb4 COLLATE utf8mb4_unicode_ci DEFAULT NULL,
  `Sistemas externos de apoyo al proceso` varchar(26) CHARACTER SET utf8mb4 COLLATE utf8mb4_unicode_ci DEFAULT NULL,
  `Conocimientos de ISO 9001` varchar(26) CHARACTER SET utf8mb4 COLLATE utf8mb4_unicode_ci DEFAULT NULL,
  `Conocimientos asociados al ámbito comercial del cliente` varchar(26) CHARACTER SET utf8mb4 COLLATE utf8mb4_unicode_ci DEFAULT NULL
) ENGINE=InnoDB DEFAULT CHARSET=latin1;

--
-- Volcado de datos para la tabla `b_conocimientoResultadoCargo`
--

INSERT INTO `b_conocimientoResultadoCargo` (`perfilNombre`, `Normativa Aduanera`, `Políticas de funcionamiento de las agencia de aduana`, `Marco legal del funcionamiento de las agencias de aduana`, `Conocimiento del proceso de Importación`, `Conocimientos administrativos y contables`, `Conocimientos tratados de libre comercio`, `Seguros de transporte y vistos buenos`, `Planilla o hojas de calculo`, `Ingles técnico aduanero`, `Manejo y conocimiento del SLI`, `Sistemas externos de apoyo al proceso`, `Conocimientos de ISO 9001`, `Conocimientos asociados al ámbito comercial del cliente`) VALUES
('Ejecutiva(o) de Cuenta Importaciones Especialista', '2.9157894736842103', '3.1052631578947367', '2.1052631578947367', '2.8868421052631574', '2.4561403508771895', '2.6052631578947367', '2.578947368421058', '3.210526315789474', '2.888888888888889', '2.9298245614035103', '2.3684210526315788', '2.6929824561403475', '3.3157894736842106'),
('Ejecutiva(o) de Cuenta Importaciones Junior', '2.066666666666667', '2.3333333333333335', '1.6666666666666667', '2.016666666666667', '1.7777777777777668', '1.3333333333333333', '1.5555555555555667', '1.5', '1', '1.8888888888888669', '1.4444444444444666', '1.7222222222222332', '1.3333333333333333'),
('Ejecutiva(o) de Cuenta Importaciones Senior', '3.2', '3', '2.5', '3.2', '3', '3.25', '2.6666666666667', '3.5', '3.5', '3', '2.83333333333335', '3', '3.5');

-- --------------------------------------------------------

--
-- Estructura de tabla para la tabla `clasificacion`
--

DROP TABLE IF EXISTS `clasificacion`;
CREATE TABLE IF NOT EXISTS `clasificacion` (
  `id` int(11) NOT NULL,
  `clasificacionNombre` varchar(10) DEFAULT NULL
) ENGINE=InnoDB AUTO_INCREMENT=4 DEFAULT CHARSET=latin1;

--
-- Volcado de datos para la tabla `clasificacion`
--

INSERT INTO `clasificacion` (`id`, `clasificacionNombre`) VALUES
(1, 'FORMACION'),
(2, 'DESARROLLO'),
(3, 'LOGRADO');

-- --------------------------------------------------------

--
-- Estructura de tabla para la tabla `cliente`
--

DROP TABLE IF EXISTS `cliente`;
CREATE TABLE IF NOT EXISTS `cliente` (
  `id` int(11) NOT NULL,
  `empresa_id` int(11) DEFAULT NULL,
  `clienteRut` varchar(10) DEFAULT NULL,
  `clienteRazonSocial` varchar(255) DEFAULT NULL,
  `clienteGiro` varchar(255) DEFAULT NULL,
  `clienteDireccion` text
) ENGINE=InnoDB AUTO_INCREMENT=3 DEFAULT CHARSET=latin1;

--
-- Volcado de datos para la tabla `cliente`
--

INSERT INTO `cliente` (`id`, `empresa_id`, `clienteRut`, `clienteRazonSocial`, `clienteGiro`, `clienteDireccion`) VALUES
(1, 1, '2-7', 'testo', 'testo', 'testo'),
(2, 1, '76091946-2', 'Aporta Ltda', 'giro', 'Av.');

-- --------------------------------------------------------

--
-- Estructura de tabla para la tabla `clientecompetencia`
--

DROP TABLE IF EXISTS `clientecompetencia`;
CREATE TABLE IF NOT EXISTS `clientecompetencia` (
  `id` int(11) NOT NULL,
  `empresa_id` int(11) DEFAULT NULL,
  `cliente_id` int(11) DEFAULT NULL,
  `clienteCompetenciaCodigo` varchar(10) DEFAULT NULL,
  `clienteCompetenciaNombre` varchar(255) DEFAULT NULL,
  `clienteCompetenciaDefinicion` text
) ENGINE=InnoDB DEFAULT CHARSET=latin1;

-- --------------------------------------------------------

--
-- Estructura de tabla para la tabla `clienteconocimiento`
--

DROP TABLE IF EXISTS `clienteconocimiento`;
CREATE TABLE IF NOT EXISTS `clienteconocimiento` (
  `id` int(11) NOT NULL,
  `empresa_id` int(11) DEFAULT NULL,
  `cliente_id` int(11) DEFAULT NULL,
  `clienteConocimientoCodigo` varchar(10) DEFAULT NULL,
  `clienteConocimientoNombre` varchar(255) DEFAULT NULL,
  `clienteConocimientoDefinicion` text
) ENGINE=InnoDB DEFAULT CHARSET=latin1;

-- --------------------------------------------------------

--
-- Estructura de tabla para la tabla `clienteperfil`
--

DROP TABLE IF EXISTS `clienteperfil`;
CREATE TABLE IF NOT EXISTS `clienteperfil` (
  `id` int(11) NOT NULL,
  `empresa_id` int(11) DEFAULT NULL,
  `cliente_id` int(11) DEFAULT NULL,
  `clientePerfilCodigo` varchar(10) DEFAULT NULL,
  `clientePerfilNombre` varchar(255) DEFAULT NULL,
  `clientePerfilDescripcion` text
) ENGINE=InnoDB DEFAULT CHARSET=latin1;

-- --------------------------------------------------------

--
-- Estructura de tabla para la tabla `competencia`
--

DROP TABLE IF EXISTS `competencia`;
CREATE TABLE IF NOT EXISTS `competencia` (
  `id` int(11) NOT NULL,
  `empresa_id` int(11) DEFAULT NULL,
  `competenciaCodigo` varchar(10) DEFAULT NULL,
  `competenciaNombre` varchar(255) DEFAULT NULL,
  `competenciaDefinicion` text
) ENGINE=InnoDB AUTO_INCREMENT=48 DEFAULT CHARSET=latin1;

--
-- Volcado de datos para la tabla `competencia`
--

INSERT INTO `competencia` (`id`, `empresa_id`, `competenciaCodigo`, `competenciaNombre`, `competenciaDefinicion`) VALUES
(1, 1, '99999', 'CAPACIDAD DE GESTION', 'Administrar eficazmente los recursos atendiendo a los costos, beneficios y calidad, para el cumplimiento de objetivos y la mejora de resultados de su área y la Universidad.'),
(2, 1, '002', 'COMUNICACION', 'Capacidad de transmitir mensajes frente a una audencia, expresando ideas, tanto en forma oral como escrita, de un modo claro, preciso y asertivo. Comprender la riqueza de las distintas opiniones y valorar el discurso con fundamento.'),
(4, 1, '003', 'COLABORACION EN REDES/TRABAJO EN EQUIPO', 'Establecer y mantener relaciones de trabajo con las personas de las distintas áreas, con alto grado de colaboración, respeto, confianza y toleracia en pos de la Organización.	'),
(6, 1, '004', 'EMPATIA', 'Capacidad de percibir los problemas, necesidades, preocupaciones y sentimientos de otros, demostrando comprensión e interés genuinos.'),
(7, 1, '005', 'VINCULACION CON EL MEDIO', 'Capacidad de conocer y administrar activamente el entorno con el cual se vincula, de manera de permanecer activo en la sociedad, creando y manteniendo relaciones interpersonales estratégicas de largo plazo con sus redes y posicionandose a sí mismo y a la organización. XXXX'),
(10, 1, '008', 'EMPRENDIMIENTO', 'Capacidad de mantenerse en constante búsqueda de oportunidades para crear soluciones, aceptando retos y enfrentándose a la incertidumbre. Implica idear soluciones nuevas y diferentes para resolver problemas o situaciones complejas, en un contexto cambiante. Supone confiar en si mismo y motivarse por los logros y las personas, conduciendo a otros y colaborando con ellos. Requiere la habilidad de encontrar apoyo entre quienes forma un equipo. Significa desarollar la habilidad para ser persistentes y resistentes al fracaso y enfrentar los retos de manera positiva, pero realista.'),
(11, 1, 'asdas', 'COMPETENCIA DE PRUEBA ii', 'iiiizzzzz'),
(13, 1, 'POPO', 'ADAPATACION AL CAMBIO', 'Capacidad  para ajustar su comportamiento a nuevas situaciones generadas por factores internos o externos a la organización.'),
(14, 1, '0O0O', 'ORIENTACION AL CLIENTE', 'Implica un deseo de ayudar o servir a los clientes, de comprender y satisfacer sus necesidades, aun\r\naquéllas no expresadas. Implica esforzarse por conocer y resolver los problemas del cliente, tanto del\r\ncliente final a quien van dirigidos los esfuerzos de la empresa como los clientes de los propios clientes\r\ny todos aquellos que cooperen en la relación empresa-cliente, como el personal ajeno a la\r\norganización. No se trata tanto de una conducta concreta frente a un cliente real como de una actitud\r\npermanente de contar con las necesidades del cliente para incorporar este conocimiento a la forma\r\nespecífica de planificar la actividad'),
(15, 1, NULL, 'ORIENTACION A LOS RESULTADOS', 'Es la capacidad de encaminar todos los actos al logro de lo esperado, actuando con velocidad y\r\nsentido de urgencia ante decisiones importantes necesarias para cumplir o superar a los competidores,\r\nlas necesidades del cliente o para mejorar la organización. Es capaz de administrar los procesos\r\nestablecidos para que no interfieran con la consecución de los resultados esperados. Es la tendencia al\r\nlogro de resultados, fijando metas desafiantes por encima de los estándares, mejorando y\r\nmanteniendo altos niveles de rendimiento, en el marco de las estrategias de la organización'),
(16, 1, NULL, 'CALIDAD DEL TRABAJO', 'Excelencia en el trabajo a realizar. Implica tener amplios conocimientos en los temas del área del cual\r\nse es responsable. Poseer la capacidad de comprender la esencia de los aspectos complejos para\r\ntransformarlos en soluciones prácticas y operables para la organización, tanto en su propio beneficio\r\ncomo en el de los clientes y otros involucrados. Poseer buena capacidad de discernimiento (juicio).\r\nCompartir el conocimiento profesional y la expertise. Basarse en los hechos y en la razón (equilibrio).\r\nDemostrar constantemente el interés de aprender.'),
(17, 1, NULL, 'COMPROMISIO', 'Sentir como propios los objetivos de la organización. Apoyar e instrumentar decisiones comprometido\r\npor completo con el logro de objetivos comunes. Prevenir y superar obstáculos que interfieren con el\r\nlogro de los objetivos del negocio. Controlar la puesta en marcha de las acciones acordadas. Cumplir\r\ncon sus compromisos, tanto los personales como los profesionales.'),
(18, 1, NULL, 'ANALISIS', 'Identificar y comprender temas, problemas, y oportunidades; comparando información de distintas fuentes para trazar conclusiones.'),
(19, 1, NULL, 'Accountability', 'Capacidad para responsabilizarse con la efectividad del quehacer cotidiano, comprometiéndose por entregar resultados de calidad y alta eficiencia, auto motivándose por el logro exitoso de objetivos y metas.'),
(20, 1, NULL, 'Actualización y aplicación de conocimientos técnicos/profesionales', 'Haber alcanzado un nivel satisfactorio de habilidades o conocimientos técnicos y profesionales en las áreas relacionadas con el puesto; mantenerse al día sobre los sucesos y las tendencias actuales en el área de competencia'),
(21, 1, NULL, 'Análisis y Solución de Problemas', 'Habilidad para analizar información, identificar asuntos claves y sus relaciones, relacionar y comparar datos de diferentes fuentes; identificando relaciones causa-efecto, desarrollando soluciones o planes de acción criteriosos, adecuados y oportunos, basados en suposiciones lógicas, y que tome en cuenta los recursos, las limitaciones y los valores de la organización.'),
(22, 1, NULL, 'Comunicación e Influencia', 'Expresar las ideas en forma eficaz e influyente, en situaciones individuales y grupales  a nivel oral y escrito, (incluyendo el uso adecuado de la comunicación no verbal); ajustar el lenguaje o la terminología a las características y las necesidades del público, entregando eficazmente el mensaje.'),
(23, 1, NULL, 'Conocimiento del  Mercado y la Industria', 'Capacidad para estar constantemente informado y alerta de los desarrollos políticos, sociales, tecnológicos y/o de mercado, la contingencia nacional e internacional, políticas, reglamentaciones o regulaciones, variables del mercado global, que puedan afectar o variar el escenario de acción y/o operación de la compañía usando este conocimiento en el trabajo en forma efectiva en el ámbito de su competencia.'),
(24, 1, NULL, 'Control y Seguimiento', 'Establecer procedimientos para controlar los resultados de las delegaciones, asignaciones o proyectos.'),
(25, 1, NULL, 'Desarrollar Alianzas / Crear Sociedades', 'Establecer relaciones estratégicas entre el área propia y las otras áreas, equipos, departamentos, unidades organizacionales o fuera de ella, a fin de facilitar el logro de los objetivos.'),
(26, 1, NULL, 'Empoderamiento', 'Brinda potestad a otros para el desarrollo de tareas y acciones, empoderándolos en la toma de decisiones, asunción de riesgos y responsabilidades, apoyando las decisiones tomadas y retroalimentando cuando los cursos de acción del empoderado no son 100% efectivos.'),
(27, 1, NULL, 'Liderazgo y Gestión de Personas', 'Capacidad para visualizar las necesidades de personal de la organización, en áreas, equipos y proyectos futuros, gestionando la conducción del equipo y el desarrollo de las personas, para asegurar el logro de los resultados y la ocupación efectiva de nuevas posiciones, en estricto alineamiento con los focos y estrategias del negocio de la organización.'),
(28, 1, NULL, 'Innovación', 'Generar y proponer soluciones novedosas para las situaciones de trabajo; intentar maneras diferentes, probar formas diferentes, originales y distintas a lo común o conocido, para hacer frente a los problemas y las oportunidades laborales.'),
(29, 1, NULL, 'Liderazgo de Influencia', 'Capacidad para utilizar estilos y métodos interpersonales apropiados para inspirar, comprometer y guiar a los individuos hacia la consecución de las metas; modificar el comportamiento frente a cambios y para adaptarse a las tareas, situaciones e individuos de que se trate.'),
(30, 1, NULL, 'Liderazgo Estratégico', 'Crear y llegar a un estado futuro deseado (la visión) mediante la influencia en los valores organizacionales, los objetivos individuales y de grupo, los refuerzos y los sistemas.'),
(31, 1, NULL, 'Liderazgo y Desarrollo del Equipo', 'Demostrar habilidad para movilizar, guiar y lograr el apoyo y la colaboración necesaria en la conquista de los objetivos trazados, al interior de grupos o equipos.'),
(32, 1, NULL, 'Manejo Político', 'Capacidad para navegar y manejar asertivamente las relaciones en distintos contextos y con distintas personas.'),
(33, 1, NULL, 'Orientación a la Excelencia', 'Poseer la capacidad de fijar objetivos ambiciosos o establecer normas elevadas de desempeño para uno mismo, las personas que le reportan directamente, otras personas con las que mantiene relación en la organización. Estar insatisfecho con el desempeño normal; autoimponerse normas de excelencia.'),
(35, 3, NULL, 'Visión del Proceso', 'Ejecutar sus actividades y funciones cumpliendo con los lineamientos, procedimientos y/o políticas organizacionales imperantes. Realizar su trabajo demostrando metodicidad y orden en las diferentes tareas o actividades de su gestión.'),
(36, 3, NULL, 'Orientación al Detalle', 'Realizar las tareas manifestando interés por todas las áreas afectadas, sin importar cuán pequeñas sean; mostrar interés por todos los aspectos del puesto; verificar con precisión los procesos y las tareas.'),
(37, 3, NULL, 'Conocimiento Técnico', 'Haber alcanzado un nivel satisfactorio de habilidades o conocimientos técnicos y profesionales en las áreas relacionadas con el puesto; mantenerse al día sobre los sucesos y las tendencias actuales en el área de competencia.'),
(38, 3, NULL, 'Orientación al Cliente', 'Poner en el centro del accionar al cliente dentro del contexto estratégico de la Agencia; anticipándose a sus necesidades, dando prioridad a la satisfacción de ellos, velando por atender eficientemente sus requerimientos en el tiempo.'),
(39, 3, NULL, 'Trabajo Bajo Presión', 'Mantener un desempeño estable bajo presión u oposición, tener la capacidad de conseguir los objetivos y metas planteadas, bajo condiciones apremiantes de tiempo o presión.'),
(41, 3, NULL, 'Manejo Relacional (Empatia y Tolerancia)', 'Capacidad para establecer y mantener relaciones caracterizadas por la colaboración, respeto, confianza y tolerancia a la diversidad.'),
(42, 3, NULL, 'Colaboración en Redes', 'Establecer y mantener efectivas relaciones de trabajo con personas de distintas áreas de la organización, con un alto grado de colaboración, respeto, confianza y tolerancia, en pos del resultado de la organización, reconociendo los roles desarrollados por cada uno.'),
(43, 3, NULL, 'Enfoque a Resultados', 'Poseer la capacidad para mantener la motivación, la proactividad y la  perseverancia en el trabajo, con la intención de lograr las metas y objetivos.'),
(44, 3, NULL, 'Autonomía y Adaptabilidad', 'Habilidad para reorientar el comportamiento a fin de mantener el nivel de eficiencia cuando cambian las prioridades, los lineamientos o estrategias, los escenarios laborales, cuando se está frente a nuevas tareas y cuando hay que tratar con individuos que tienen diferentes enfoques, culturas y puntos de vista; desempeñándose con eficacia en diversos entornos y situaciones.'),
(45, 3, NULL, 'Comunicación Efectiva', 'Expresar ideas y opiniones en un lenguaje comprensible, gramáticamente correcto, ya sea en forma oral, por escrito, corporal.  Estar alerta a la información significativa y a investigar más profundamente con preguntas dirigidas.'),
(47, 4, NULL, 'REALIZAR LA VENTA DE SERVICIO DE GAS NATURAL DE METROGAS Y PRODUCTOS ASOCIADOS', 'Es la capacidad de ejecutar el proceso de venta de gas natural de Metrogas de acuerdo a las políticas de la compañía, metas de venta y otros parámetros de productividad y calidad en el servicio, resguardando la imagen de la compañía ante los potenciales clientes.');

-- --------------------------------------------------------

--
-- Estructura de tabla para la tabla `conocimiento`
--

DROP TABLE IF EXISTS `conocimiento`;
CREATE TABLE IF NOT EXISTS `conocimiento` (
  `id` int(11) NOT NULL,
  `empresa_id` int(11) DEFAULT NULL,
  `conocimientoCodigo` varchar(10) DEFAULT NULL,
  `conocimientoNombre` varchar(255) DEFAULT NULL,
  `conocimientoDefinicion` text
) ENGINE=InnoDB AUTO_INCREMENT=28 DEFAULT CHARSET=latin1;

--
-- Volcado de datos para la tabla `conocimiento`
--

INSERT INTO `conocimiento` (`id`, `empresa_id`, `conocimientoCodigo`, `conocimientoNombre`, `conocimientoDefinicion`) VALUES
(1, 1, 'DBA', 'DISEÑO ARQUITECTONICO', 'nueva definicion'),
(2, 1, 'DBA', 'MODELAMIENTO DE BASE DE DATOS', 'YYYY ZZZ ZZZ'),
(3, 1, 'SYM', 'PROGRAMACION SYMFONY', 'SKSKSKSK'),
(5, 1, NULL, 'INGLES COMERCIO EXTERIOR', 'A NIVEL DE ASPECTOS TECNICOS DEL COMERCIO EXTERIOR'),
(6, 1, NULL, 'Manejo de SLI  (Sistema de logística Integral)', 'XXXXX'),
(7, 1, NULL, 'Compresión e interpretación de documentos aduaneros de importación y exportación', 'XXX'),
(8, 3, NULL, 'Normativa Aduanera', NULL),
(9, 3, NULL, 'Políticas de funcionamiento de las agencia de aduana', NULL),
(10, 3, NULL, 'Marco legal del funcionamiento de las agencias de aduana', NULL),
(11, 3, NULL, 'Conocimiento del proceso de Importación', NULL),
(12, NULL, NULL, 'Compresión e interpretación de documentos aduaneros de importación', NULL),
(13, 3, NULL, 'Conocimientos administrativos y contables', NULL),
(14, 3, NULL, 'Conocimientos tratados de libre comercio', NULL),
(15, 3, NULL, 'Seguros de transporte y vistos buenos', NULL),
(16, NULL, NULL, 'Certificados de origen', NULL),
(17, 3, NULL, 'Planilla o hojas de calculo', NULL),
(18, 3, NULL, 'Ingles técnico aduanero', NULL),
(19, 3, NULL, 'Manejo y conocimiento del SLI', NULL),
(20, 3, NULL, 'Sistemas externos de apoyo al proceso', NULL),
(21, 3, NULL, 'Conocimientos de ISO 9001', NULL),
(22, 3, NULL, 'Conocimientos asociados al ámbito comercial del cliente', NULL),
(23, 4, NULL, 'Orientación al cliente interno y externo', 'Capacidad para actuar con sensibilidad ante las necesidades de un cliente y/o conjunto de clientes, actuales o potenciales, externos o internos, que se pueda/n presentar en la actualidad o en el futuro.'),
(24, 4, NULL, 'Impacto e influencia', 'Es el deseo de producir un impacto o efecto determinado sobre los demás, persuadirlos, convencerlos, influir en ellos o impresionar con el fin de lograr que ejecuten determinadas acciones.'),
(25, 4, NULL, 'Comunicación Eficaz', 'Capacidad para escuchar y entender al otro, para transmitir en forma clara y oportuna la información requerida por los demás a fin de alcanzar los objetivos propuestos.'),
(26, 4, NULL, 'Iniciativa - Autonomía', 'Capacidad para actuar proactivamente, idear e implementar soluciones a nuevas problemáticas y/o retos, con decisión e independencia de criterio. Implica capacidad para responder con rapidez, eficacia y eficiencia ante nuevos requerimientos.'),
(27, 4, NULL, 'Negociación', 'Habilidad para crear un ambiente propicio para la colaboración y lograr compromisos duraderos que fortalezcan la relación. Capacidad para dirigir o controlar una discusión utilizando técnicas ganar-ganar planificando alternativas para negociar los mejores acuerdos. Se centra en el problema y no en la persona.');

-- --------------------------------------------------------

--
-- Estructura de tabla para la tabla `criterio`
--

DROP TABLE IF EXISTS `criterio`;
CREATE TABLE IF NOT EXISTS `criterio` (
  `id` int(11) NOT NULL,
  `actividadClave_id` int(11) NOT NULL,
  `criterioDescripcion` varchar(255) NOT NULL
) ENGINE=InnoDB AUTO_INCREMENT=23 DEFAULT CHARSET=utf8;

--
-- Volcado de datos para la tabla `criterio`
--

INSERT INTO `criterio` (`id`, `actividadClave_id`, `criterioDescripcion`) VALUES
(1, 1, 'primer criterio'),
(2, 177, 'Identifica la ruta semanal en Tablet (es variable según cumplimiento diario) entregada por empresa mandante METROGAS.'),
(3, 177, '1.2	Identifica la ruta semanal en Tablet (es variable según cumplimiento diario) entregada por empresa mandante METROGAS.'),
(4, 177, '1.3	Planifica la ruta diaria según asignación de cartera en Tablet, siguiendo un orden lógico o secuencial de las viviendas a visitar por cada zona.'),
(5, 177, '1.4	Ejecutar ruta diaria procurando los cumplimientos de metas diarias o semanales según necesidad de la empresa mandante METROGAS.'),
(6, 178, '2.1	Se presenta ante el cliente indicando su nombre, cargo y servicio ofrecido, de acuerdo al protocolo de atención de la empresa mandante.'),
(7, 178, '2.2	Explica los beneficios y/o ventajas del cambio a gas natural en comparación con el uso de gas licuado.'),
(8, 178, '2.3	Ofrece los distintos productos y servicios a sus clientes, de acuerdo a las características del hogar, el consumo y otros datos requeridos.'),
(9, 178, '2.4	Registra en sistema las negativas de los clientes respecto de la adquisición de los servicios ofrecidos.*'),
(10, 178, '2.5	Calcula el plan más conveniente para el cliente de acuerdo a consumo habitual y tabla predefinida de servicios y precios de Metrogas.'),
(11, 177, '1.5	Registra las viviendas no visitadas re agendándolas para una nueva visita.'),
(12, 177, '1.6	Participa en reuniones  de coordinación con sus jefaturas y pares.'),
(13, 179, '3.1	Confirma la solicitud de servicio contratado, obteniendo una confirmación verbal por parte del cliente.'),
(14, 179, '3.2	Ingresa los datos del cliente en la ficha de solicitud del producto cargada en la Tablet.'),
(15, 179, '3.3	Completa una nota de venta en formato físico con el contenido de lo ingresado en la ficha de solicitud del producto contratado.*'),
(16, 179, '3.4	Entrega un regalo, folleto u otro elemento de merchandising al cliente.'),
(17, 179, '3.5	Informa a la jefatura correspondiente las visitas realizadas y las ventas efectuadas en los plazos y formas predefinidas por la empresa.'),
(18, 180, '4.1	Confirma la solicitud de producto adicional, obteniendo una confirmación verbal por parte del cliente.'),
(19, 180, '4.2	Opera el POS para el cobro de los productos adicionales adquiridos por el cliente* (si el pago es con tarjeta)'),
(20, 180, '4.3	Completa el formulario de Pagare para el cobro de productos adicionales adquiridos por el cliente* (si el pago es sin tarjeta)'),
(21, 180, '4.4	Entrega los documentos que confirman el pago al cliente según medio de pago.'),
(22, 180, '4.5	Informa de la fecha y condiciones de entrega de los productos adicionales al cliente');

-- --------------------------------------------------------

--
-- Estructura de tabla para la tabla `curso`
--

DROP TABLE IF EXISTS `curso`;
CREATE TABLE IF NOT EXISTS `curso` (
  `id` int(11) NOT NULL,
  `empresa_id` int(11) DEFAULT NULL,
  `cursoCodigo` varchar(10) CHARACTER SET utf8 DEFAULT NULL,
  `cursoNombre` varchar(100) CHARACTER SET utf8 DEFAULT NULL,
  `cursoHoras` int(11) NOT NULL,
  `cursoObjetivo` text CHARACTER SET utf8,
  `cursoFormacion` text,
  `cursoModalidad` varchar(200) DEFAULT NULL
) ENGINE=InnoDB AUTO_INCREMENT=18 DEFAULT CHARSET=latin1;

--
-- Volcado de datos para la tabla `curso`
--

INSERT INTO `curso` (`id`, `empresa_id`, `cursoCodigo`, `cursoNombre`, `cursoHoras`, `cursoObjetivo`, `cursoFormacion`, `cursoModalidad`) VALUES
(1, 3, 'ST-001', 'Induccion + seguridad', 4, NULL, NULL, NULL),
(2, 3, 'ST-002', 'Proceso de Importación', 12, NULL, NULL, 'presencial - taller'),
(3, 3, 'ST-003', 'Comercio Exterior nivel intermedio', 16, NULL, NULL, 'b-learning, (8 presencial y 8 remoto)'),
(4, 3, 'ST-004', 'Manejo de sistema logistico integral SLI Nivel 1', 12, NULL, NULL, 'presencial - taller'),
(5, 3, 'ST-005', 'Ingles tecnico comercio exterior', 24, NULL, NULL, 'según oferta'),
(6, 3, 'ST-006', 'Calidad ISO', 4, NULL, NULL, 'presencial'),
(7, 3, 'ST-007', 'Atencion de clientes', 8, NULL, NULL, 'presencial - taller'),
(8, 3, 'ST-008', 'Manejo y resolucion de conflictos', 8, NULL, NULL, 'presencial - taller'),
(9, 3, 'ST-009', 'Colaboracion en redes', 12, NULL, NULL, 'presencial - taller'),
(10, 3, 'ST-010', 'Comunicación Efectiva', 6, NULL, NULL, 'presencial - taller'),
(11, 3, 'ST-011', 'Administracion del tiempo', 8, NULL, NULL, 'presencial - taller'),
(12, 3, 'ST-012', 'Manejo y uso de herramietnas de excel en el trabajo administrativo', 8, NULL, NULL, 'presencial - taller'),
(13, 3, 'ST-013', 'Contabilidad Basica', 6, NULL, NULL, 'b-learning (4 y 2)'),
(14, 3, 'ST-014', 'Confeccion y validacion de documentos para importaciones', 8, NULL, NULL, 'presencial - taller'),
(15, 3, 'ST-015', 'Sistemas Externos', 6, NULL, NULL, 'presencial - taller'),
(16, 3, 'ST-016', 'Seguros de transporte', 6, NULL, NULL, 'b-learning (4 y 2)'),
(17, 3, 'ST-017', 'Certificados de origen', 6, NULL, NULL, 'b-learning (4 y 2)');

-- --------------------------------------------------------

--
-- Estructura de tabla para la tabla `cursoAmbito`
--

DROP TABLE IF EXISTS `cursoAmbito`;
CREATE TABLE IF NOT EXISTS `cursoAmbito` (
  `id` int(11) NOT NULL,
  `cursoAmbitoNombre` varchar(255) NOT NULL
) ENGINE=InnoDB AUTO_INCREMENT=5 DEFAULT CHARSET=utf8;

--
-- Volcado de datos para la tabla `cursoAmbito`
--

INSERT INTO `cursoAmbito` (`id`, `cursoAmbitoNombre`) VALUES
(1, 'Nivelacion - Fundamentos Basicos'),
(2, 'Eje tematico 1 - Orientacion al Cliente'),
(3, 'Eje tematico 2 - Habilidades Generales'),
(4, 'Eje tematico 3 - Tecnicas especificas');

-- --------------------------------------------------------

--
-- Estructura de tabla para la tabla `cursoCompetencia`
--

DROP TABLE IF EXISTS `cursoCompetencia`;
CREATE TABLE IF NOT EXISTS `cursoCompetencia` (
  `curso_id` int(11) NOT NULL,
  `competencia_id` int(11) NOT NULL
) ENGINE=InnoDB DEFAULT CHARSET=latin1;

--
-- Volcado de datos para la tabla `cursoCompetencia`
--

INSERT INTO `cursoCompetencia` (`curso_id`, `competencia_id`) VALUES
(2, 35),
(7, 38),
(8, 38),
(8, 39),
(8, 42),
(9, 41),
(9, 42),
(10, 45),
(11, 44),
(11, 43),
(14, 35),
(14, 36);

-- --------------------------------------------------------

--
-- Estructura de tabla para la tabla `cursoConocimiento`
--

DROP TABLE IF EXISTS `cursoConocimiento`;
CREATE TABLE IF NOT EXISTS `cursoConocimiento` (
  `curso_id` int(11) NOT NULL,
  `conocimiento_id` int(11) NOT NULL
) ENGINE=InnoDB DEFAULT CHARSET=latin1;

--
-- Volcado de datos para la tabla `cursoConocimiento`
--

INSERT INTO `cursoConocimiento` (`curso_id`, `conocimiento_id`) VALUES
(3, 8),
(3, 9),
(3, 10),
(3, 11),
(4, 19),
(5, 18),
(6, 21),
(7, 22),
(12, 17),
(13, 13),
(15, 20),
(16, 15),
(17, 14);

-- --------------------------------------------------------

--
-- Estructura de tabla para la tabla `c_participanteCurso`
--

DROP TABLE IF EXISTS `c_participanteCurso`;
CREATE TABLE IF NOT EXISTS `c_participanteCurso` (
  `space(255)` varchar(255) CHARACTER SET utf8mb4 COLLATE utf8mb4_unicode_ci NOT NULL DEFAULT '',
  `ST-003` varchar(111) CHARACTER SET utf8 DEFAULT NULL,
  `ST-013` varchar(111) CHARACTER SET utf8 DEFAULT NULL,
  `ST-017` varchar(111) CHARACTER SET utf8 DEFAULT NULL,
  `ST-016` varchar(111) CHARACTER SET utf8 DEFAULT NULL,
  `ST-012` varchar(111) CHARACTER SET utf8 DEFAULT NULL,
  `ST-005` varchar(111) CHARACTER SET utf8 DEFAULT NULL,
  `ST-004` varchar(111) CHARACTER SET utf8 DEFAULT NULL,
  `ST-015` varchar(111) CHARACTER SET utf8 DEFAULT NULL,
  `ST-006` varchar(111) CHARACTER SET utf8 DEFAULT NULL,
  `ST-007` varchar(111) CHARACTER SET utf8 DEFAULT NULL
) ENGINE=InnoDB DEFAULT CHARSET=latin1;

--
-- Volcado de datos para la tabla `c_participanteCurso`
--

INSERT INTO `c_participanteCurso` (`space(255)`, `ST-003`, `ST-013`, `ST-017`, `ST-016`, `ST-012`, `ST-005`, `ST-004`, `ST-015`, `ST-006`, `ST-007`) VALUES
('                                                                                                                                                                                                                                                               ', 'ST-003-Comercio Exterior nivel intermedio', 'ST-013-Contabilidad Basica', 'ST-017-Certificados de origen', 'ST-016-Seguros de transporte', 'ST-012-Manejo y uso de herramietnas de excel en el trabajo administrativo', 'ST-005-Ingles tecnico comercio exterior', 'ST-004-Manejo de sistema logistico integral SLI Nivel 1', 'ST-015-Sistemas Externos', 'ST-006-Calidad ISO', 'ST-007-Atencion de clientes'),
('Alex Mellado', '2', '1', '1', '1', '3', '1', '1', '1', '2', '1'),
('Alex Olivo', '2', '2', '2', '1', '3', '3', '2', '2', '2', '3'),
('Arelis Riffo', '2', '1', '2', '2', '1', '1', '2', '1', '2', '2'),
('Camila Araya Cepeda', '2', '1', '1', '1', '2', '2', '2', '2', '1', '2'),
('Cecilia Ahumada', '2', '2', '2', '2', '2', '2', '3', '1', '2', '3'),
('Cecilia Rivas Perez', '2', '1', '1', '1', '1', '1', '1', '1', '1', '1'),
('Cesar Valenzuela Hernandez', '1', '1', '1', '1', '1', '1', '1', '1', '1', '1'),
('Eduardo Aravena', '2', '1', '2', '1', '3', '2', '1', '2', '1', '3'),
('Francisca Courten', '3', '1', '2', '2', '2', '3', '3', '1', '2', '3'),
('Ingrid Silva Perez', '1', '1', '1', '1', '1', '1', '1', '1', '1', '1'),
('Javier Rodriguez', '2', '1', '2', '2', '3', '2', '2', '1', '1', '3'),
('Jean Paul Bretti', '2', '1', '1', '1', '3', '3', '2', '1', '1', '3'),
('Jocelin San Martin', '2', '2', '2', '1', '2', '2', '2', '1', '2', '2'),
('Jonathan Ibacahe', '3', '1', '2', '1', '2', '2', '2', '1', '1', '3'),
('Katherine Montenegro Gauthier', '2', '1', '1', '1', '2', '1', '2', '1', '2', '1'),
('Lidia Guzman', '2', '1', '2', '1', '2', '2', '1', '1', '1', '2'),
('Loreto Zamorano', '2', '1', '1', '1', '2', '1', '2', '1', '2', '2'),
('Mauricio Picon', '2', '1', '2', '2', '3', '3', '2', '1', '1', '3'),
('Nelson Soto Herrera', '2', '1', '1', '1', '2', '1', '1', '1', '2', '1'),
('Olga Vergara', '2', '1', '2', '1', '2', '2', '1', '2', '1', '3'),
('Paola Torres', '2', '2', '2', '2', '1', '1', '2', '1', '2', '2'),
('Ximena Espina', '3', '1', '1', '1', '2', '2', '2', '1', '2', '3'),
('Yessenia Palavecinos', '2', '1', '1', '1', '3', '3', '2', '2', '1', '3'),
('Yubitza Huala Duran', '2', '1', '1', '1', '2', '1', '2', '1', '2', '1');

-- --------------------------------------------------------

--
-- Estructura de tabla para la tabla `empresa`
--

DROP TABLE IF EXISTS `empresa`;
CREATE TABLE IF NOT EXISTS `empresa` (
  `id` int(11) NOT NULL,
  `empresa_id` int(11) DEFAULT NULL,
  `empresaRut` varchar(10) CHARACTER SET utf8 DEFAULT NULL,
  `empresaGiro` varchar(255) CHARACTER SET utf8 DEFAULT NULL,
  `empresaRazonSocial` varchar(255) CHARACTER SET utf8 DEFAULT NULL,
  `empresaDireccion` varchar(255) CHARACTER SET utf8 DEFAULT NULL,
  `empresaContactoNombre` varchar(255) CHARACTER SET utf8 DEFAULT NULL,
  `empresaContactoCorreo` varchar(255) CHARACTER SET utf8 DEFAULT NULL,
  `empresaImagen` blob
) ENGINE=InnoDB AUTO_INCREMENT=5 DEFAULT CHARSET=latin1;

--
-- Volcado de datos para la tabla `empresa`
--

INSERT INTO `empresa` (`id`, `empresa_id`, `empresaRut`, `empresaGiro`, `empresaRazonSocial`, `empresaDireccion`, `empresaContactoNombre`, `empresaContactoCorreo`, `empresaImagen`) VALUES
(1, 1, '76091946-2', NULL, 'APPORTE LTDA', NULL, NULL, NULL, NULL),
(2, 1, '76091946-2', NULL, 'APORTA', NULL, NULL, NULL, NULL),
(3, 1, '89218600-6', 'Agencia de Aduanas', 'Agencia de Aduanas Jorge Stein & Cia Ltda.', 'Av. Claudio Arrau 9452, Pudahuel', 'Carolina Sanchez', 'carolina.sanchez@stein.cl', NULL),
(4, NULL, '96989120-4', 'El giro de la cerveza', 'cervecera ccu chile limitada', 'Avenida panamericana norte 8000', 'Nombre Contacto', 'contacto@ccu.cl', NULL);

-- --------------------------------------------------------

--
-- Estructura de tabla para la tabla `empresaTipo`
--

DROP TABLE IF EXISTS `empresaTipo`;
CREATE TABLE IF NOT EXISTS `empresaTipo` (
  `id` int(11) NOT NULL,
  `empresaTipoNombre` varchar(50) DEFAULT NULL
) ENGINE=InnoDB AUTO_INCREMENT=4 DEFAULT CHARSET=latin1;

--
-- Volcado de datos para la tabla `empresaTipo`
--

INSERT INTO `empresaTipo` (`id`, `empresaTipoNombre`) VALUES
(1, 'EMPRESA'),
(2, 'OTEC'),
(3, 'RRHH');

-- --------------------------------------------------------

--
-- Estructura de tabla para la tabla `empresaUsuario`
--

DROP TABLE IF EXISTS `empresaUsuario`;
CREATE TABLE IF NOT EXISTS `empresaUsuario` (
  `id` int(11) NOT NULL,
  `empresa_id` int(11) NOT NULL,
  `usuario_id` int(11) NOT NULL,
  `usuarioTipo_Id` int(11) DEFAULT NULL,
  `empresaUsuarioDefault` tinyint(1) DEFAULT '0',
  `empresaUsuarioNombre` varchar(255) DEFAULT NULL,
  `empresaUsuarioActivo` tinyint(1) DEFAULT NULL
) ENGINE=InnoDB AUTO_INCREMENT=23 DEFAULT CHARSET=latin1;

--
-- Volcado de datos para la tabla `empresaUsuario`
--

INSERT INTO `empresaUsuario` (`id`, `empresa_id`, `usuario_id`, `usuarioTipo_Id`, `empresaUsuarioDefault`, `empresaUsuarioNombre`, `empresaUsuarioActivo`) VALUES
(1, 1, 1, 1, 1, NULL, NULL),
(16, 3, 15, 1, 1, NULL, NULL),
(17, 3, 16, 2, 1, NULL, NULL),
(18, 3, 17, 2, 1, NULL, NULL),
(19, 3, 18, 2, 1, NULL, NULL),
(21, 4, 19, 1, 1, NULL, 1),
(22, 4, 20, 2, 1, 'Evaluador', NULL);

-- --------------------------------------------------------

--
-- Estructura de tabla para la tabla `evaluacion`
--

DROP TABLE IF EXISTS `evaluacion`;
CREATE TABLE IF NOT EXISTS `evaluacion` (
  `id` int(11) NOT NULL,
  `empresa_id` int(11) DEFAULT NULL,
  `evaluacionCodigo` varchar(10) DEFAULT NULL,
  `evaluacionFecha` date DEFAULT NULL,
  `evaluacionNombre` varchar(255) DEFAULT NULL,
  `evaluacionDefinicion` text
) ENGINE=InnoDB AUTO_INCREMENT=7 DEFAULT CHARSET=latin1;

--
-- Volcado de datos para la tabla `evaluacion`
--

INSERT INTO `evaluacion` (`id`, `empresa_id`, `evaluacionCodigo`, `evaluacionFecha`, `evaluacionNombre`, `evaluacionDefinicion`) VALUES
(1, 2, 'xxxs', NULL, 'PROCESO 1', 'LEVANTAMIENTO DE NECESIDADES DE CAPCITACION'),
(2, 2, 'COD-PROCES', NULL, 'PROCESO 2', 'PROCESO 2'),
(3, 1, 'OIOI', NULL, 'NECESIDADES GERENTE', 'NO CACHAN NAAAAAAAA'),
(4, 1, '009', NULL, 'DETECTAR NECESIDADES DE CAPACITACION', 'detecta'),
(5, 3, NULL, NULL, 'Evaluacion Ejecutiva Cuenta de Importaciones', 'Primera evaluacion'),
(6, 4, NULL, NULL, 'Evaluacion CCU', 'Esta evaluacion esta creada para realizar la pruebas, una vez cargada la informacion real, se borran las pruebas y se evalua.');

-- --------------------------------------------------------

--
-- Estructura de tabla para la tabla `evaluacionActividadClave`
--

DROP TABLE IF EXISTS `evaluacionActividadClave`;
CREATE TABLE IF NOT EXISTS `evaluacionActividadClave` (
  `id` int(11) NOT NULL,
  `participante_id` int(11) NOT NULL,
  `actividadClave_id` int(11) NOT NULL,
  `evaluacionActividadClaveRespuesta` double DEFAULT NULL
) ENGINE=InnoDB AUTO_INCREMENT=12 DEFAULT CHARSET=latin1;

--
-- Volcado de datos para la tabla `evaluacionActividadClave`
--

INSERT INTO `evaluacionActividadClave` (`id`, `participante_id`, `actividadClave_id`, `evaluacionActividadClaveRespuesta`) VALUES
(10, 82, 177, 1),
(11, 82, 178, 2);

-- --------------------------------------------------------

--
-- Estructura de tabla para la tabla `evaluacionAprendizaje`
--

DROP TABLE IF EXISTS `evaluacionAprendizaje`;
CREATE TABLE IF NOT EXISTS `evaluacionAprendizaje` (
  `id` int(11) NOT NULL,
  `participante_id` int(11) DEFAULT NULL,
  `evaluacionConocimiento_id` int(11) NOT NULL,
  `aprendizaje_id` int(11) NOT NULL,
  `evaluacionAprendizajeRespuesta` int(11) DEFAULT NULL
) ENGINE=InnoDB AUTO_INCREMENT=11 DEFAULT CHARSET=utf8;

--
-- Volcado de datos para la tabla `evaluacionAprendizaje`
--

INSERT INTO `evaluacionAprendizaje` (`id`, `participante_id`, `evaluacionConocimiento_id`, `aprendizaje_id`, `evaluacionAprendizajeRespuesta`) VALUES
(7, 82, 891, 73, 1),
(8, 82, 891, 74, 2),
(9, 82, 892, 75, 1),
(10, 82, 892, 76, 4);

-- --------------------------------------------------------

--
-- Estructura de tabla para la tabla `evaluacionCompetencia`
--

DROP TABLE IF EXISTS `evaluacionCompetencia`;
CREATE TABLE IF NOT EXISTS `evaluacionCompetencia` (
  `id` int(11) NOT NULL,
  `participante_id` int(11) NOT NULL,
  `competencia_id` int(11) NOT NULL,
  `evaluacionCompetenciaRespuesta` double DEFAULT NULL
) ENGINE=InnoDB AUTO_INCREMENT=720 DEFAULT CHARSET=latin1;

--
-- Volcado de datos para la tabla `evaluacionCompetencia`
--

INSERT INTO `evaluacionCompetencia` (`id`, `participante_id`, `competencia_id`, `evaluacionCompetenciaRespuesta`) VALUES
(103, 5, 2, 1),
(104, 5, 4, 2),
(105, 5, 6, 1),
(106, 5, 1, 2),
(107, 5, 7, 3),
(108, 44, 35, 3),
(109, 44, 36, 2),
(110, 44, 45, 2.5),
(111, 44, 38, 3),
(112, 44, 39, 2.6666667461395264),
(113, 44, 41, 3),
(114, 44, 42, 2.5999999046325684),
(115, 44, 43, 2.3333332538604736),
(116, 44, 44, 1.5),
(117, 72, 35, 2.6),
(118, 72, 36, 2.3333333333333),
(119, 72, 38, 2.75),
(120, 72, 39, 2.75),
(121, 72, 43, 2.6666666666667),
(122, 72, 45, 2.75),
(123, 72, 41, 2.6),
(124, 72, 42, 2.6),
(125, 72, 44, 2.6666666666667),
(126, 73, 36, 2.6666666666667),
(127, 73, 38, 2.5),
(128, 73, 39, 2.5),
(129, 73, 41, 3),
(130, 73, 42, 2.6),
(131, 73, 43, 3),
(132, 73, 44, 2.6666666666667),
(133, 73, 45, 2.75),
(134, 73, 35, 2.8),
(135, 74, 35, 2.8),
(136, 74, 36, 2.3333333333333),
(137, 74, 38, 2.75),
(138, 74, 39, 3),
(139, 74, 41, 2.4),
(140, 74, 42, 2.6),
(141, 74, 43, 2.6666666666667),
(142, 74, 44, 3),
(143, 74, 45, 2.5),
(144, 71, 35, 3.2),
(145, 71, 36, 2.6666666666667),
(146, 71, 38, 2),
(147, 71, 39, 3),
(148, 71, 41, 2.4),
(149, 71, 42, 2.8),
(150, 71, 43, 3.3333333333333),
(151, 71, 44, 3),
(152, 71, 45, 3.25),
(153, 75, 35, 2.8),
(154, 75, 36, 2.6666666666667),
(155, 75, 38, 3.25),
(156, 75, 39, 3),
(157, 75, 41, 3),
(158, 75, 42, 2.8),
(159, 75, 43, 3),
(160, 75, 44, 3),
(161, 75, 45, 2.75),
(162, 81, 35, 3.6),
(163, 81, 36, 3.3333333333333),
(164, 81, 38, 3.25),
(165, 81, 39, 3.5),
(166, 81, 41, 3.2),
(167, 81, 42, 3.4),
(168, 81, 43, 3.6666666666667),
(169, 81, 44, 3.3333333333333),
(170, 81, 45, 3.5),
(171, 80, 35, 3.4),
(172, 80, 36, 3.6666666666667),
(173, 80, 38, 2.75),
(174, 80, 39, 3),
(175, 80, 41, 2.8),
(176, 80, 42, 2.8),
(177, 80, 43, 3.3333333333333),
(178, 80, 44, 3),
(179, 80, 45, 3.25),
(180, 69, 35, 3.4),
(181, 69, 36, 3.3333333333333),
(182, 69, 38, 3.5),
(183, 69, 39, 3.25),
(184, 69, 41, 3.4),
(185, 69, 42, 3),
(186, 69, 43, 3),
(187, 69, 44, 3),
(188, 69, 45, 3.25),
(189, 70, 35, 3.2),
(190, 70, 36, 3),
(191, 70, 38, 2.75),
(192, 70, 39, 3),
(193, 70, 41, 3),
(194, 70, 42, 3),
(195, 70, 43, 3),
(196, 70, 44, 2.6666666666667),
(197, 70, 45, 3),
(198, 77, 35, 3.2),
(199, 77, 36, 3),
(200, 77, 38, 3),
(201, 77, 39, 3),
(202, 77, 41, 3.2),
(203, 77, 42, 3),
(204, 77, 43, 3.3333333333333),
(205, 77, 44, 3),
(206, 77, 45, 3),
(207, 79, 35, 3.2),
(208, 79, 36, 3),
(209, 79, 38, 3),
(210, 79, 39, 2.5),
(211, 79, 41, 2.6),
(212, 79, 42, 3),
(213, 79, 43, 3.3333333333333),
(214, 79, 44, 3.3333333333333),
(215, 79, 45, 3),
(216, 78, 35, 3.2),
(217, 78, 36, 3),
(218, 78, 38, 3),
(219, 78, 39, 2.5),
(220, 78, 41, 3),
(221, 78, 42, 3),
(222, 78, 43, 3.3333333333333),
(223, 78, 44, 3),
(224, 78, 45, 3.25),
(225, 47, 35, 3.8),
(226, 47, 36, 3),
(227, 47, 38, 3.75),
(228, 47, 39, 3.25),
(229, 47, 41, 4),
(230, 47, 42, 4),
(231, 47, 43, 3),
(232, 47, 44, 4),
(233, 47, 45, 3),
(234, 39, 35, 2.2),
(235, 39, 36, 2),
(236, 39, 38, 2),
(237, 39, 39, 2),
(238, 39, 41, 2.2),
(239, 39, 42, 2),
(240, 39, 43, 2.3333333333333),
(241, 39, 44, 2.6666666666667),
(242, 39, 45, 2),
(243, 57, 35, 3.2),
(244, 57, 36, 2.6666666666667),
(245, 57, 38, 3),
(246, 57, 39, 2.5),
(247, 57, 41, 3),
(248, 57, 42, 3),
(249, 57, 43, 2),
(250, 57, 44, 3),
(251, 57, 45, 3),
(252, 19, 35, 2.8),
(253, 19, 36, 2.6666666666667),
(254, 19, 38, 2.5),
(255, 19, 39, 2.75),
(256, 19, 41, 3.2),
(257, 19, 42, 2.8),
(258, 19, 43, 3),
(259, 19, 44, 3),
(260, 19, 45, 2.75),
(261, 38, 35, 4),
(262, 38, 36, 3.6666666666667),
(263, 38, 38, 3),
(264, 38, 39, 3),
(265, 38, 41, 2.2),
(266, 38, 42, 3),
(267, 38, 43, 3),
(268, 38, 44, 3),
(269, 38, 45, 3),
(270, 48, 35, 3.2),
(271, 48, 36, 3),
(272, 48, 38, 3),
(273, 48, 39, 3),
(274, 48, 41, 4),
(275, 48, 42, 4),
(276, 48, 43, 3),
(277, 48, 44, 3),
(278, 48, 45, 3),
(279, 31, 45, 2.75),
(280, 31, 35, 3),
(281, 31, 36, 2.6666666666667),
(282, 31, 38, 3),
(283, 31, 39, 3),
(284, 31, 41, 2.8),
(285, 31, 42, 3),
(286, 31, 43, 3),
(287, 31, 44, 3),
(288, 33, 35, 2.4),
(289, 33, 36, 2),
(290, 33, 38, 2.5),
(291, 33, 39, 2.25),
(292, 33, 41, 2.6),
(293, 33, 42, 2.4),
(294, 33, 43, 2.6666666666667),
(295, 33, 44, 3),
(296, 33, 45, 2),
(297, 13, 35, 2),
(298, 13, 36, 1.6666666666667),
(299, 13, 38, 1.5),
(300, 13, 39, 1.5),
(301, 13, 41, 2.4),
(302, 13, 42, 2),
(303, 13, 43, 2),
(304, 13, 44, 2.3333333333333),
(305, 13, 45, 2),
(306, 16, 35, 2.6),
(307, 16, 36, 2.3333333333333),
(308, 16, 38, 2.5),
(309, 16, 39, 2.5),
(310, 16, 41, 3),
(311, 16, 42, 2),
(312, 16, 43, 2.6666666666667),
(313, 16, 44, 3),
(314, 16, 45, 2),
(315, 28, 35, 2),
(316, 28, 36, 1.6666666666667),
(317, 28, 38, 1.5),
(318, 28, 39, 1.25),
(319, 28, 41, 2),
(320, 28, 42, 1.8),
(321, 28, 43, 1.6666666666667),
(322, 28, 44, 2),
(323, 28, 45, 2),
(324, 63, 35, 3),
(325, 63, 36, 2.3333333333333),
(326, 63, 38, 3),
(327, 63, 39, 2.75),
(328, 63, 41, 1.8),
(329, 63, 42, 2.2),
(330, 63, 43, 2.6666666666667),
(331, 63, 44, 2.3333333333333),
(332, 63, 45, 2.25),
(333, 67, 35, 3.4),
(334, 67, 36, 3.6666666666667),
(335, 67, 38, 3),
(336, 67, 39, 2.5),
(337, 67, 41, 3),
(338, 67, 42, 3.4),
(339, 67, 43, 3.3333333333333),
(340, 67, 44, 3),
(341, 67, 45, 3),
(342, 65, 35, 3),
(343, 65, 36, 3.3333333333333),
(344, 65, 38, 3.25),
(345, 65, 39, 3.25),
(346, 65, 41, 2.2),
(347, 65, 42, 3),
(348, 65, 43, 3),
(349, 65, 44, 2.6666666666667),
(350, 65, 45, 2.75),
(351, 66, 35, 3.2),
(352, 66, 36, 3),
(353, 66, 38, 3.25),
(354, 66, 39, 4),
(355, 66, 41, 3.6),
(356, 66, 42, 3.8),
(357, 66, 43, 3.6666666666667),
(358, 66, 44, 3.6666666666667),
(359, 66, 45, 3),
(360, 68, 35, 2.8),
(361, 68, 36, 3),
(362, 68, 38, 3),
(363, 68, 39, 2.25),
(364, 68, 41, 3),
(365, 68, 42, 2.6),
(366, 68, 43, 2),
(367, 68, 44, 3),
(368, 68, 45, 2.75),
(369, 61, 35, 3),
(370, 61, 36, 3),
(371, 61, 38, 3),
(372, 61, 39, 3),
(373, 61, 41, 3.2),
(374, 61, 42, 3),
(375, 61, 43, 3),
(376, 61, 44, 3),
(377, 61, 45, 2.75),
(378, 64, 35, 3),
(379, 64, 36, 3),
(380, 64, 38, 3),
(381, 64, 39, 3.25),
(382, 64, 41, 3.4),
(383, 64, 42, 3),
(384, 64, 43, 3),
(385, 64, 44, 3),
(386, 64, 45, 3),
(387, 62, 35, 3),
(388, 62, 36, 3.3333333333333),
(389, 62, 38, 3),
(390, 62, 39, 3.75),
(391, 62, 41, 3),
(392, 62, 42, 3),
(393, 62, 43, 4),
(394, 62, 44, 3),
(395, 62, 45, 3),
(396, 20, 35, 3.2),
(397, 20, 36, 2.6666666666667),
(398, 20, 38, 3),
(399, 20, 39, 2.75),
(400, 20, 41, 3),
(401, 20, 42, 3),
(402, 20, 43, 3),
(403, 20, 44, 3.3333333333333),
(404, 20, 45, 2.75),
(405, 76, 35, 2.6),
(406, 76, 36, 2.6666666666667),
(407, 76, 38, 2.75),
(408, 76, 39, 2.75),
(409, 76, 41, 3),
(410, 76, 42, 3),
(411, 76, 43, 2.6666666666667),
(412, 76, 44, 2.6666666666667),
(413, 76, 45, 2.75),
(414, 22, 35, 2.6),
(415, 22, 36, 2),
(416, 22, 38, 2.75),
(417, 22, 39, 2.5),
(418, 22, 41, 3),
(419, 22, 42, 2.8),
(420, 22, 43, 3),
(421, 22, 44, 3),
(422, 22, 45, 2.5),
(423, 11, 35, 3),
(424, 11, 36, 3),
(425, 11, 38, 2.5),
(426, 11, 39, 3),
(427, 11, 41, 3),
(428, 11, 42, 3),
(429, 11, 43, 3),
(430, 11, 44, 3),
(431, 11, 45, 2.5),
(432, 23, 35, 3.6),
(433, 23, 36, 3.6666666666667),
(434, 23, 38, 4),
(435, 23, 39, 3.5),
(436, 23, 41, 3.2),
(437, 23, 42, 3.4),
(438, 23, 43, 4),
(439, 23, 44, 3.6666666666667),
(440, 23, 45, 4),
(441, 21, 35, 4),
(442, 21, 36, 3.3333333333333),
(443, 21, 38, 3.5),
(444, 21, 39, 4),
(445, 21, 41, 3.8),
(446, 21, 42, 3.8),
(447, 21, 43, 4),
(448, 21, 44, 4),
(449, 21, 45, 3),
(450, 25, 35, 3),
(451, 25, 36, 2),
(452, 25, 38, 2.25),
(453, 25, 39, 3),
(454, 25, 41, 2.4),
(455, 25, 42, 3),
(456, 25, 43, 2.6666666666667),
(457, 25, 44, 3),
(458, 25, 45, 2.5),
(459, 26, 35, 2.2),
(460, 26, 36, 2.6666666666667),
(461, 26, 38, 2.75),
(462, 26, 39, 3),
(463, 26, 41, 2.8),
(464, 26, 42, 2.6),
(465, 26, 43, 3),
(466, 26, 44, 2.6666666666667),
(467, 26, 45, 2),
(468, 35, 35, 3),
(469, 35, 36, 3),
(470, 35, 38, 2.25),
(471, 35, 39, 2.25),
(472, 35, 41, 2.8),
(473, 35, 42, 2.8),
(474, 35, 43, 2.6666666666667),
(475, 35, 44, 3),
(476, 35, 45, 2),
(477, 12, 35, 2),
(478, 12, 36, 2),
(479, 12, 38, 2),
(480, 12, 39, 2),
(481, 12, 41, 2),
(482, 12, 42, 2.4),
(483, 12, 43, 2),
(484, 12, 44, 3),
(485, 12, 45, 2),
(486, 17, 35, 2.6),
(487, 17, 36, 2.3333333333333),
(488, 17, 38, 2.75),
(489, 17, 39, 2),
(490, 17, 41, 2.8),
(491, 17, 42, 2.8),
(492, 17, 43, 2.6666666666667),
(493, 17, 44, 2.6666666666667),
(494, 17, 45, 2),
(495, 32, 35, 2.8),
(496, 32, 36, 2.3333333333333),
(497, 32, 38, 2),
(498, 32, 39, 2.25),
(499, 32, 41, 3),
(500, 32, 42, 2.6),
(501, 32, 43, 2),
(502, 32, 44, 3),
(503, 32, 45, 2.75),
(504, 30, 35, 2.8),
(505, 30, 36, 3),
(506, 30, 38, 3),
(507, 30, 39, 2.75),
(508, 30, 41, 3),
(509, 30, 42, 2.8),
(510, 30, 43, 3),
(511, 30, 44, 2.3333333333333),
(512, 30, 45, 2),
(513, 29, 35, 3),
(514, 29, 36, 3.6666666666667),
(515, 29, 38, 4),
(516, 29, 39, 3),
(517, 29, 41, 4),
(518, 29, 42, 4),
(519, 29, 43, 4),
(520, 29, 44, 3.3333333333333),
(521, 29, 45, 2.25),
(522, 24, 35, 3),
(523, 24, 36, 2.3333333333333),
(524, 24, 38, 2.5),
(525, 24, 39, 2.25),
(526, 24, 41, 3),
(527, 24, 42, 2.6),
(528, 24, 43, 2.6666666666667),
(529, 24, 44, 3),
(530, 24, 45, 2),
(531, 27, 35, 2.6),
(532, 27, 36, 2),
(533, 27, 38, 2.75),
(534, 27, 39, 3),
(535, 27, 41, 3),
(536, 27, 42, 3),
(537, 27, 43, 2.3333333333333),
(538, 27, 44, 2.6666666666667),
(539, 27, 45, 3),
(540, 56, 35, 2.2),
(541, 56, 36, 2),
(542, 56, 38, 2),
(543, 56, 39, 2.25),
(544, 56, 41, 3),
(545, 56, 42, 3),
(546, 56, 43, 2),
(547, 56, 44, 3),
(548, 56, 45, 2.75),
(549, 37, 35, 3),
(550, 37, 36, 3),
(551, 37, 38, 2.75),
(552, 37, 39, 2),
(553, 37, 41, 3.6),
(554, 37, 42, 3),
(555, 37, 43, 2.3333333333333),
(556, 37, 44, 3),
(557, 37, 45, 2),
(558, 46, 35, 4),
(559, 46, 36, 4),
(560, 46, 38, 4),
(561, 46, 39, 4),
(562, 46, 41, 4),
(563, 46, 42, 3),
(564, 46, 43, 3),
(565, 46, 44, 4),
(566, 46, 45, 3),
(567, 36, 35, 4),
(568, 36, 36, 3),
(569, 36, 38, 3.75),
(570, 36, 39, 3),
(571, 36, 41, 4),
(572, 36, 42, 4),
(573, 36, 43, 4),
(574, 36, 44, 4),
(575, 36, 45, 2.75),
(576, 45, 35, 3),
(577, 45, 36, 3),
(578, 45, 38, 3),
(579, 45, 39, 3),
(580, 45, 41, 3),
(581, 45, 42, 3),
(582, 45, 43, 3),
(583, 45, 44, 3),
(584, 45, 45, 3),
(585, 40, 35, 3),
(586, 40, 36, 2.6666666666667),
(587, 40, 38, 2),
(588, 40, 39, 3),
(589, 40, 41, 3),
(590, 40, 42, 3),
(591, 40, 43, 3),
(592, 40, 44, 3),
(593, 40, 45, 3),
(594, 60, 35, 4),
(595, 60, 36, 4),
(596, 60, 38, 4),
(597, 60, 39, 4),
(598, 60, 41, 4),
(599, 60, 42, 4),
(600, 60, 43, 4),
(601, 60, 44, 4),
(602, 60, 45, 4),
(603, 41, 35, 2),
(604, 41, 36, 1),
(605, 41, 38, 1.25),
(606, 41, 39, 1),
(607, 41, 41, 2.4),
(608, 41, 42, 2.4),
(609, 41, 43, 1),
(610, 41, 44, 2),
(611, 41, 45, 1.25),
(612, 50, 35, 4),
(613, 50, 36, 4),
(614, 50, 38, 4),
(615, 50, 39, 4),
(616, 50, 41, 4),
(617, 50, 42, 4),
(618, 50, 43, 4),
(619, 50, 44, 4),
(620, 50, 45, 4),
(621, 43, 35, 3),
(622, 43, 36, 3),
(623, 43, 38, 3),
(624, 43, 39, 3),
(625, 43, 41, 3),
(626, 43, 42, 3),
(627, 43, 43, 3),
(628, 43, 44, 3),
(629, 43, 45, 3),
(630, 58, 35, 3),
(631, 58, 36, 3),
(632, 58, 38, 3),
(633, 58, 39, 3),
(634, 58, 41, 3),
(635, 58, 42, 3),
(636, 58, 43, 3),
(637, 58, 44, 3),
(638, 58, 45, 3),
(639, 55, 35, 3),
(640, 55, 36, 3),
(641, 55, 38, 3),
(642, 55, 39, 3),
(643, 55, 41, 3),
(644, 55, 42, 3),
(645, 55, 43, 3),
(646, 55, 44, 3),
(647, 55, 45, 2.75),
(648, 54, 35, 3),
(649, 54, 36, 3),
(650, 54, 38, 3),
(651, 54, 39, 3),
(652, 54, 41, 3),
(653, 54, 42, 3),
(654, 54, 43, 3),
(655, 54, 44, 3),
(656, 54, 45, 3),
(657, 15, 35, 3),
(658, 15, 36, 3),
(659, 15, 38, 3),
(660, 15, 39, 3),
(661, 15, 41, 3),
(662, 15, 42, 3),
(663, 15, 43, 3),
(664, 15, 44, 3),
(665, 15, 45, 3),
(666, 59, 35, 3),
(667, 59, 36, 3),
(668, 59, 38, 3),
(669, 59, 39, 3),
(670, 59, 41, 3),
(671, 59, 42, 3),
(672, 59, 43, 3),
(673, 59, 44, 3),
(674, 59, 45, 3),
(675, 34, 35, 4),
(676, 34, 36, 4),
(677, 34, 38, 4),
(678, 34, 39, 4),
(679, 34, 41, 4),
(680, 34, 42, 4),
(681, 34, 43, 4),
(682, 34, 44, 4),
(683, 34, 45, 4),
(684, 14, 35, 3),
(685, 14, 36, 3),
(686, 14, 38, 3),
(687, 14, 39, 3),
(688, 14, 41, 3),
(689, 14, 42, 3),
(690, 14, 43, 3),
(691, 14, 44, 3),
(692, 14, 45, 3),
(693, 53, 35, 3),
(694, 53, 36, 3),
(695, 53, 38, 3),
(696, 53, 39, 3),
(697, 53, 41, 3),
(698, 53, 42, 3),
(699, 53, 43, 3),
(700, 53, 44, 3),
(701, 53, 45, 2.75),
(702, 52, 35, 4),
(703, 52, 36, 4),
(704, 52, 38, 4),
(705, 52, 39, 4),
(706, 52, 41, 4),
(707, 52, 42, 4),
(708, 52, 43, 4),
(709, 52, 44, 4),
(710, 52, 45, 4),
(711, 18, 35, 3),
(712, 18, 36, 3),
(713, 18, 38, 3),
(714, 18, 39, 3),
(715, 18, 41, 3),
(716, 18, 42, 3),
(717, 18, 43, 3),
(718, 18, 44, 3),
(719, 18, 45, 3);

-- --------------------------------------------------------

--
-- Estructura de tabla para la tabla `evaluacionConocimiento`
--

DROP TABLE IF EXISTS `evaluacionConocimiento`;
CREATE TABLE IF NOT EXISTS `evaluacionConocimiento` (
  `id` int(11) NOT NULL,
  `participante_id` int(11) NOT NULL,
  `conocimiento_id` int(11) NOT NULL,
  `evaluacionConocimientoRespuesta` double DEFAULT NULL
) ENGINE=InnoDB AUTO_INCREMENT=893 DEFAULT CHARSET=latin1;

--
-- Volcado de datos para la tabla `evaluacionConocimiento`
--

INSERT INTO `evaluacionConocimiento` (`id`, `participante_id`, `conocimiento_id`, `evaluacionConocimientoRespuesta`) VALUES
(3, 4, 1, 1),
(4, 4, 2, 1),
(5, 5, 1, 1),
(6, 5, 2, 2),
(7, 44, 8, 2.8),
(8, 44, 9, 3),
(9, 44, 10, 2),
(10, 44, 11, 2.4),
(11, 44, 13, 2.6666666666667),
(12, 44, 14, 1),
(13, 44, 15, 1.3333333333333),
(14, 44, 17, 4),
(15, 44, 18, 2),
(16, 44, 19, 2.5),
(17, 44, 20, 2),
(18, 44, 21, 3.3333333333333),
(19, 44, 22, 2),
(20, 72, 8, 2.6),
(21, 72, 9, 4),
(22, 72, 10, 2),
(23, 72, 11, 3),
(24, 72, 13, 2.6666666666667),
(25, 72, 14, 3.5),
(26, 72, 15, 3.3333333333333),
(27, 72, 17, 3),
(28, 72, 18, 4),
(29, 72, 19, 3.6666666666667),
(30, 72, 20, 2.6666666666667),
(31, 72, 21, 3.3333333333333),
(32, 72, 22, 4),
(33, 73, 8, 2.8),
(34, 73, 9, 4),
(35, 73, 10, 1),
(36, 73, 11, 3.2),
(37, 73, 13, 2.3333333333333),
(38, 73, 14, 2.5),
(39, 73, 15, 2.6666666666667),
(40, 73, 17, 3),
(41, 73, 18, 3),
(42, 73, 19, 2.8333333333333),
(43, 73, 20, 2.3333333333333),
(44, 73, 21, 3),
(45, 73, 22, 4),
(46, 74, 8, 2.8),
(47, 74, 9, 2),
(48, 74, 10, 1),
(49, 74, 11, 2.6),
(50, 74, 13, 2.6666666666667),
(51, 74, 14, 3),
(52, 74, 15, 2.6666666666667),
(53, 74, 17, 3),
(54, 74, 18, 3),
(55, 74, 19, 2.5),
(56, 74, 20, 2.3333333333333),
(57, 74, 21, 2.6666666666667),
(58, 74, 22, 3),
(59, 71, 8, 3.2),
(60, 71, 9, 3),
(61, 71, 10, 3),
(62, 71, 11, 2.6),
(63, 71, 13, 2.6666666666667),
(64, 71, 14, 3),
(65, 71, 15, 2.6666666666667),
(66, 71, 17, 4),
(67, 71, 18, 3),
(68, 71, 19, 2.6666666666667),
(69, 71, 20, 3),
(70, 71, 21, 2.6666666666667),
(71, 71, 22, 4),
(72, 75, 8, 3.2),
(73, 75, 9, 3),
(74, 75, 10, 3),
(75, 75, 11, 3),
(76, 75, 13, 2.6666666666667),
(77, 75, 14, 3),
(78, 75, 15, 2.6666666666667),
(79, 75, 17, 3),
(80, 75, 18, 3),
(81, 75, 19, 2.6666666666667),
(82, 75, 20, 3),
(83, 75, 21, 2.3333333333333),
(84, 75, 22, 4),
(85, 81, 8, 3.6),
(86, 81, 9, 3),
(87, 81, 10, 2),
(88, 81, 11, 3.4),
(89, 81, 13, 3),
(90, 81, 14, 3.5),
(91, 81, 15, 2.6666666666667),
(92, 81, 17, 4),
(93, 81, 18, 4),
(94, 81, 19, 3),
(95, 81, 20, 3),
(96, 81, 21, 3),
(97, 81, 22, 4),
(98, 80, 8, 3),
(99, 80, 9, 3),
(100, 80, 10, 2),
(101, 80, 11, 2.8),
(102, 80, 13, 2.3333333333333),
(103, 80, 14, 2.5),
(104, 80, 15, 2),
(105, 80, 17, 4),
(106, 80, 18, 4),
(107, 80, 19, 3),
(108, 80, 20, 2),
(109, 80, 21, 2),
(110, 80, 22, 4),
(111, 69, 8, 3.6),
(112, 69, 9, 3),
(113, 69, 10, 2),
(114, 69, 11, 3.5),
(115, 69, 13, 3.3333333333333),
(116, 69, 14, 3),
(117, 69, 15, 3),
(118, 69, 17, 3),
(119, 69, 18, 3),
(120, 69, 19, 4),
(121, 69, 20, 2.3333333333333),
(122, 69, 21, 3),
(123, 69, 22, 4),
(124, 70, 8, 2.8),
(125, 70, 9, 3),
(126, 70, 10, 2),
(127, 70, 11, 2.75),
(128, 70, 13, 2.6666666666667),
(129, 70, 14, 2.5),
(130, 70, 15, 2),
(131, 70, 17, 4),
(132, 70, 18, 4),
(133, 70, 19, 3),
(134, 70, 20, 3),
(135, 70, 21, 2),
(136, 70, 22, 4),
(137, 77, 8, 3.2),
(138, 77, 9, 4),
(139, 77, 10, 2),
(140, 77, 11, 3),
(141, 77, 13, 2.3333333333333),
(142, 77, 14, 3),
(143, 77, 15, 2),
(144, 77, 17, 3),
(145, 77, 18, 3),
(146, 77, 19, 3),
(147, 77, 20, 2),
(148, 77, 21, 2.5),
(149, 77, 22, 4),
(150, 79, 8, 2.6),
(151, 79, 9, 3),
(152, 79, 10, 2),
(153, 79, 11, 3),
(154, 79, 13, 2),
(155, 79, 14, 3),
(156, 79, 15, 3),
(157, 79, 17, 4),
(158, 79, 18, 3),
(159, 79, 19, 3),
(160, 79, 20, 2),
(161, 79, 21, 2),
(162, 79, 22, 4),
(163, 78, 8, 2.8),
(164, 78, 9, 3),
(165, 78, 10, 2),
(166, 78, 11, 3),
(167, 78, 13, 2),
(168, 78, 14, 3),
(169, 78, 15, 3),
(170, 78, 17, 4),
(171, 78, 18, 4),
(172, 78, 19, 3),
(173, 78, 20, 2),
(174, 78, 21, 2),
(175, 78, 22, 4),
(176, 47, 8, 3),
(177, 47, 9, 3),
(178, 47, 10, 2),
(179, 47, 11, 2.8),
(180, 47, 13, 2),
(181, 47, 14, 3),
(182, 47, 15, 3),
(183, 47, 17, 2),
(184, 47, 18, 2),
(185, 47, 19, 3),
(186, 47, 20, 2.6666666666667),
(187, 47, 21, 3),
(188, 47, 22, 3),
(189, 39, 8, 2),
(190, 39, 9, 3),
(191, 39, 10, 1),
(192, 39, 11, 2.25),
(193, 39, 13, 2),
(194, 39, 14, 1),
(195, 39, 15, 2),
(196, 39, 17, 1),
(197, 39, 18, 1),
(198, 39, 19, 2.5),
(199, 39, 20, 1),
(200, 39, 21, 2),
(201, 39, 22, 2),
(202, 57, 8, 2.6),
(203, 57, 9, 3),
(204, 57, 10, 2),
(205, 57, 11, 3),
(206, 57, 13, 2),
(207, 57, 14, 2),
(208, 57, 15, 2.3333333333333),
(209, 57, 17, 3),
(210, 57, 18, 2),
(211, 57, 19, 3),
(212, 57, 20, 2),
(213, 57, 21, 3),
(214, 57, 22, 3),
(215, 19, 8, 2.8),
(216, 19, 9, 3),
(217, 19, 10, 2),
(218, 19, 11, 3),
(219, 19, 13, 2.3333333333333),
(220, 19, 14, 2.5),
(221, 19, 15, 2.6666666666667),
(222, 19, 17, 3),
(223, 19, 18, 3),
(224, 19, 19, 3),
(225, 19, 20, 3),
(226, 19, 21, 2.3333333333333),
(227, 19, 22, 3),
(228, 38, 8, 3.2),
(229, 38, 9, 3),
(230, 38, 10, 2),
(231, 38, 11, 2.6),
(232, 38, 13, 2.3333333333333),
(233, 38, 14, 2),
(234, 38, 15, 2.3333333333333),
(235, 38, 17, 3),
(236, 38, 18, 0),
(237, 38, 19, 3),
(238, 38, 20, 2),
(239, 38, 21, 3),
(240, 38, 22, 2),
(241, 48, 8, 3),
(242, 48, 9, 3),
(243, 48, 10, 3),
(244, 48, 11, 3),
(245, 48, 13, 3),
(246, 48, 14, 3),
(247, 48, 15, 3),
(248, 48, 17, 2),
(249, 48, 18, 2),
(250, 48, 19, 3),
(251, 48, 20, 2),
(252, 48, 21, 3),
(253, 48, 22, 3),
(254, 31, 8, 2.8),
(255, 31, 9, 3),
(256, 31, 10, 3),
(257, 31, 11, 3),
(258, 31, 13, 3),
(259, 31, 14, 3),
(260, 31, 15, 2.6666666666667),
(261, 31, 17, 3),
(262, 31, 18, 3),
(263, 31, 19, 3),
(264, 31, 20, 2.6666666666667),
(265, 31, 21, 3),
(266, 31, 22, 3),
(267, 33, 8, 2.6),
(268, 33, 9, 3),
(269, 33, 10, 2),
(270, 33, 11, 2.8),
(271, 33, 13, 2.3333333333333),
(272, 33, 14, 2),
(273, 33, 15, 2.6666666666667),
(274, 33, 17, 3),
(275, 33, 18, 2),
(276, 33, 19, 2.8333333333333),
(277, 33, 20, 2),
(278, 33, 21, 3),
(279, 33, 22, 2),
(280, 13, 8, 2.4),
(281, 13, 9, 2),
(282, 13, 10, 2),
(283, 13, 11, 2.4),
(284, 13, 13, 1.3333333333333),
(285, 13, 14, 2),
(286, 13, 15, 1.6666666666667),
(287, 13, 17, 2),
(288, 13, 18, 1),
(289, 13, 19, 1.3333333333333),
(290, 13, 20, 1.6666666666667),
(291, 13, 21, 1.6666666666667),
(292, 13, 22, 1),
(293, 16, 8, 2.8),
(294, 16, 9, 3),
(295, 16, 10, 3),
(296, 16, 11, 2.8),
(297, 16, 13, 2.3333333333333),
(298, 16, 14, 2),
(299, 16, 15, 2.6666666666667),
(300, 16, 17, 3),
(301, 16, 18, 2),
(302, 16, 19, 2),
(303, 16, 20, 2.6666666666667),
(304, 16, 21, 3),
(305, 16, 22, 2),
(306, 28, 8, 1.8),
(307, 28, 9, 2),
(308, 28, 10, 2),
(309, 28, 11, 1.4),
(310, 28, 13, 2),
(311, 28, 14, 1),
(312, 28, 15, 1),
(313, 28, 17, 0),
(314, 28, 18, 0),
(315, 28, 19, 1.8333333333333),
(316, 28, 20, 1.6666666666667),
(317, 28, 21, 1.5),
(318, 28, 22, 1),
(319, 63, 8, 3),
(320, 63, 9, 3),
(321, 63, 10, 3),
(322, 63, 11, 3),
(323, 63, 13, 2.6666666666667),
(324, 63, 14, 3),
(325, 63, 15, 3),
(326, 63, 17, 3),
(327, 63, 18, 2),
(328, 63, 19, 3),
(329, 63, 20, 2.3333333333333),
(330, 63, 21, 2.3333333333333),
(331, 63, 22, 3),
(332, 67, 8, 3.2),
(333, 67, 9, 3),
(334, 67, 10, 3),
(335, 67, 11, 3),
(336, 67, 13, 3),
(337, 67, 14, 3),
(338, 67, 15, 3),
(339, 67, 17, 3),
(340, 67, 18, 3),
(341, 67, 19, 3.25),
(342, 67, 20, 3),
(343, 67, 21, 2.5),
(344, 67, 22, 3),
(345, 65, 8, 3),
(346, 65, 9, 2),
(347, 65, 10, 3),
(348, 65, 11, 3.2),
(349, 65, 13, 3),
(350, 65, 14, 3),
(351, 65, 15, 3),
(352, 65, 17, 3),
(353, 65, 18, 3),
(354, 65, 19, 3),
(355, 65, 20, 3),
(356, 65, 21, 2),
(357, 65, 22, 3),
(358, 66, 8, 3),
(359, 66, 9, 3),
(360, 66, 10, 3),
(361, 66, 11, 3.2),
(362, 66, 13, 3),
(363, 66, 14, 3),
(364, 66, 15, 3.5),
(365, 66, 17, 3),
(366, 66, 18, 3),
(367, 66, 19, 3),
(368, 66, 20, 3),
(369, 66, 21, 2),
(370, 66, 22, 3),
(371, 68, 8, 3),
(372, 68, 9, 3),
(373, 68, 10, 3),
(374, 68, 11, 3),
(375, 68, 13, 3),
(376, 68, 14, 3),
(377, 68, 15, 3),
(378, 68, 17, 2),
(379, 68, 18, 2),
(380, 68, 19, 3),
(381, 68, 20, 3),
(382, 68, 21, 2),
(383, 68, 22, 3),
(384, 61, 8, 3),
(385, 61, 9, 3),
(386, 61, 10, 2),
(387, 61, 11, 3),
(388, 61, 13, 3),
(389, 61, 14, 2.5),
(390, 61, 15, 3),
(391, 61, 17, 2),
(392, 61, 18, 2),
(393, 61, 19, 3),
(394, 61, 20, 3),
(395, 61, 21, 2),
(396, 61, 22, 3),
(397, 64, 8, 3),
(398, 64, 9, 3),
(399, 64, 10, 2),
(400, 64, 11, 3),
(401, 64, 13, 3),
(402, 64, 14, 2.5),
(403, 64, 15, 3),
(404, 64, 17, 3),
(405, 64, 18, 3),
(406, 64, 19, 3),
(407, 64, 20, 3),
(408, 64, 21, 2),
(409, 64, 22, 3),
(410, 62, 8, 3),
(411, 62, 9, 3),
(412, 62, 10, 3),
(413, 62, 11, 3),
(414, 62, 13, 3.3333333333333),
(415, 62, 14, 2.5),
(416, 62, 15, 3),
(417, 62, 17, 2),
(418, 62, 18, 2),
(419, 62, 19, 3),
(420, 62, 20, 3),
(421, 62, 21, 2),
(422, 62, 22, 3),
(423, 20, 8, 2.8),
(424, 20, 9, 4),
(425, 20, 10, 2),
(426, 20, 11, 3.25),
(427, 20, 13, 2.6666666666667),
(428, 20, 14, 3),
(429, 20, 15, 2),
(430, 20, 17, 3),
(431, 20, 18, 3),
(432, 20, 19, 3.2),
(433, 20, 20, 2.5),
(434, 20, 21, 2.6666666666667),
(435, 20, 22, 3),
(436, 76, 8, 2.8),
(437, 76, 9, 2),
(438, 76, 10, 2),
(439, 76, 11, 3),
(440, 76, 13, 2.6666666666667),
(441, 76, 14, 3),
(442, 76, 15, 2.6666666666667),
(443, 76, 17, 3),
(444, 76, 18, 3),
(445, 76, 19, 3),
(446, 76, 20, 2.3333333333333),
(447, 76, 21, 2),
(448, 76, 22, 3),
(449, 22, 8, 2.8),
(450, 22, 9, 3),
(451, 22, 10, 3),
(452, 22, 11, 2.75),
(453, 22, 13, 2),
(454, 22, 14, 3),
(455, 22, 15, 3),
(456, 22, 17, 0),
(457, 22, 18, 0),
(458, 22, 19, 3),
(459, 22, 20, 3),
(460, 22, 21, 3),
(461, 22, 22, 3),
(462, 11, 8, 3),
(463, 11, 9, 3),
(464, 11, 10, 2),
(465, 11, 11, 2.6),
(466, 11, 13, 2.6666666666667),
(467, 11, 14, 2),
(468, 11, 15, 3),
(469, 11, 17, 2),
(470, 11, 18, 0),
(471, 11, 19, 2.2),
(472, 11, 20, 2.6666666666667),
(473, 11, 21, 3),
(474, 11, 22, 3),
(475, 23, 8, 4),
(476, 23, 9, 4),
(477, 23, 10, 4),
(478, 23, 11, 3.8),
(479, 23, 13, 3.6666666666667),
(480, 23, 14, 4),
(481, 23, 15, 4),
(482, 23, 17, 4),
(483, 23, 18, 4),
(484, 23, 19, 4),
(485, 23, 20, 4),
(486, 23, 21, 4),
(487, 23, 22, 4),
(488, 21, 8, 3.8),
(489, 21, 9, 4),
(490, 21, 10, 3),
(491, 21, 11, 3.75),
(492, 21, 13, 3.5),
(493, 21, 14, 4),
(494, 21, 15, 4),
(495, 21, 17, 0),
(496, 21, 18, 0),
(497, 21, 19, 4),
(498, 21, 20, 4),
(499, 21, 21, 4),
(500, 21, 22, 4),
(501, 25, 8, 2.6),
(502, 25, 9, 2),
(503, 25, 10, 3),
(504, 25, 11, 2.5),
(505, 25, 13, 3),
(506, 25, 14, 2.5),
(507, 25, 15, 2.6666666666667),
(508, 25, 17, 3),
(509, 25, 18, 0),
(510, 25, 19, 2.25),
(511, 25, 20, 3),
(512, 25, 21, 2.3333333333333),
(513, 25, 22, 2),
(514, 26, 8, 3),
(515, 26, 9, 2),
(516, 26, 10, 3),
(517, 26, 11, 3),
(518, 26, 13, 3),
(519, 26, 14, 2.5),
(520, 26, 15, 3),
(521, 26, 17, 0),
(522, 26, 18, 0),
(523, 26, 19, 3),
(524, 26, 20, 3),
(525, 26, 21, 3),
(526, 26, 22, 3),
(527, 35, 8, 2.2),
(528, 35, 9, 3),
(529, 35, 10, 2),
(530, 35, 11, 2.8),
(531, 35, 13, 2),
(532, 35, 14, 2),
(533, 35, 15, 2.6666666666667),
(534, 35, 17, 2),
(535, 35, 18, 0),
(536, 35, 19, 2),
(537, 35, 20, 2),
(538, 35, 21, 3),
(539, 35, 22, 2),
(540, 12, 8, 2),
(541, 12, 9, 3),
(542, 12, 10, 2),
(543, 12, 11, 2),
(544, 12, 13, 2),
(545, 12, 14, 2),
(546, 12, 15, 2),
(547, 12, 17, 2),
(548, 12, 18, 0),
(549, 12, 19, 2),
(550, 12, 20, 2),
(551, 12, 21, 2),
(552, 12, 22, 2),
(553, 17, 8, 2.8),
(554, 17, 9, 3),
(555, 17, 10, 3),
(556, 17, 11, 3),
(557, 17, 13, 2),
(558, 17, 14, 2),
(559, 17, 15, 2.6666666666667),
(560, 17, 17, 0),
(561, 17, 18, 0),
(562, 17, 19, 2.3333333333333),
(563, 17, 20, 2),
(564, 17, 21, 3),
(565, 17, 22, 3),
(566, 32, 8, 2),
(567, 32, 9, 3),
(568, 32, 10, 2),
(569, 32, 11, 2.5),
(570, 32, 13, 2),
(571, 32, 14, 2),
(572, 32, 15, 2.6666666666667),
(573, 32, 17, 3),
(574, 32, 18, 3),
(575, 32, 19, 2),
(576, 32, 20, 2.6666666666667),
(577, 32, 21, 2),
(578, 32, 22, 2),
(579, 30, 8, 3),
(580, 30, 9, 3),
(581, 30, 10, 3),
(582, 30, 11, 3),
(583, 30, 13, 2.6666666666667),
(584, 30, 14, 3),
(585, 30, 15, 2.3333333333333),
(586, 30, 17, 1),
(587, 30, 18, 2),
(588, 30, 19, 2.3333333333333),
(589, 30, 20, 2.6666666666667),
(590, 30, 21, 3),
(591, 30, 22, 3),
(592, 29, 8, 4),
(593, 29, 9, 4),
(594, 29, 10, 4),
(595, 29, 11, 4),
(596, 29, 13, 3),
(597, 29, 14, 3),
(598, 29, 15, 3.3333333333333),
(599, 29, 17, 3),
(600, 29, 18, 3),
(601, 29, 19, 3),
(602, 29, 20, 3.3333333333333),
(603, 29, 21, 3),
(604, 29, 22, 4),
(605, 24, 8, 3),
(606, 24, 9, 3),
(607, 24, 10, 3),
(608, 24, 11, 2.4),
(609, 24, 13, 2),
(610, 24, 14, 2.5),
(611, 24, 15, 2.6666666666667),
(612, 24, 17, 0),
(613, 24, 18, 0),
(614, 24, 19, 2.6666666666667),
(615, 24, 20, 2.6666666666667),
(616, 24, 21, 3),
(617, 24, 22, 2),
(618, 27, 8, 3),
(619, 27, 9, 3),
(620, 27, 10, 2),
(621, 27, 11, 2.8),
(622, 27, 13, 2),
(623, 27, 14, 3),
(624, 27, 15, 3),
(625, 27, 17, 3),
(626, 27, 18, 3),
(627, 27, 19, 2.1666666666667),
(628, 27, 20, 3),
(629, 27, 21, 3),
(630, 27, 22, 3),
(631, 56, 8, 2.4),
(632, 56, 9, 3),
(633, 56, 10, 1),
(634, 56, 11, 2.25),
(635, 56, 13, 2),
(636, 56, 14, 2),
(637, 56, 15, 1.3333333333333),
(638, 56, 17, 1),
(639, 56, 18, 1),
(640, 56, 19, 3),
(641, 56, 20, 1),
(642, 56, 21, 0),
(643, 56, 22, 3),
(644, 37, 8, 2.6),
(645, 37, 9, 3),
(646, 37, 10, 2),
(647, 37, 11, 2.4),
(648, 37, 13, 2),
(649, 37, 14, 2),
(650, 37, 15, 2.3333333333333),
(651, 37, 17, 2),
(652, 37, 18, 1),
(653, 37, 19, 2.6666666666667),
(654, 37, 20, 1),
(655, 37, 21, 3),
(656, 37, 22, 2),
(657, 46, 8, 3),
(658, 46, 9, 3),
(659, 46, 10, 0),
(660, 46, 11, 3),
(661, 46, 13, 3),
(662, 46, 14, 0),
(663, 46, 15, 0),
(664, 46, 17, 3),
(665, 46, 18, 1),
(666, 46, 19, 3),
(667, 46, 20, 0),
(668, 46, 21, 0),
(669, 46, 22, 3),
(670, 36, 8, 3),
(671, 36, 9, 3),
(672, 36, 10, 3),
(673, 36, 11, 3),
(674, 36, 13, 3),
(675, 36, 14, 3),
(676, 36, 15, 3),
(677, 36, 17, 1),
(678, 36, 18, 1),
(679, 36, 19, 3),
(680, 36, 20, 2),
(681, 36, 21, 3),
(682, 36, 22, 3),
(683, 45, 8, 3),
(684, 45, 9, 0),
(685, 45, 10, 0),
(686, 45, 11, 3),
(687, 45, 13, 3),
(688, 45, 14, 0),
(689, 45, 15, 0),
(690, 45, 17, 3),
(691, 45, 18, 0),
(692, 45, 19, 0),
(693, 45, 20, 0),
(694, 45, 21, 0),
(695, 45, 22, 0),
(696, 40, 8, 2.6),
(697, 40, 9, 3),
(698, 40, 10, 2),
(699, 40, 11, 3),
(700, 40, 13, 2.3333333333333),
(701, 40, 14, 2),
(702, 40, 15, 2.3333333333333),
(703, 40, 17, 2),
(704, 40, 18, 1),
(705, 40, 19, 2.6666666666667),
(706, 40, 20, 2),
(707, 40, 21, 0),
(708, 40, 22, 3),
(709, 60, 8, 3),
(710, 60, 9, 3),
(711, 60, 10, 3),
(712, 60, 11, 3),
(713, 60, 13, 3),
(714, 60, 14, 3),
(715, 60, 15, 2.3333333333333),
(716, 60, 17, 4),
(717, 60, 18, 3),
(718, 60, 19, 3),
(719, 60, 20, 2),
(720, 60, 21, 0),
(721, 60, 22, 3),
(722, 41, 8, 2.2),
(723, 41, 9, 1),
(724, 41, 10, 1),
(725, 41, 11, 1.8),
(726, 41, 13, 1.6666666666667),
(727, 41, 14, 1),
(728, 41, 15, 1.6666666666667),
(729, 41, 17, 1),
(730, 41, 18, 1),
(731, 41, 19, 2.3333333333333),
(732, 41, 20, 1),
(733, 41, 21, 0),
(734, 41, 22, 2),
(735, 50, 8, 3),
(736, 50, 9, 3),
(737, 50, 10, 3),
(738, 50, 11, 3),
(739, 50, 13, 3.3333333333333),
(740, 50, 14, 3),
(741, 50, 15, 3),
(742, 50, 17, 3),
(743, 50, 18, 2),
(744, 50, 19, 3),
(745, 50, 20, 3),
(746, 50, 21, 3),
(747, 50, 22, 3),
(748, 43, 8, 3),
(749, 43, 9, 3),
(750, 43, 10, 3),
(751, 43, 11, 2.8),
(752, 43, 13, 2.6666666666667),
(753, 43, 14, 2.5),
(754, 43, 15, 2.3333333333333),
(755, 43, 17, 2),
(756, 43, 18, 2),
(757, 43, 19, 3),
(758, 43, 20, 2.6666666666667),
(759, 43, 21, 3),
(760, 43, 22, 3),
(761, 58, 8, 3),
(762, 58, 9, 3),
(763, 58, 10, 3),
(764, 58, 11, 2.8),
(765, 58, 13, 2.6666666666667),
(766, 58, 14, 3),
(767, 58, 15, 2.3333333333333),
(768, 58, 17, 2),
(769, 58, 18, 3),
(770, 58, 19, 2.8333333333333),
(771, 58, 20, 2),
(772, 58, 21, 3),
(773, 58, 22, 3),
(774, 55, 8, 2.6),
(775, 55, 9, 3),
(776, 55, 10, 2),
(777, 55, 11, 2.8),
(778, 55, 13, 2.5),
(779, 55, 14, 2),
(780, 55, 15, 2.3333333333333),
(781, 55, 17, 2),
(782, 55, 18, 3),
(783, 55, 19, 3),
(784, 55, 20, 2),
(785, 55, 21, 3),
(786, 55, 22, 3),
(787, 54, 8, 3),
(788, 54, 9, 1),
(789, 54, 10, 0),
(790, 54, 11, 0),
(791, 54, 13, 2),
(792, 54, 14, 1),
(793, 54, 15, 0),
(794, 54, 17, 3),
(795, 54, 18, 0),
(796, 54, 19, 0),
(797, 54, 20, 0),
(798, 54, 21, 0),
(799, 54, 22, 0),
(800, 15, 8, 2.6),
(801, 15, 9, 3),
(802, 15, 10, 2),
(803, 15, 11, 3),
(804, 15, 13, 3),
(805, 15, 14, 2),
(806, 15, 15, 2),
(807, 15, 17, 2),
(808, 15, 18, 3),
(809, 15, 19, 2.8333333333333),
(810, 15, 20, 1.3333333333333),
(811, 15, 21, 3),
(812, 15, 22, 3),
(813, 59, 8, 2.6),
(814, 59, 9, 3),
(815, 59, 10, 2),
(816, 59, 11, 3),
(817, 59, 13, 0),
(818, 59, 14, 1),
(819, 59, 15, 1.6666666666667),
(820, 59, 17, 3),
(821, 59, 18, 1),
(822, 59, 19, 2.5),
(823, 59, 20, 1),
(824, 59, 21, 0),
(825, 59, 22, 3),
(826, 34, 8, 3),
(827, 34, 9, 3),
(828, 34, 10, 3),
(829, 34, 11, 3),
(830, 34, 13, 3),
(831, 34, 14, 2.5),
(832, 34, 15, 2.3333333333333),
(833, 34, 17, 2),
(834, 34, 18, 1),
(835, 34, 19, 3),
(836, 34, 20, 1.6666666666667),
(837, 34, 21, 3),
(838, 34, 22, 3),
(839, 14, 8, 2.6),
(840, 14, 9, 3),
(841, 14, 10, 3),
(842, 14, 11, 3),
(843, 14, 13, 3.3333333333333),
(844, 14, 14, 3),
(845, 14, 15, 2.3333333333333),
(846, 14, 17, 3),
(847, 14, 18, 2),
(848, 14, 19, 3),
(849, 14, 20, 2),
(850, 14, 21, 3),
(851, 14, 22, 3),
(852, 53, 8, 2.75),
(853, 53, 9, 0),
(854, 53, 10, 0),
(855, 53, 11, 2.25),
(856, 53, 13, 0),
(857, 53, 14, 2),
(858, 53, 15, 0),
(859, 53, 17, 2),
(860, 53, 18, 2),
(861, 53, 19, 3),
(862, 53, 20, 0),
(863, 53, 21, 0),
(864, 53, 22, 3),
(865, 52, 8, 2.75),
(866, 52, 9, 0),
(867, 52, 10, 0),
(868, 52, 11, 3),
(869, 52, 13, 0),
(870, 52, 14, 0),
(871, 52, 15, 3),
(872, 52, 17, 3),
(873, 52, 18, 0),
(874, 52, 19, 3),
(875, 52, 20, 0),
(876, 52, 21, 0),
(877, 52, 22, 3),
(878, 18, 8, 2.6),
(879, 18, 9, 3),
(880, 18, 10, 3),
(881, 18, 11, 3),
(882, 18, 13, 2.6666666666667),
(883, 18, 14, 2),
(884, 18, 15, 1.6666666666667),
(885, 18, 17, 2),
(886, 18, 18, 2),
(887, 18, 19, 2.8),
(888, 18, 20, 2),
(889, 18, 21, 3),
(890, 18, 22, 3),
(891, 82, 23, 1.5),
(892, 82, 24, 2.5);

-- --------------------------------------------------------

--
-- Estructura de tabla para la tabla `evaluacionCriterio`
--

DROP TABLE IF EXISTS `evaluacionCriterio`;
CREATE TABLE IF NOT EXISTS `evaluacionCriterio` (
  `id` int(11) NOT NULL,
  `participante_id` int(11) DEFAULT NULL,
  `evaluacionActividadClave_id` int(11) NOT NULL,
  `criterio_id` int(11) NOT NULL,
  `evaluacionCriterioRespuesta` int(11) DEFAULT NULL
) ENGINE=InnoDB AUTO_INCREMENT=12 DEFAULT CHARSET=utf8;

--
-- Volcado de datos para la tabla `evaluacionCriterio`
--

INSERT INTO `evaluacionCriterio` (`id`, `participante_id`, `evaluacionActividadClave_id`, `criterio_id`, `evaluacionCriterioRespuesta`) VALUES
(1, 82, 10, 2, 1),
(2, 82, 10, 3, 1),
(3, 82, 10, 4, 1),
(4, 82, 10, 5, 1),
(5, 82, 10, 11, 1),
(6, 82, 10, 12, 1),
(7, 82, 11, 6, 1),
(8, 82, 11, 7, 2),
(9, 82, 11, 8, 3),
(10, 82, 11, 9, 2),
(11, 82, 11, 10, 0);

-- --------------------------------------------------------

--
-- Estructura de tabla para la tabla `evaluacionPregunta`
--

DROP TABLE IF EXISTS `evaluacionPregunta`;
CREATE TABLE IF NOT EXISTS `evaluacionPregunta` (
  `id` int(11) NOT NULL,
  `participante_id` int(11) DEFAULT NULL,
  `evaluacionCompetencia_id` int(11) NOT NULL,
  `pregunta_id` int(11) NOT NULL,
  `evaluacionPreguntaRespuesta` int(11) DEFAULT NULL
) ENGINE=InnoDB AUTO_INCREMENT=2495 DEFAULT CHARSET=latin1;

--
-- Volcado de datos para la tabla `evaluacionPregunta`
--

INSERT INTO `evaluacionPregunta` (`id`, `participante_id`, `evaluacionCompetencia_id`, `pregunta_id`, `evaluacionPreguntaRespuesta`) VALUES
(44, 5, 103, 13, 1),
(45, 5, 104, 6, 3),
(46, 5, 105, 1, 2),
(47, 44, 108, 14, 4),
(48, 44, 108, 15, 2),
(49, 44, 108, 16, 3),
(50, 44, 108, 17, 2),
(51, 44, 108, 18, 4),
(52, 44, 109, 19, 1),
(53, 44, 109, 20, 2),
(54, 44, 109, 21, 3),
(55, 44, 110, 48, 2),
(56, 44, 110, 49, 3),
(57, 44, 110, 50, 3),
(58, 44, 110, 51, 2),
(59, 44, 111, 24, 4),
(60, 44, 111, 25, 2),
(61, 44, 111, 26, 0),
(62, 44, 111, 27, 3),
(63, 44, 112, 28, 3),
(64, 44, 112, 29, 2),
(65, 44, 112, 30, 3),
(66, 44, 112, 31, 0),
(67, 44, 113, 32, 0),
(68, 44, 113, 33, 3),
(69, 44, 113, 34, 3),
(70, 44, 113, 35, 3),
(71, 44, 113, 36, 3),
(72, 44, 114, 37, 3),
(73, 44, 114, 38, 2),
(74, 44, 114, 39, 3),
(75, 44, 114, 40, 1),
(76, 44, 114, 41, 4),
(77, 44, 115, 42, 3),
(78, 44, 115, 43, 2),
(79, 44, 115, 44, 2),
(80, 44, 116, 45, 0),
(81, 44, 116, 46, 1),
(82, 44, 116, 47, 2),
(83, 72, 117, 14, 3),
(84, 72, 117, 15, 3),
(85, 72, 117, 16, 2),
(86, 72, 117, 17, 3),
(87, 72, 117, 18, 2),
(88, 72, 118, 19, 3),
(89, 72, 118, 20, 2),
(90, 72, 118, 21, 2),
(91, 72, 119, 24, 3),
(92, 72, 119, 25, 3),
(93, 72, 119, 26, 2),
(94, 72, 119, 27, 3),
(95, 72, 120, 28, 3),
(96, 72, 120, 29, 3),
(97, 72, 120, 30, 2),
(98, 72, 120, 31, 3),
(99, 72, 121, 42, 2),
(100, 72, 121, 43, 3),
(101, 72, 121, 44, 3),
(102, 72, 122, 48, 2),
(103, 72, 122, 49, 3),
(104, 72, 122, 50, 3),
(105, 72, 122, 51, 3),
(106, 72, 123, 32, 3),
(107, 72, 123, 33, 2),
(108, 72, 123, 34, 3),
(109, 72, 123, 35, 2),
(110, 72, 123, 36, 3),
(111, 72, 124, 37, 2),
(112, 72, 124, 38, 3),
(113, 72, 124, 39, 3),
(114, 72, 124, 40, 2),
(115, 72, 124, 41, 3),
(116, 72, 125, 45, 3),
(117, 72, 125, 46, 2),
(118, 72, 125, 47, 3),
(119, 73, 126, 19, 3),
(120, 73, 126, 20, 3),
(121, 73, 126, 21, 2),
(122, 73, 127, 24, 3),
(123, 73, 127, 25, 3),
(124, 73, 127, 26, 2),
(125, 73, 127, 27, 2),
(126, 73, 128, 28, 3),
(127, 73, 128, 29, 3),
(128, 73, 128, 30, 2),
(129, 73, 128, 31, 2),
(130, 73, 129, 32, 4),
(131, 73, 129, 33, 3),
(132, 73, 129, 34, 3),
(133, 73, 129, 35, 3),
(134, 73, 129, 36, 2),
(135, 73, 130, 37, 3),
(136, 73, 130, 38, 2),
(137, 73, 130, 39, 3),
(138, 73, 130, 40, 2),
(139, 73, 130, 41, 3),
(140, 73, 131, 42, 3),
(141, 73, 131, 43, 3),
(142, 73, 131, 44, 3),
(143, 73, 132, 45, 2),
(144, 73, 132, 46, 3),
(145, 73, 132, 47, 3),
(146, 73, 133, 48, 2),
(147, 73, 133, 49, 3),
(148, 73, 133, 50, 3),
(149, 73, 133, 51, 3),
(150, 73, 134, 14, 3),
(151, 73, 134, 15, 3),
(152, 73, 134, 16, 3),
(153, 73, 134, 17, 2),
(154, 73, 134, 18, 3),
(155, 74, 135, 14, 3),
(156, 74, 135, 15, 3),
(157, 74, 135, 16, 2),
(158, 74, 135, 17, 3),
(159, 74, 135, 18, 3),
(160, 74, 136, 19, 2),
(161, 74, 136, 20, 3),
(162, 74, 136, 21, 2),
(163, 74, 137, 24, 3),
(164, 74, 137, 25, 3),
(165, 74, 137, 26, 3),
(166, 74, 137, 27, 2),
(167, 74, 138, 28, 3),
(168, 74, 138, 29, 3),
(169, 74, 138, 30, 3),
(170, 74, 138, 31, 3),
(171, 74, 139, 32, 2),
(172, 74, 139, 33, 3),
(173, 74, 139, 34, 2),
(174, 74, 139, 35, 2),
(175, 74, 139, 36, 3),
(176, 74, 140, 37, 2),
(177, 74, 140, 38, 3),
(178, 74, 140, 39, 3),
(179, 74, 140, 40, 2),
(180, 74, 140, 41, 3),
(181, 74, 141, 42, 3),
(182, 74, 141, 43, 2),
(183, 74, 141, 44, 3),
(184, 74, 142, 45, 3),
(185, 74, 142, 46, 3),
(186, 74, 142, 47, 3),
(187, 74, 143, 48, 3),
(188, 74, 143, 49, 2),
(189, 74, 143, 50, 3),
(190, 74, 143, 51, 2),
(191, 71, 144, 14, 3),
(192, 71, 144, 15, 4),
(193, 71, 144, 16, 3),
(194, 71, 144, 17, 3),
(195, 71, 144, 18, 3),
(196, 71, 145, 19, 3),
(197, 71, 145, 20, 2),
(198, 71, 145, 21, 3),
(199, 71, 146, 24, 2),
(200, 71, 146, 25, 2),
(201, 71, 146, 26, 2),
(202, 71, 146, 27, 2),
(203, 71, 147, 28, 3),
(204, 71, 147, 29, 3),
(205, 71, 147, 30, 3),
(206, 71, 147, 31, 3),
(207, 71, 148, 32, 2),
(208, 71, 148, 33, 3),
(209, 71, 148, 34, 3),
(210, 71, 148, 35, 2),
(211, 71, 148, 36, 2),
(212, 71, 149, 37, 3),
(213, 71, 149, 38, 2),
(214, 71, 149, 39, 3),
(215, 71, 149, 40, 3),
(216, 71, 149, 41, 3),
(217, 71, 150, 42, 3),
(218, 71, 150, 43, 4),
(219, 71, 150, 44, 3),
(220, 71, 151, 45, 3),
(221, 71, 151, 46, 3),
(222, 71, 151, 47, 3),
(223, 71, 152, 48, 3),
(224, 71, 152, 49, 4),
(225, 71, 152, 50, 3),
(226, 71, 152, 51, 3),
(227, 75, 153, 14, 3),
(228, 75, 153, 15, 3),
(229, 75, 153, 16, 2),
(230, 75, 153, 17, 3),
(231, 75, 153, 18, 3),
(232, 75, 154, 19, 2),
(233, 75, 154, 20, 3),
(234, 75, 154, 21, 3),
(235, 75, 155, 24, 4),
(236, 75, 155, 25, 3),
(237, 75, 155, 26, 3),
(238, 75, 155, 27, 3),
(239, 75, 156, 28, 3),
(240, 75, 156, 29, 3),
(241, 75, 156, 30, 3),
(242, 75, 156, 31, 3),
(243, 75, 157, 32, 3),
(244, 75, 157, 33, 3),
(245, 75, 157, 34, 3),
(246, 75, 157, 35, 3),
(247, 75, 157, 36, 3),
(248, 75, 158, 37, 3),
(249, 75, 158, 38, 3),
(250, 75, 158, 39, 3),
(251, 75, 158, 40, 2),
(252, 75, 158, 41, 3),
(253, 75, 159, 42, 3),
(254, 75, 159, 43, 3),
(255, 75, 159, 44, 3),
(256, 75, 160, 45, 3),
(257, 75, 160, 46, 3),
(258, 75, 160, 47, 3),
(259, 75, 161, 48, 3),
(260, 75, 161, 49, 3),
(261, 75, 161, 50, 3),
(262, 75, 161, 51, 2),
(263, 81, 162, 14, 3),
(264, 81, 162, 15, 4),
(265, 81, 162, 16, 4),
(266, 81, 162, 17, 3),
(267, 81, 162, 18, 4),
(268, 81, 163, 19, 3),
(269, 81, 163, 20, 4),
(270, 81, 163, 21, 3),
(271, 81, 164, 24, 3),
(272, 81, 164, 25, 3),
(273, 81, 164, 26, 4),
(274, 81, 164, 27, 3),
(275, 81, 165, 28, 4),
(276, 81, 165, 29, 3),
(277, 81, 165, 30, 3),
(278, 81, 165, 31, 4),
(279, 81, 166, 32, 4),
(280, 81, 166, 33, 3),
(281, 81, 166, 34, 4),
(282, 81, 166, 35, 2),
(283, 81, 166, 36, 3),
(284, 81, 167, 37, 3),
(285, 81, 167, 38, 4),
(286, 81, 167, 39, 3),
(287, 81, 167, 40, 3),
(288, 81, 167, 41, 4),
(289, 81, 168, 42, 3),
(290, 81, 168, 43, 4),
(291, 81, 168, 44, 4),
(292, 81, 169, 45, 3),
(293, 81, 169, 46, 3),
(294, 81, 169, 47, 4),
(295, 81, 170, 48, 4),
(296, 81, 170, 49, 4),
(297, 81, 170, 50, 3),
(298, 81, 170, 51, 3),
(299, 80, 171, 14, 4),
(300, 80, 171, 15, 4),
(301, 80, 171, 16, 3),
(302, 80, 171, 17, 3),
(303, 80, 171, 18, 3),
(304, 80, 172, 19, 3),
(305, 80, 172, 20, 4),
(306, 80, 172, 21, 4),
(307, 80, 173, 24, 2),
(308, 80, 173, 25, 3),
(309, 80, 173, 26, 3),
(310, 80, 173, 27, 3),
(311, 80, 174, 28, 3),
(312, 80, 174, 29, 3),
(313, 80, 174, 30, 3),
(314, 80, 174, 31, 3),
(315, 80, 175, 32, 3),
(316, 80, 175, 33, 3),
(317, 80, 175, 34, 4),
(318, 80, 175, 35, 2),
(319, 80, 175, 36, 2),
(320, 80, 176, 37, 3),
(321, 80, 176, 38, 3),
(322, 80, 176, 39, 3),
(323, 80, 176, 40, 2),
(324, 80, 176, 41, 3),
(325, 80, 177, 42, 4),
(326, 80, 177, 43, 3),
(327, 80, 177, 44, 3),
(328, 80, 178, 45, 3),
(329, 80, 178, 46, 3),
(330, 80, 178, 47, 3),
(331, 80, 179, 48, 3),
(332, 80, 179, 49, 4),
(333, 80, 179, 50, 3),
(334, 80, 179, 51, 3),
(335, 69, 180, 14, 3),
(336, 69, 180, 15, 4),
(337, 69, 180, 16, 3),
(338, 69, 180, 17, 3),
(339, 69, 180, 18, 4),
(340, 69, 181, 19, 4),
(341, 69, 181, 20, 3),
(342, 69, 181, 21, 3),
(343, 69, 182, 24, 3),
(344, 69, 182, 25, 4),
(345, 69, 182, 26, 4),
(346, 69, 182, 27, 3),
(347, 69, 183, 28, 3),
(348, 69, 183, 29, 4),
(349, 69, 183, 30, 3),
(350, 69, 183, 31, 3),
(351, 69, 184, 32, 3),
(352, 69, 184, 33, 4),
(353, 69, 184, 34, 3),
(354, 69, 184, 35, 3),
(355, 69, 184, 36, 4),
(356, 69, 185, 37, 3),
(357, 69, 185, 38, 3),
(358, 69, 185, 39, 3),
(359, 69, 185, 40, 3),
(360, 69, 185, 41, 3),
(361, 69, 186, 42, 3),
(362, 69, 186, 43, 3),
(363, 69, 186, 44, 3),
(364, 69, 187, 45, 3),
(365, 69, 187, 46, 3),
(366, 69, 187, 47, 3),
(367, 69, 188, 48, 3),
(368, 69, 188, 49, 3),
(369, 69, 188, 50, 4),
(370, 69, 188, 51, 3),
(371, 70, 189, 14, 3),
(372, 70, 189, 15, 4),
(373, 70, 189, 16, 3),
(374, 70, 189, 17, 3),
(375, 70, 189, 18, 3),
(376, 70, 190, 19, 3),
(377, 70, 190, 20, 3),
(378, 70, 190, 21, 3),
(379, 70, 191, 24, 3),
(380, 70, 191, 25, 2),
(381, 70, 191, 26, 3),
(382, 70, 191, 27, 3),
(383, 70, 192, 28, 3),
(384, 70, 192, 29, 3),
(385, 70, 192, 30, 3),
(386, 70, 192, 31, 3),
(387, 70, 193, 32, 4),
(388, 70, 193, 33, 3),
(389, 70, 193, 34, 3),
(390, 70, 193, 35, 2),
(391, 70, 193, 36, 3),
(392, 70, 194, 37, 3),
(393, 70, 194, 38, 3),
(394, 70, 194, 39, 3),
(395, 70, 194, 40, 3),
(396, 70, 194, 41, 3),
(397, 70, 195, 42, 3),
(398, 70, 195, 43, 3),
(399, 70, 195, 44, 3),
(400, 70, 196, 45, 3),
(401, 70, 196, 46, 2),
(402, 70, 196, 47, 3),
(403, 70, 197, 48, 3),
(404, 70, 197, 49, 3),
(405, 70, 197, 50, 3),
(406, 70, 197, 51, 3),
(407, 77, 198, 14, 3),
(408, 77, 198, 15, 4),
(409, 77, 198, 16, 2),
(410, 77, 198, 17, 3),
(411, 77, 198, 18, 4),
(412, 77, 199, 19, 3),
(413, 77, 199, 20, 3),
(414, 77, 199, 21, 3),
(415, 77, 200, 24, 4),
(416, 77, 200, 25, 3),
(417, 77, 200, 26, 2),
(418, 77, 200, 27, 3),
(419, 77, 201, 28, 3),
(420, 77, 201, 29, 3),
(421, 77, 201, 30, 3),
(422, 77, 201, 31, 3),
(423, 77, 202, 32, 3),
(424, 77, 202, 33, 4),
(425, 77, 202, 34, 3),
(426, 77, 202, 35, 3),
(427, 77, 202, 36, 3),
(428, 77, 203, 37, 3),
(429, 77, 203, 38, 3),
(430, 77, 203, 39, 3),
(431, 77, 203, 40, 3),
(432, 77, 203, 41, 3),
(433, 77, 204, 42, 3),
(434, 77, 204, 43, 3),
(435, 77, 204, 44, 4),
(436, 77, 205, 45, 3),
(437, 77, 205, 46, 3),
(438, 77, 205, 47, 3),
(439, 77, 206, 48, 3),
(440, 77, 206, 49, 3),
(441, 77, 206, 50, 3),
(442, 77, 206, 51, 3),
(443, 79, 207, 14, 3),
(444, 79, 207, 15, 4),
(445, 79, 207, 16, 3),
(446, 79, 207, 17, 3),
(447, 79, 207, 18, 3),
(448, 79, 208, 19, 3),
(449, 79, 208, 20, 3),
(450, 79, 208, 21, 3),
(451, 79, 209, 24, 3),
(452, 79, 209, 25, 3),
(453, 79, 209, 26, 3),
(454, 79, 209, 27, 3),
(455, 79, 210, 28, 3),
(456, 79, 210, 29, 3),
(457, 79, 210, 30, 2),
(458, 79, 210, 31, 2),
(459, 79, 211, 32, 3),
(460, 79, 211, 33, 2),
(461, 79, 211, 34, 3),
(462, 79, 211, 35, 3),
(463, 79, 211, 36, 2),
(464, 79, 212, 37, 3),
(465, 79, 212, 38, 3),
(466, 79, 212, 39, 3),
(467, 79, 212, 40, 3),
(468, 79, 212, 41, 3),
(469, 79, 213, 42, 3),
(470, 79, 213, 43, 3),
(471, 79, 213, 44, 4),
(472, 79, 214, 45, 3),
(473, 79, 214, 46, 3),
(474, 79, 214, 47, 4),
(475, 79, 215, 48, 3),
(476, 79, 215, 49, 3),
(477, 79, 215, 50, 3),
(478, 79, 215, 51, 3),
(479, 78, 216, 14, 3),
(480, 78, 216, 15, 4),
(481, 78, 216, 16, 3),
(482, 78, 216, 17, 3),
(483, 78, 216, 18, 3),
(484, 78, 217, 19, 3),
(485, 78, 217, 20, 3),
(486, 78, 217, 21, 3),
(487, 78, 218, 24, 3),
(488, 78, 218, 25, 3),
(489, 78, 218, 26, 3),
(490, 78, 218, 27, 3),
(491, 78, 219, 28, 2),
(492, 78, 219, 29, 3),
(493, 78, 219, 30, 3),
(494, 78, 219, 31, 2),
(495, 78, 220, 32, 3),
(496, 78, 220, 33, 4),
(497, 78, 220, 34, 3),
(498, 78, 220, 35, 2),
(499, 78, 220, 36, 3),
(500, 78, 221, 37, 3),
(501, 78, 221, 38, 3),
(502, 78, 221, 39, 3),
(503, 78, 221, 40, 3),
(504, 78, 221, 41, 3),
(505, 78, 222, 42, 3),
(506, 78, 222, 43, 3),
(507, 78, 222, 44, 4),
(508, 78, 223, 45, 3),
(509, 78, 223, 46, 3),
(510, 78, 223, 47, 3),
(511, 78, 224, 48, 3),
(512, 78, 224, 49, 4),
(513, 78, 224, 50, 3),
(514, 78, 224, 51, 3),
(515, 47, 225, 14, 3),
(516, 47, 225, 15, 4),
(517, 47, 225, 16, 4),
(518, 47, 225, 17, 4),
(519, 47, 225, 18, 4),
(520, 47, 226, 19, 3),
(521, 47, 226, 20, 3),
(522, 47, 226, 21, 3),
(523, 47, 227, 24, 4),
(524, 47, 227, 25, 3),
(525, 47, 227, 26, 4),
(526, 47, 227, 27, 4),
(527, 47, 228, 28, 4),
(528, 47, 228, 29, 3),
(529, 47, 228, 30, 3),
(530, 47, 228, 31, 3),
(531, 47, 229, 32, 4),
(532, 47, 229, 33, 4),
(533, 47, 229, 34, 4),
(534, 47, 229, 35, 4),
(535, 47, 229, 36, 4),
(536, 47, 230, 37, 4),
(537, 47, 230, 38, 4),
(538, 47, 230, 39, 4),
(539, 47, 230, 40, 4),
(540, 47, 230, 41, 4),
(541, 47, 231, 42, 3),
(542, 47, 231, 43, 3),
(543, 47, 231, 44, 3),
(544, 47, 232, 45, 4),
(545, 47, 232, 46, 4),
(546, 47, 232, 47, 4),
(547, 47, 233, 48, 3),
(548, 47, 233, 49, 3),
(549, 47, 233, 50, 3),
(550, 47, 233, 51, 3),
(551, 39, 234, 14, 2),
(552, 39, 234, 15, 3),
(553, 39, 234, 16, 2),
(554, 39, 234, 17, 2),
(555, 39, 234, 18, 2),
(556, 39, 235, 19, 2),
(557, 39, 235, 20, 2),
(558, 39, 235, 21, 2),
(559, 39, 236, 24, 2),
(560, 39, 236, 25, 2),
(561, 39, 236, 26, 2),
(562, 39, 236, 27, 2),
(563, 39, 237, 28, 2),
(564, 39, 237, 29, 2),
(565, 39, 237, 30, 2),
(566, 39, 237, 31, 2),
(567, 39, 238, 32, 3),
(568, 39, 238, 33, 2),
(569, 39, 238, 34, 2),
(570, 39, 238, 35, 2),
(571, 39, 238, 36, 2),
(572, 39, 239, 37, 2),
(573, 39, 239, 38, 2),
(574, 39, 239, 39, 2),
(575, 39, 239, 40, 2),
(576, 39, 239, 41, 2),
(577, 39, 240, 42, 2),
(578, 39, 240, 43, 2),
(579, 39, 240, 44, 3),
(580, 39, 241, 45, 3),
(581, 39, 241, 46, 3),
(582, 39, 241, 47, 2),
(583, 39, 242, 48, 2),
(584, 39, 242, 49, 2),
(585, 39, 242, 50, 2),
(586, 39, 242, 51, 2),
(587, 57, 243, 14, 3),
(588, 57, 243, 15, 4),
(589, 57, 243, 16, 3),
(590, 57, 243, 17, 3),
(591, 57, 243, 18, 3),
(592, 57, 244, 19, 3),
(593, 57, 244, 20, 3),
(594, 57, 244, 21, 2),
(595, 57, 245, 24, 3),
(596, 57, 245, 25, 3),
(597, 57, 245, 26, 3),
(598, 57, 245, 27, 3),
(599, 57, 246, 28, 3),
(600, 57, 246, 29, 2),
(601, 57, 246, 30, 3),
(602, 57, 246, 31, 2),
(603, 57, 247, 32, 3),
(604, 57, 247, 33, 3),
(605, 57, 247, 34, 3),
(606, 57, 247, 35, 3),
(607, 57, 247, 36, 3),
(608, 57, 248, 37, 3),
(609, 57, 248, 38, 3),
(610, 57, 248, 39, 3),
(611, 57, 248, 40, 3),
(612, 57, 248, 41, 3),
(613, 57, 249, 42, 2),
(614, 57, 249, 43, 2),
(615, 57, 249, 44, 2),
(616, 57, 250, 45, 3),
(617, 57, 250, 46, 3),
(618, 57, 250, 47, 3),
(619, 57, 251, 48, 3),
(620, 57, 251, 49, 3),
(621, 57, 251, 50, 3),
(622, 57, 251, 51, 3),
(623, 19, 252, 14, 3),
(624, 19, 252, 15, 3),
(625, 19, 252, 16, 2),
(626, 19, 252, 17, 3),
(627, 19, 252, 18, 3),
(628, 19, 253, 19, 2),
(629, 19, 253, 20, 3),
(630, 19, 253, 21, 3),
(631, 19, 254, 24, 2),
(632, 19, 254, 25, 3),
(633, 19, 254, 26, 2),
(634, 19, 254, 27, 3),
(635, 19, 255, 28, 3),
(636, 19, 255, 29, 2),
(637, 19, 255, 30, 3),
(638, 19, 255, 31, 3),
(639, 19, 256, 32, 4),
(640, 19, 256, 33, 3),
(641, 19, 256, 34, 3),
(642, 19, 256, 35, 3),
(643, 19, 256, 36, 3),
(644, 19, 257, 37, 3),
(645, 19, 257, 38, 3),
(646, 19, 257, 39, 3),
(647, 19, 257, 40, 2),
(648, 19, 257, 41, 3),
(649, 19, 258, 42, 3),
(650, 19, 258, 43, 2),
(651, 19, 258, 44, 4),
(652, 19, 259, 45, 3),
(653, 19, 259, 46, 3),
(654, 19, 259, 47, 3),
(655, 19, 260, 48, 2),
(656, 19, 260, 49, 3),
(657, 19, 260, 50, 3),
(658, 19, 260, 51, 3),
(659, 38, 261, 14, 4),
(660, 38, 261, 15, 4),
(661, 38, 261, 16, 4),
(662, 38, 261, 17, 4),
(663, 38, 261, 18, 4),
(664, 38, 262, 19, 4),
(665, 38, 262, 20, 4),
(666, 38, 262, 21, 3),
(667, 38, 263, 24, 3),
(668, 38, 263, 25, 3),
(669, 38, 263, 26, 3),
(670, 38, 263, 27, 3),
(671, 38, 264, 28, 3),
(672, 38, 264, 29, 3),
(673, 38, 264, 30, 3),
(674, 38, 264, 31, 3),
(675, 38, 265, 32, 3),
(676, 38, 265, 33, 2),
(677, 38, 265, 34, 2),
(678, 38, 265, 35, 2),
(679, 38, 265, 36, 2),
(680, 38, 266, 37, 3),
(681, 38, 266, 38, 3),
(682, 38, 266, 39, 3),
(683, 38, 266, 40, 3),
(684, 38, 266, 41, 3),
(685, 38, 267, 42, 3),
(686, 38, 267, 43, 3),
(687, 38, 267, 44, 3),
(688, 38, 268, 45, 3),
(689, 38, 268, 46, 3),
(690, 38, 268, 47, 3),
(691, 38, 269, 48, 3),
(692, 38, 269, 49, 3),
(693, 38, 269, 50, 3),
(694, 38, 269, 51, 3),
(695, 48, 270, 14, 3),
(696, 48, 270, 15, 4),
(697, 48, 270, 16, 3),
(698, 48, 270, 17, 3),
(699, 48, 270, 18, 3),
(700, 48, 271, 19, 3),
(701, 48, 271, 20, 3),
(702, 48, 271, 21, 3),
(703, 48, 272, 24, 3),
(704, 48, 272, 25, 3),
(705, 48, 272, 26, 3),
(706, 48, 272, 27, 3),
(707, 48, 273, 28, 3),
(708, 48, 273, 29, 3),
(709, 48, 273, 30, 3),
(710, 48, 273, 31, 3),
(711, 48, 274, 32, 4),
(712, 48, 274, 33, 4),
(713, 48, 274, 34, 4),
(714, 48, 274, 35, 4),
(715, 48, 274, 36, 4),
(716, 48, 275, 37, 4),
(717, 48, 275, 38, 4),
(718, 48, 275, 39, 4),
(719, 48, 275, 40, 4),
(720, 48, 275, 41, 4),
(721, 48, 276, 42, 3),
(722, 48, 276, 43, 3),
(723, 48, 276, 44, 3),
(724, 48, 277, 45, 3),
(725, 48, 277, 46, 3),
(726, 48, 277, 47, 3),
(727, 48, 278, 48, 3),
(728, 48, 278, 49, 3),
(729, 48, 278, 50, 3),
(730, 48, 278, 51, 3),
(731, 31, 279, 48, 3),
(732, 31, 279, 49, 3),
(733, 31, 279, 50, 3),
(734, 31, 279, 51, 2),
(735, 31, 280, 14, 3),
(736, 31, 280, 15, 3),
(737, 31, 280, 16, 3),
(738, 31, 280, 17, 3),
(739, 31, 280, 18, 3),
(740, 31, 281, 19, 3),
(741, 31, 281, 20, 3),
(742, 31, 281, 21, 2),
(743, 31, 282, 24, 3),
(744, 31, 282, 25, 3),
(745, 31, 282, 26, 3),
(746, 31, 282, 27, 3),
(747, 31, 283, 28, 3),
(748, 31, 283, 29, 3),
(749, 31, 283, 30, 3),
(750, 31, 283, 31, 3),
(751, 31, 284, 32, 3),
(752, 31, 284, 33, 3),
(753, 31, 284, 34, 3),
(754, 31, 284, 35, 2),
(755, 31, 284, 36, 3),
(756, 31, 285, 37, 3),
(757, 31, 285, 38, 3),
(758, 31, 285, 39, 3),
(759, 31, 285, 40, 3),
(760, 31, 285, 41, 3),
(761, 31, 286, 42, 3),
(762, 31, 286, 43, 3),
(763, 31, 286, 44, 3),
(764, 31, 287, 45, 3),
(765, 31, 287, 46, 3),
(766, 31, 287, 47, 3),
(767, 33, 288, 14, 2),
(768, 33, 288, 15, 3),
(769, 33, 288, 16, 3),
(770, 33, 288, 17, 2),
(771, 33, 288, 18, 2),
(772, 33, 289, 19, 2),
(773, 33, 289, 20, 2),
(774, 33, 289, 21, 2),
(775, 33, 290, 24, 3),
(776, 33, 290, 25, 2),
(777, 33, 290, 26, 2),
(778, 33, 290, 27, 3),
(779, 33, 291, 28, 3),
(780, 33, 291, 29, 2),
(781, 33, 291, 30, 2),
(782, 33, 291, 31, 2),
(783, 33, 292, 32, 3),
(784, 33, 292, 33, 3),
(785, 33, 292, 34, 3),
(786, 33, 292, 35, 2),
(787, 33, 292, 36, 2),
(788, 33, 293, 37, 2),
(789, 33, 293, 38, 3),
(790, 33, 293, 39, 3),
(791, 33, 293, 40, 2),
(792, 33, 293, 41, 2),
(793, 33, 294, 42, 3),
(794, 33, 294, 43, 2),
(795, 33, 294, 44, 3),
(796, 33, 295, 45, 3),
(797, 33, 295, 46, 3),
(798, 33, 295, 47, 3),
(799, 33, 296, 48, 2),
(800, 33, 296, 49, 2),
(801, 33, 296, 50, 2),
(802, 33, 296, 51, 2),
(803, 13, 297, 14, 2),
(804, 13, 297, 15, 2),
(805, 13, 297, 16, 2),
(806, 13, 297, 17, 2),
(807, 13, 297, 18, 2),
(808, 13, 298, 19, 2),
(809, 13, 298, 20, 2),
(810, 13, 298, 21, 1),
(811, 13, 299, 24, 2),
(812, 13, 299, 25, 1),
(813, 13, 299, 26, 1),
(814, 13, 299, 27, 2),
(815, 13, 300, 28, 2),
(816, 13, 300, 29, 2),
(817, 13, 300, 30, 1),
(818, 13, 300, 31, 1),
(819, 13, 301, 32, 2),
(820, 13, 301, 33, 2),
(821, 13, 301, 34, 3),
(822, 13, 301, 35, 3),
(823, 13, 301, 36, 2),
(824, 13, 302, 37, 2),
(825, 13, 302, 38, 2),
(826, 13, 302, 39, 2),
(827, 13, 302, 40, 2),
(828, 13, 302, 41, 2),
(829, 13, 303, 42, 2),
(830, 13, 303, 43, 2),
(831, 13, 303, 44, 2),
(832, 13, 304, 45, 2),
(833, 13, 304, 46, 2),
(834, 13, 304, 47, 3),
(835, 13, 305, 48, 2),
(836, 13, 305, 49, 2),
(837, 13, 305, 50, 2),
(838, 13, 305, 51, 2),
(839, 16, 306, 14, 3),
(840, 16, 306, 15, 3),
(841, 16, 306, 16, 2),
(842, 16, 306, 17, 2),
(843, 16, 306, 18, 3),
(844, 16, 307, 19, 2),
(845, 16, 307, 20, 3),
(846, 16, 307, 21, 2),
(847, 16, 308, 24, 3),
(848, 16, 308, 25, 2),
(849, 16, 308, 26, 2),
(850, 16, 308, 27, 3),
(851, 16, 309, 28, 2),
(852, 16, 309, 29, 2),
(853, 16, 309, 30, 3),
(854, 16, 309, 31, 3),
(855, 16, 310, 32, 3),
(856, 16, 310, 33, 3),
(857, 16, 310, 34, 3),
(858, 16, 310, 35, 3),
(859, 16, 310, 36, 3),
(860, 16, 311, 37, 2),
(861, 16, 311, 38, 2),
(862, 16, 311, 39, 2),
(863, 16, 311, 40, 2),
(864, 16, 311, 41, 2),
(865, 16, 312, 42, 3),
(866, 16, 312, 43, 2),
(867, 16, 312, 44, 3),
(868, 16, 313, 45, 3),
(869, 16, 313, 46, 3),
(870, 16, 313, 47, 3),
(871, 16, 314, 48, 2),
(872, 16, 314, 49, 2),
(873, 16, 314, 50, 2),
(874, 16, 314, 51, 2),
(875, 28, 315, 14, 2),
(876, 28, 315, 15, 2),
(877, 28, 315, 16, 2),
(878, 28, 315, 17, 2),
(879, 28, 315, 18, 2),
(880, 28, 316, 19, 1),
(881, 28, 316, 20, 2),
(882, 28, 316, 21, 2),
(883, 28, 317, 24, 2),
(884, 28, 317, 25, 1),
(885, 28, 317, 26, 2),
(886, 28, 317, 27, 1),
(887, 28, 318, 28, 2),
(888, 28, 318, 29, 1),
(889, 28, 318, 30, 1),
(890, 28, 318, 31, 1),
(891, 28, 319, 32, 2),
(892, 28, 319, 33, 2),
(893, 28, 319, 34, 2),
(894, 28, 319, 35, 2),
(895, 28, 319, 36, 2),
(896, 28, 320, 37, 2),
(897, 28, 320, 38, 2),
(898, 28, 320, 39, 2),
(899, 28, 320, 40, 1),
(900, 28, 320, 41, 2),
(901, 28, 321, 42, 2),
(902, 28, 321, 43, 1),
(903, 28, 321, 44, 2),
(904, 28, 322, 45, 2),
(905, 28, 322, 46, 2),
(906, 28, 322, 47, 2),
(907, 28, 323, 48, 2),
(908, 28, 323, 49, 2),
(909, 28, 323, 50, 2),
(910, 28, 323, 51, 2),
(911, 63, 324, 14, 3),
(912, 63, 324, 15, 3),
(913, 63, 324, 16, 3),
(914, 63, 324, 17, 3),
(915, 63, 324, 18, 3),
(916, 63, 325, 19, 2),
(917, 63, 325, 20, 2),
(918, 63, 325, 21, 3),
(919, 63, 326, 24, 3),
(920, 63, 326, 25, 3),
(921, 63, 326, 26, 3),
(922, 63, 326, 27, 3),
(923, 63, 327, 28, 3),
(924, 63, 327, 29, 2),
(925, 63, 327, 30, 3),
(926, 63, 327, 31, 3),
(927, 63, 328, 32, 1),
(928, 63, 328, 33, 2),
(929, 63, 328, 34, 2),
(930, 63, 328, 35, 2),
(931, 63, 328, 36, 2),
(932, 63, 329, 37, 2),
(933, 63, 329, 38, 2),
(934, 63, 329, 39, 2),
(935, 63, 329, 40, 2),
(936, 63, 329, 41, 3),
(937, 63, 330, 42, 2),
(938, 63, 330, 43, 3),
(939, 63, 330, 44, 3),
(940, 63, 331, 45, 3),
(941, 63, 331, 46, 3),
(942, 63, 331, 47, 1),
(943, 63, 332, 48, 2),
(944, 63, 332, 49, 2),
(945, 63, 332, 50, 3),
(946, 63, 332, 51, 2),
(947, 67, 333, 14, 3),
(948, 67, 333, 15, 3),
(949, 67, 333, 16, 4),
(950, 67, 333, 17, 4),
(951, 67, 333, 18, 3),
(952, 67, 334, 19, 4),
(953, 67, 334, 20, 3),
(954, 67, 334, 21, 4),
(955, 67, 335, 24, 3),
(956, 67, 335, 25, 3),
(957, 67, 335, 26, 3),
(958, 67, 335, 27, 3),
(959, 67, 336, 28, 3),
(960, 67, 336, 29, 3),
(961, 67, 336, 30, 2),
(962, 67, 336, 31, 2),
(963, 67, 337, 32, 3),
(964, 67, 337, 33, 3),
(965, 67, 337, 34, 3),
(966, 67, 337, 35, 3),
(967, 67, 337, 36, 3),
(968, 67, 338, 37, 4),
(969, 67, 338, 38, 3),
(970, 67, 338, 39, 3),
(971, 67, 338, 40, 3),
(972, 67, 338, 41, 4),
(973, 67, 339, 42, 3),
(974, 67, 339, 43, 4),
(975, 67, 339, 44, 3),
(976, 67, 340, 45, 3),
(977, 67, 340, 46, 3),
(978, 67, 340, 47, 3),
(979, 67, 341, 48, 3),
(980, 67, 341, 49, 3),
(981, 67, 341, 50, 3),
(982, 67, 341, 51, 3),
(983, 65, 342, 14, 3),
(984, 65, 342, 15, 3),
(985, 65, 342, 16, 3),
(986, 65, 342, 17, 3),
(987, 65, 342, 18, 3),
(988, 65, 343, 19, 3),
(989, 65, 343, 20, 3),
(990, 65, 343, 21, 4),
(991, 65, 344, 24, 4),
(992, 65, 344, 25, 3),
(993, 65, 344, 26, 3),
(994, 65, 344, 27, 3),
(995, 65, 345, 28, 3),
(996, 65, 345, 29, 4),
(997, 65, 345, 30, 3),
(998, 65, 345, 31, 3),
(999, 65, 346, 32, 3),
(1000, 65, 346, 33, 2),
(1001, 65, 346, 34, 2),
(1002, 65, 346, 35, 2),
(1003, 65, 346, 36, 2),
(1004, 65, 347, 37, 3),
(1005, 65, 347, 38, 3),
(1006, 65, 347, 39, 3),
(1007, 65, 347, 40, 3),
(1008, 65, 347, 41, 3),
(1009, 65, 348, 42, 3),
(1010, 65, 348, 43, 3),
(1011, 65, 348, 44, 3),
(1012, 65, 349, 45, 3),
(1013, 65, 349, 46, 2),
(1014, 65, 349, 47, 3),
(1015, 65, 350, 48, 3),
(1016, 65, 350, 49, 3),
(1017, 65, 350, 50, 3),
(1018, 65, 350, 51, 2),
(1019, 66, 351, 14, 3),
(1020, 66, 351, 15, 4),
(1021, 66, 351, 16, 3),
(1022, 66, 351, 17, 3),
(1023, 66, 351, 18, 3),
(1024, 66, 352, 19, 3),
(1025, 66, 352, 20, 3),
(1026, 66, 352, 21, 3),
(1027, 66, 353, 24, 3),
(1028, 66, 353, 25, 3),
(1029, 66, 353, 26, 3),
(1030, 66, 353, 27, 4),
(1031, 66, 354, 28, 4),
(1032, 66, 354, 29, 4),
(1033, 66, 354, 30, 4),
(1034, 66, 354, 31, 4),
(1035, 66, 355, 32, 3),
(1036, 66, 355, 33, 4),
(1037, 66, 355, 34, 4),
(1038, 66, 355, 35, 4),
(1039, 66, 355, 36, 3),
(1040, 66, 356, 37, 4),
(1041, 66, 356, 38, 4),
(1042, 66, 356, 39, 4),
(1043, 66, 356, 40, 3),
(1044, 66, 356, 41, 4),
(1045, 66, 357, 42, 4),
(1046, 66, 357, 43, 4),
(1047, 66, 357, 44, 3),
(1048, 66, 358, 45, 3),
(1049, 66, 358, 46, 4),
(1050, 66, 358, 47, 4),
(1051, 66, 359, 48, 3),
(1052, 66, 359, 49, 3),
(1053, 66, 359, 50, 3),
(1054, 66, 359, 51, 3),
(1055, 68, 360, 14, 3),
(1056, 68, 360, 15, 3),
(1057, 68, 360, 16, 3),
(1058, 68, 360, 17, 2),
(1059, 68, 360, 18, 3),
(1060, 68, 361, 19, 3),
(1061, 68, 361, 20, 3),
(1062, 68, 361, 21, 3),
(1063, 68, 362, 24, 3),
(1064, 68, 362, 25, 3),
(1065, 68, 362, 26, 3),
(1066, 68, 362, 27, 3),
(1067, 68, 363, 28, 2),
(1068, 68, 363, 29, 3),
(1069, 68, 363, 30, 1),
(1070, 68, 363, 31, 3),
(1071, 68, 364, 32, 3),
(1072, 68, 364, 33, 3),
(1073, 68, 364, 34, 3),
(1074, 68, 364, 35, 3),
(1075, 68, 364, 36, 3),
(1076, 68, 365, 37, 3),
(1077, 68, 365, 38, 3),
(1078, 68, 365, 39, 3),
(1079, 68, 365, 40, 2),
(1080, 68, 365, 41, 2),
(1081, 68, 366, 42, 3),
(1082, 68, 366, 43, 2),
(1083, 68, 366, 44, 1),
(1084, 68, 367, 45, 3),
(1085, 68, 367, 46, 3),
(1086, 68, 367, 47, 3),
(1087, 68, 368, 48, 3),
(1088, 68, 368, 49, 3),
(1089, 68, 368, 50, 3),
(1090, 68, 368, 51, 2),
(1091, 61, 369, 14, 3),
(1092, 61, 369, 15, 3),
(1093, 61, 369, 16, 3),
(1094, 61, 369, 17, 3),
(1095, 61, 369, 18, 3),
(1096, 61, 370, 19, 3),
(1097, 61, 370, 20, 3),
(1098, 61, 370, 21, 3),
(1099, 61, 371, 24, 3),
(1100, 61, 371, 25, 3),
(1101, 61, 371, 26, 3),
(1102, 61, 371, 27, 3),
(1103, 61, 372, 28, 3),
(1104, 61, 372, 29, 3),
(1105, 61, 372, 30, 3),
(1106, 61, 372, 31, 3),
(1107, 61, 373, 32, 4),
(1108, 61, 373, 33, 3),
(1109, 61, 373, 34, 3),
(1110, 61, 373, 35, 3),
(1111, 61, 373, 36, 3),
(1112, 61, 374, 37, 3),
(1113, 61, 374, 38, 3),
(1114, 61, 374, 39, 3),
(1115, 61, 374, 40, 3),
(1116, 61, 374, 41, 3),
(1117, 61, 375, 42, 3),
(1118, 61, 375, 43, 3),
(1119, 61, 375, 44, 3),
(1120, 61, 376, 45, 3),
(1121, 61, 376, 46, 3),
(1122, 61, 376, 47, 3),
(1123, 61, 377, 48, 3),
(1124, 61, 377, 49, 3),
(1125, 61, 377, 50, 3),
(1126, 61, 377, 51, 2),
(1127, 64, 378, 14, 3),
(1128, 64, 378, 15, 3),
(1129, 64, 378, 16, 3),
(1130, 64, 378, 17, 3),
(1131, 64, 378, 18, 3),
(1132, 64, 379, 19, 3),
(1133, 64, 379, 20, 3),
(1134, 64, 379, 21, 3),
(1135, 64, 380, 24, 3),
(1136, 64, 380, 25, 3),
(1137, 64, 380, 26, 3),
(1138, 64, 380, 27, 3),
(1139, 64, 381, 28, 3),
(1140, 64, 381, 29, 3),
(1141, 64, 381, 30, 3),
(1142, 64, 381, 31, 4),
(1143, 64, 382, 32, 4),
(1144, 64, 382, 33, 3),
(1145, 64, 382, 34, 4),
(1146, 64, 382, 35, 3),
(1147, 64, 382, 36, 3),
(1148, 64, 383, 37, 3),
(1149, 64, 383, 38, 3),
(1150, 64, 383, 39, 3),
(1151, 64, 383, 40, 3),
(1152, 64, 383, 41, 3),
(1153, 64, 384, 42, 3),
(1154, 64, 384, 43, 3),
(1155, 64, 384, 44, 3),
(1156, 64, 385, 45, 3),
(1157, 64, 385, 46, 3),
(1158, 64, 385, 47, 3),
(1159, 64, 386, 48, 3),
(1160, 64, 386, 49, 3),
(1161, 64, 386, 50, 3),
(1162, 64, 386, 51, 3),
(1163, 62, 387, 14, 3),
(1164, 62, 387, 15, 3),
(1165, 62, 387, 16, 3),
(1166, 62, 387, 17, 0),
(1167, 62, 387, 18, 3),
(1168, 62, 388, 19, 3),
(1169, 62, 388, 20, 3),
(1170, 62, 388, 21, 4),
(1171, 62, 389, 24, 3),
(1172, 62, 389, 25, 3),
(1173, 62, 389, 26, 3),
(1174, 62, 389, 27, 3),
(1175, 62, 390, 28, 4),
(1176, 62, 390, 29, 3),
(1177, 62, 390, 30, 4),
(1178, 62, 390, 31, 4),
(1179, 62, 391, 32, 3),
(1180, 62, 391, 33, 3),
(1181, 62, 391, 34, 3),
(1182, 62, 391, 35, 3),
(1183, 62, 391, 36, 3),
(1184, 62, 392, 37, 3),
(1185, 62, 392, 38, 3),
(1186, 62, 392, 39, 3),
(1187, 62, 392, 40, 3),
(1188, 62, 392, 41, 3),
(1189, 62, 393, 42, 4),
(1190, 62, 393, 43, 4),
(1191, 62, 393, 44, 4),
(1192, 62, 394, 45, 3),
(1193, 62, 394, 46, 3),
(1194, 62, 394, 47, 3),
(1195, 62, 395, 48, 3),
(1196, 62, 395, 49, 3),
(1197, 62, 395, 50, 3),
(1198, 62, 395, 51, 3),
(1199, 20, 396, 14, 3),
(1200, 20, 396, 15, 3),
(1201, 20, 396, 16, 3),
(1202, 20, 396, 17, 3),
(1203, 20, 396, 18, 4),
(1204, 20, 397, 19, 3),
(1205, 20, 397, 20, 2),
(1206, 20, 397, 21, 3),
(1207, 20, 398, 24, 3),
(1208, 20, 398, 25, 3),
(1209, 20, 398, 26, 3),
(1210, 20, 398, 27, 3),
(1211, 20, 399, 28, 3),
(1212, 20, 399, 29, 2),
(1213, 20, 399, 30, 3),
(1214, 20, 399, 31, 3),
(1215, 20, 400, 32, 2),
(1216, 20, 400, 33, 3),
(1217, 20, 400, 34, 3),
(1218, 20, 400, 35, 3),
(1219, 20, 400, 36, 4),
(1220, 20, 401, 37, 4),
(1221, 20, 401, 38, 3),
(1222, 20, 401, 39, 3),
(1223, 20, 401, 40, 2),
(1224, 20, 401, 41, 3),
(1225, 20, 402, 42, 3),
(1226, 20, 402, 43, 3),
(1227, 20, 402, 44, 3),
(1228, 20, 403, 45, 3),
(1229, 20, 403, 46, 4),
(1230, 20, 403, 47, 3),
(1231, 20, 404, 48, 2),
(1232, 20, 404, 49, 3),
(1233, 20, 404, 50, 3),
(1234, 20, 404, 51, 3),
(1235, 76, 405, 14, 2),
(1236, 76, 405, 15, 3),
(1237, 76, 405, 16, 3),
(1238, 76, 405, 17, 2),
(1239, 76, 405, 18, 3),
(1240, 76, 406, 19, 3),
(1241, 76, 406, 20, 3),
(1242, 76, 406, 21, 2),
(1243, 76, 407, 24, 3),
(1244, 76, 407, 25, 3),
(1245, 76, 407, 26, 2),
(1246, 76, 407, 27, 3),
(1247, 76, 408, 28, 3),
(1248, 76, 408, 29, 3),
(1249, 76, 408, 30, 3),
(1250, 76, 408, 31, 2),
(1251, 76, 409, 32, 4),
(1252, 76, 409, 33, 3),
(1253, 76, 409, 34, 3),
(1254, 76, 409, 35, 2),
(1255, 76, 409, 36, 3),
(1256, 76, 410, 37, 3),
(1257, 76, 410, 38, 3),
(1258, 76, 410, 39, 3),
(1259, 76, 410, 40, 3),
(1260, 76, 410, 41, 3),
(1261, 76, 411, 42, 3),
(1262, 76, 411, 43, 2),
(1263, 76, 411, 44, 3),
(1264, 76, 412, 45, 2),
(1265, 76, 412, 46, 3),
(1266, 76, 412, 47, 3),
(1267, 76, 413, 48, 3),
(1268, 76, 413, 49, 3),
(1269, 76, 413, 50, 3),
(1270, 76, 413, 51, 2),
(1271, 22, 414, 14, 3),
(1272, 22, 414, 15, 3),
(1273, 22, 414, 16, 2),
(1274, 22, 414, 17, 2),
(1275, 22, 414, 18, 3),
(1276, 22, 415, 19, 2),
(1277, 22, 415, 20, 2),
(1278, 22, 415, 21, 2),
(1279, 22, 416, 24, 3),
(1280, 22, 416, 25, 3),
(1281, 22, 416, 26, 2),
(1282, 22, 416, 27, 3),
(1283, 22, 417, 28, 3),
(1284, 22, 417, 29, 2),
(1285, 22, 417, 30, 3),
(1286, 22, 417, 31, 2),
(1287, 22, 418, 32, 3),
(1288, 22, 418, 33, 3),
(1289, 22, 418, 34, 3),
(1290, 22, 418, 35, 3),
(1291, 22, 418, 36, 3),
(1292, 22, 419, 37, 3),
(1293, 22, 419, 38, 3),
(1294, 22, 419, 39, 3),
(1295, 22, 419, 40, 3),
(1296, 22, 419, 41, 2),
(1297, 22, 420, 42, 3),
(1298, 22, 420, 43, 3),
(1299, 22, 420, 44, 3),
(1300, 22, 421, 45, 3),
(1301, 22, 421, 46, 3),
(1302, 22, 421, 47, 3),
(1303, 22, 422, 48, 2),
(1304, 22, 422, 49, 3),
(1305, 22, 422, 50, 3),
(1306, 22, 422, 51, 2),
(1307, 11, 423, 14, 3),
(1308, 11, 423, 15, 3),
(1309, 11, 423, 16, 3),
(1310, 11, 423, 17, 3),
(1311, 11, 423, 18, 3),
(1312, 11, 424, 19, 3),
(1313, 11, 424, 20, 3),
(1314, 11, 424, 21, 3),
(1315, 11, 425, 24, 3),
(1316, 11, 425, 25, 2),
(1317, 11, 425, 26, 2),
(1318, 11, 425, 27, 3),
(1319, 11, 426, 28, 3),
(1320, 11, 426, 29, 3),
(1321, 11, 426, 30, 3),
(1322, 11, 426, 31, 3),
(1323, 11, 427, 32, 3),
(1324, 11, 427, 33, 3),
(1325, 11, 427, 34, 3),
(1326, 11, 427, 35, 3),
(1327, 11, 427, 36, 3),
(1328, 11, 428, 37, 3),
(1329, 11, 428, 38, 3),
(1330, 11, 428, 39, 3),
(1331, 11, 428, 40, 3),
(1332, 11, 428, 41, 3),
(1333, 11, 429, 42, 3),
(1334, 11, 429, 43, 3),
(1335, 11, 429, 44, 3),
(1336, 11, 430, 45, 3),
(1337, 11, 430, 46, 3),
(1338, 11, 430, 47, 3),
(1339, 11, 431, 48, 3),
(1340, 11, 431, 49, 3),
(1341, 11, 431, 50, 2),
(1342, 11, 431, 51, 2),
(1343, 23, 432, 14, 4),
(1344, 23, 432, 15, 3),
(1345, 23, 432, 16, 4),
(1346, 23, 432, 17, 3),
(1347, 23, 432, 18, 4),
(1348, 23, 433, 19, 4),
(1349, 23, 433, 20, 4),
(1350, 23, 433, 21, 3),
(1351, 23, 434, 24, 4),
(1352, 23, 434, 25, 4),
(1353, 23, 434, 26, 4),
(1354, 23, 434, 27, 4),
(1355, 23, 435, 28, 4),
(1356, 23, 435, 29, 3),
(1357, 23, 435, 30, 3),
(1358, 23, 435, 31, 4),
(1359, 23, 436, 32, 3),
(1360, 23, 436, 33, 4),
(1361, 23, 436, 34, 3),
(1362, 23, 436, 35, 3),
(1363, 23, 436, 36, 3),
(1364, 23, 437, 37, 3),
(1365, 23, 437, 38, 4),
(1366, 23, 437, 39, 3),
(1367, 23, 437, 40, 3),
(1368, 23, 437, 41, 4),
(1369, 23, 438, 42, 4),
(1370, 23, 438, 43, 4),
(1371, 23, 438, 44, 4),
(1372, 23, 439, 45, 4),
(1373, 23, 439, 46, 4),
(1374, 23, 439, 47, 3),
(1375, 23, 440, 48, 4),
(1376, 23, 440, 49, 4),
(1377, 23, 440, 50, 4),
(1378, 23, 440, 51, 4),
(1379, 21, 441, 14, 4),
(1380, 21, 441, 15, 4),
(1381, 21, 441, 16, 4),
(1382, 21, 441, 17, 4),
(1383, 21, 441, 18, 4),
(1384, 21, 442, 19, 3),
(1385, 21, 442, 20, 4),
(1386, 21, 442, 21, 3),
(1387, 21, 443, 24, 4),
(1388, 21, 443, 25, 4),
(1389, 21, 443, 26, 3),
(1390, 21, 443, 27, 3),
(1391, 21, 444, 28, 4),
(1392, 21, 444, 29, 4),
(1393, 21, 444, 30, 4),
(1394, 21, 444, 31, 4),
(1395, 21, 445, 32, 4),
(1396, 21, 445, 33, 3),
(1397, 21, 445, 34, 4),
(1398, 21, 445, 35, 4),
(1399, 21, 445, 36, 4),
(1400, 21, 446, 37, 3),
(1401, 21, 446, 38, 4),
(1402, 21, 446, 39, 4),
(1403, 21, 446, 40, 4),
(1404, 21, 446, 41, 4),
(1405, 21, 447, 42, 4),
(1406, 21, 447, 43, 4),
(1407, 21, 447, 44, 4),
(1408, 21, 448, 45, 4),
(1409, 21, 448, 46, 4),
(1410, 21, 448, 47, 4),
(1411, 21, 449, 48, 3),
(1412, 21, 449, 49, 3),
(1413, 21, 449, 50, 3),
(1414, 21, 449, 51, 3),
(1415, 25, 450, 14, 3),
(1416, 25, 450, 15, 3),
(1417, 25, 450, 16, 3),
(1418, 25, 450, 17, 3),
(1419, 25, 450, 18, 3),
(1420, 25, 451, 19, 2),
(1421, 25, 451, 20, 2),
(1422, 25, 451, 21, 2),
(1423, 25, 452, 24, 3),
(1424, 25, 452, 25, 2),
(1425, 25, 452, 26, 2),
(1426, 25, 452, 27, 2),
(1427, 25, 453, 28, 3),
(1428, 25, 453, 29, 3),
(1429, 25, 453, 30, 3),
(1430, 25, 453, 31, 3),
(1431, 25, 454, 32, 3),
(1432, 25, 454, 33, 2),
(1433, 25, 454, 34, 3),
(1434, 25, 454, 35, 2),
(1435, 25, 454, 36, 2),
(1436, 25, 455, 37, 3),
(1437, 25, 455, 38, 3),
(1438, 25, 455, 39, 3),
(1439, 25, 455, 40, 3),
(1440, 25, 455, 41, 3),
(1441, 25, 456, 42, 3),
(1442, 25, 456, 43, 2),
(1443, 25, 456, 44, 3),
(1444, 25, 457, 45, 3),
(1445, 25, 457, 46, 3),
(1446, 25, 457, 47, 3),
(1447, 25, 458, 48, 3),
(1448, 25, 458, 49, 2),
(1449, 25, 458, 50, 3),
(1450, 25, 458, 51, 2),
(1451, 26, 459, 14, 2),
(1452, 26, 459, 15, 2),
(1453, 26, 459, 16, 3),
(1454, 26, 459, 17, 2),
(1455, 26, 459, 18, 2),
(1456, 26, 460, 19, 3),
(1457, 26, 460, 20, 3),
(1458, 26, 460, 21, 2),
(1459, 26, 461, 24, 3),
(1460, 26, 461, 25, 3),
(1461, 26, 461, 26, 3),
(1462, 26, 461, 27, 2),
(1463, 26, 462, 28, 3),
(1464, 26, 462, 29, 3),
(1465, 26, 462, 30, 3),
(1466, 26, 462, 31, 3),
(1467, 26, 463, 32, 3),
(1468, 26, 463, 33, 3),
(1469, 26, 463, 34, 3),
(1470, 26, 463, 35, 3),
(1471, 26, 463, 36, 2),
(1472, 26, 464, 37, 3),
(1473, 26, 464, 38, 3),
(1474, 26, 464, 39, 2),
(1475, 26, 464, 40, 2),
(1476, 26, 464, 41, 3),
(1477, 26, 465, 42, 3),
(1478, 26, 465, 43, 3),
(1479, 26, 465, 44, 3),
(1480, 26, 466, 45, 3),
(1481, 26, 466, 46, 2),
(1482, 26, 466, 47, 3),
(1483, 26, 467, 48, 2),
(1484, 26, 467, 49, 2),
(1485, 26, 467, 50, 2),
(1486, 26, 467, 51, 2),
(1487, 35, 468, 14, 3),
(1488, 35, 468, 15, 3),
(1489, 35, 468, 16, 3),
(1490, 35, 468, 17, 3),
(1491, 35, 468, 18, 3),
(1492, 35, 469, 19, 3),
(1493, 35, 469, 20, 3),
(1494, 35, 469, 21, 3),
(1495, 35, 470, 24, 3),
(1496, 35, 470, 25, 2),
(1497, 35, 470, 26, 2),
(1498, 35, 470, 27, 2),
(1499, 35, 471, 28, 3),
(1500, 35, 471, 29, 2),
(1501, 35, 471, 30, 2),
(1502, 35, 471, 31, 2),
(1503, 35, 472, 32, 3),
(1504, 35, 472, 33, 2),
(1505, 35, 472, 34, 3),
(1506, 35, 472, 35, 3),
(1507, 35, 472, 36, 3),
(1508, 35, 473, 37, 2),
(1509, 35, 473, 38, 3),
(1510, 35, 473, 39, 3),
(1511, 35, 473, 40, 3),
(1512, 35, 473, 41, 3),
(1513, 35, 474, 42, 2),
(1514, 35, 474, 43, 3),
(1515, 35, 474, 44, 3),
(1516, 35, 475, 45, 3),
(1517, 35, 475, 46, 3),
(1518, 35, 475, 47, 3),
(1519, 35, 476, 48, 2),
(1520, 35, 476, 49, 2),
(1521, 35, 476, 50, 2),
(1522, 35, 476, 51, 2),
(1523, 12, 477, 14, 2),
(1524, 12, 477, 15, 2),
(1525, 12, 477, 16, 2),
(1526, 12, 477, 17, 2),
(1527, 12, 477, 18, 2),
(1528, 12, 478, 19, 2),
(1529, 12, 478, 20, 2),
(1530, 12, 478, 21, 2),
(1531, 12, 479, 24, 2),
(1532, 12, 479, 25, 2),
(1533, 12, 479, 26, 2),
(1534, 12, 479, 27, 2),
(1535, 12, 480, 28, 2),
(1536, 12, 480, 29, 2),
(1537, 12, 480, 30, 2),
(1538, 12, 480, 31, 2),
(1539, 12, 481, 32, 2),
(1540, 12, 481, 33, 2),
(1541, 12, 481, 34, 2),
(1542, 12, 481, 35, 2),
(1543, 12, 481, 36, 2),
(1544, 12, 482, 37, 2),
(1545, 12, 482, 38, 3),
(1546, 12, 482, 39, 3),
(1547, 12, 482, 40, 2),
(1548, 12, 482, 41, 2),
(1549, 12, 483, 42, 2),
(1550, 12, 483, 43, 2),
(1551, 12, 483, 44, 2),
(1552, 12, 484, 45, 3),
(1553, 12, 484, 46, 3),
(1554, 12, 484, 47, 3),
(1555, 12, 485, 48, 2),
(1556, 12, 485, 49, 2),
(1557, 12, 485, 50, 2),
(1558, 12, 485, 51, 2),
(1559, 17, 486, 14, 3),
(1560, 17, 486, 15, 3),
(1561, 17, 486, 16, 2),
(1562, 17, 486, 17, 2),
(1563, 17, 486, 18, 3),
(1564, 17, 487, 19, 2),
(1565, 17, 487, 20, 3),
(1566, 17, 487, 21, 2),
(1567, 17, 488, 24, 3),
(1568, 17, 488, 25, 3),
(1569, 17, 488, 26, 2),
(1570, 17, 488, 27, 3),
(1571, 17, 489, 28, 2),
(1572, 17, 489, 29, 2),
(1573, 17, 489, 30, 2),
(1574, 17, 489, 31, 2),
(1575, 17, 490, 32, 3),
(1576, 17, 490, 33, 2),
(1577, 17, 490, 34, 3),
(1578, 17, 490, 35, 3),
(1579, 17, 490, 36, 3),
(1580, 17, 491, 37, 3),
(1581, 17, 491, 38, 3),
(1582, 17, 491, 39, 3),
(1583, 17, 491, 40, 3),
(1584, 17, 491, 41, 2),
(1585, 17, 492, 42, 3),
(1586, 17, 492, 43, 2),
(1587, 17, 492, 44, 3),
(1588, 17, 493, 45, 3),
(1589, 17, 493, 46, 3),
(1590, 17, 493, 47, 2),
(1591, 17, 494, 48, 2),
(1592, 17, 494, 49, 2),
(1593, 17, 494, 50, 2),
(1594, 17, 494, 51, 2),
(1595, 32, 495, 14, 3),
(1596, 32, 495, 15, 3),
(1597, 32, 495, 16, 2),
(1598, 32, 495, 17, 3),
(1599, 32, 495, 18, 3),
(1600, 32, 496, 19, 2),
(1601, 32, 496, 20, 3),
(1602, 32, 496, 21, 2),
(1603, 32, 497, 24, 2),
(1604, 32, 497, 25, 2),
(1605, 32, 497, 26, 2),
(1606, 32, 497, 27, 2),
(1607, 32, 498, 28, 2),
(1608, 32, 498, 29, 2),
(1609, 32, 498, 30, 3),
(1610, 32, 498, 31, 2),
(1611, 32, 499, 32, 3),
(1612, 32, 499, 33, 3),
(1613, 32, 499, 34, 3),
(1614, 32, 499, 35, 3),
(1615, 32, 499, 36, 3),
(1616, 32, 500, 37, 3),
(1617, 32, 500, 38, 3),
(1618, 32, 500, 39, 3),
(1619, 32, 500, 40, 2),
(1620, 32, 500, 41, 2),
(1621, 32, 501, 42, 2),
(1622, 32, 501, 43, 2),
(1623, 32, 501, 44, 2),
(1624, 32, 502, 45, 3),
(1625, 32, 502, 46, 3),
(1626, 32, 502, 47, 3),
(1627, 32, 503, 48, 3),
(1628, 32, 503, 49, 3),
(1629, 32, 503, 50, 3),
(1630, 32, 503, 51, 2),
(1631, 30, 504, 14, 3),
(1632, 30, 504, 15, 3),
(1633, 30, 504, 16, 2),
(1634, 30, 504, 17, 3),
(1635, 30, 504, 18, 3),
(1636, 30, 505, 19, 3),
(1637, 30, 505, 20, 3),
(1638, 30, 505, 21, 3),
(1639, 30, 506, 24, 3),
(1640, 30, 506, 25, 3),
(1641, 30, 506, 26, 3),
(1642, 30, 506, 27, 3),
(1643, 30, 507, 28, 2),
(1644, 30, 507, 29, 3),
(1645, 30, 507, 30, 3),
(1646, 30, 507, 31, 3),
(1647, 30, 508, 32, 3),
(1648, 30, 508, 33, 3),
(1649, 30, 508, 34, 3),
(1650, 30, 508, 35, 3),
(1651, 30, 508, 36, 3),
(1652, 30, 509, 37, 3),
(1653, 30, 509, 38, 3),
(1654, 30, 509, 39, 2),
(1655, 30, 509, 40, 3),
(1656, 30, 509, 41, 3),
(1657, 30, 510, 42, 3),
(1658, 30, 510, 43, 3),
(1659, 30, 510, 44, 3),
(1660, 30, 511, 45, 2),
(1661, 30, 511, 46, 2),
(1662, 30, 511, 47, 3),
(1663, 30, 512, 48, 2),
(1664, 30, 512, 49, 2),
(1665, 30, 512, 50, 2),
(1666, 30, 512, 51, 2),
(1667, 29, 513, 14, 3),
(1668, 29, 513, 15, 3),
(1669, 29, 513, 16, 3),
(1670, 29, 513, 17, 3),
(1671, 29, 513, 18, 3),
(1672, 29, 514, 19, 4),
(1673, 29, 514, 20, 4),
(1674, 29, 514, 21, 3),
(1675, 29, 515, 24, 4),
(1676, 29, 515, 25, 4),
(1677, 29, 515, 26, 4),
(1678, 29, 515, 27, 4),
(1679, 29, 516, 28, 3),
(1680, 29, 516, 29, 3),
(1681, 29, 516, 30, 3),
(1682, 29, 516, 31, 3),
(1683, 29, 517, 32, 4),
(1684, 29, 517, 33, 4),
(1685, 29, 517, 34, 4),
(1686, 29, 517, 35, 4),
(1687, 29, 517, 36, 4),
(1688, 29, 518, 37, 4),
(1689, 29, 518, 38, 4),
(1690, 29, 518, 39, 4),
(1691, 29, 518, 40, 4),
(1692, 29, 518, 41, 4),
(1693, 29, 519, 42, 4),
(1694, 29, 519, 43, 4),
(1695, 29, 519, 44, 4),
(1696, 29, 520, 45, 3),
(1697, 29, 520, 46, 3),
(1698, 29, 520, 47, 4),
(1699, 29, 521, 48, 2),
(1700, 29, 521, 49, 2),
(1701, 29, 521, 50, 2),
(1702, 29, 521, 51, 3),
(1703, 24, 522, 14, 3),
(1704, 24, 522, 15, 3),
(1705, 24, 522, 16, 3),
(1706, 24, 522, 17, 3),
(1707, 24, 522, 18, 3),
(1708, 24, 523, 19, 2),
(1709, 24, 523, 20, 2),
(1710, 24, 523, 21, 3),
(1711, 24, 524, 24, 3),
(1712, 24, 524, 25, 2),
(1713, 24, 524, 26, 2),
(1714, 24, 524, 27, 3),
(1715, 24, 525, 28, 2),
(1716, 24, 525, 29, 2),
(1717, 24, 525, 30, 2),
(1718, 24, 525, 31, 3),
(1719, 24, 526, 32, 3),
(1720, 24, 526, 33, 3),
(1721, 24, 526, 34, 3),
(1722, 24, 526, 35, 3),
(1723, 24, 526, 36, 3),
(1724, 24, 527, 37, 3),
(1725, 24, 527, 38, 3),
(1726, 24, 527, 39, 3),
(1727, 24, 527, 40, 2),
(1728, 24, 527, 41, 2),
(1729, 24, 528, 42, 3),
(1730, 24, 528, 43, 2),
(1731, 24, 528, 44, 3),
(1732, 24, 529, 45, 3),
(1733, 24, 529, 46, 3),
(1734, 24, 529, 47, 3),
(1735, 24, 530, 48, 2),
(1736, 24, 530, 49, 2),
(1737, 24, 530, 50, 2),
(1738, 24, 530, 51, 2),
(1739, 27, 531, 14, 3),
(1740, 27, 531, 15, 3),
(1741, 27, 531, 16, 2),
(1742, 27, 531, 17, 3),
(1743, 27, 531, 18, 2),
(1744, 27, 532, 19, 2),
(1745, 27, 532, 20, 2),
(1746, 27, 532, 21, 2),
(1747, 27, 533, 24, 3),
(1748, 27, 533, 25, 3),
(1749, 27, 533, 26, 3),
(1750, 27, 533, 27, 2),
(1751, 27, 534, 28, 3),
(1752, 27, 534, 29, 3),
(1753, 27, 534, 30, 3),
(1754, 27, 534, 31, 3),
(1755, 27, 535, 32, 3),
(1756, 27, 535, 33, 3),
(1757, 27, 535, 34, 3),
(1758, 27, 535, 35, 3),
(1759, 27, 535, 36, 3),
(1760, 27, 536, 37, 3),
(1761, 27, 536, 38, 3),
(1762, 27, 536, 39, 3),
(1763, 27, 536, 40, 3),
(1764, 27, 536, 41, 3),
(1765, 27, 537, 42, 3),
(1766, 27, 537, 43, 2),
(1767, 27, 537, 44, 2),
(1768, 27, 538, 45, 3),
(1769, 27, 538, 46, 2),
(1770, 27, 538, 47, 3),
(1771, 27, 539, 48, 3),
(1772, 27, 539, 49, 3),
(1773, 27, 539, 50, 3),
(1774, 27, 539, 51, 3),
(1775, 56, 540, 14, 3),
(1776, 56, 540, 15, 2),
(1777, 56, 540, 16, 2),
(1778, 56, 540, 17, 2),
(1779, 56, 540, 18, 2),
(1780, 56, 541, 19, 2),
(1781, 56, 541, 20, 2),
(1782, 56, 541, 21, 2),
(1783, 56, 542, 24, 2),
(1784, 56, 542, 25, 2),
(1785, 56, 542, 26, 2),
(1786, 56, 542, 27, 2),
(1787, 56, 543, 28, 2),
(1788, 56, 543, 29, 2),
(1789, 56, 543, 30, 3),
(1790, 56, 543, 31, 2),
(1791, 56, 544, 32, 3),
(1792, 56, 544, 33, 3),
(1793, 56, 544, 34, 3),
(1794, 56, 544, 35, 3),
(1795, 56, 544, 36, 3),
(1796, 56, 545, 37, 3),
(1797, 56, 545, 38, 3),
(1798, 56, 545, 39, 3),
(1799, 56, 545, 40, 3),
(1800, 56, 545, 41, 3),
(1801, 56, 546, 42, 2),
(1802, 56, 546, 43, 2),
(1803, 56, 546, 44, 2),
(1804, 56, 547, 45, 3),
(1805, 56, 547, 46, 3),
(1806, 56, 547, 47, 3),
(1807, 56, 548, 48, 3),
(1808, 56, 548, 49, 3),
(1809, 56, 548, 50, 3),
(1810, 56, 548, 51, 2),
(1811, 37, 549, 14, 3),
(1812, 37, 549, 15, 3),
(1813, 37, 549, 16, 3),
(1814, 37, 549, 17, 3),
(1815, 37, 549, 18, 3),
(1816, 37, 550, 19, 3),
(1817, 37, 550, 20, 3),
(1818, 37, 550, 21, 3),
(1819, 37, 551, 24, 3),
(1820, 37, 551, 25, 3),
(1821, 37, 551, 26, 3),
(1822, 37, 551, 27, 2),
(1823, 37, 552, 28, 2),
(1824, 37, 552, 29, 2),
(1825, 37, 552, 30, 2),
(1826, 37, 552, 31, 2),
(1827, 37, 553, 32, 4),
(1828, 37, 553, 33, 4),
(1829, 37, 553, 34, 4),
(1830, 37, 553, 35, 3),
(1831, 37, 553, 36, 3),
(1832, 37, 554, 37, 3),
(1833, 37, 554, 38, 3),
(1834, 37, 554, 39, 3),
(1835, 37, 554, 40, 3),
(1836, 37, 554, 41, 3),
(1837, 37, 555, 42, 2),
(1838, 37, 555, 43, 2),
(1839, 37, 555, 44, 3),
(1840, 37, 556, 45, 3),
(1841, 37, 556, 46, 3),
(1842, 37, 556, 47, 3),
(1843, 37, 557, 48, 2),
(1844, 37, 557, 49, 2),
(1845, 37, 557, 50, 2),
(1846, 37, 557, 51, 2),
(1847, 46, 558, 14, 4),
(1848, 46, 558, 15, 4),
(1849, 46, 558, 16, 4),
(1850, 46, 558, 17, 4),
(1851, 46, 558, 18, 4),
(1852, 46, 559, 19, 4),
(1853, 46, 559, 20, 4),
(1854, 46, 559, 21, 4),
(1855, 46, 560, 24, 4),
(1856, 46, 560, 25, 4),
(1857, 46, 560, 26, 4),
(1858, 46, 560, 27, 4),
(1859, 46, 561, 28, 4),
(1860, 46, 561, 29, 4),
(1861, 46, 561, 30, 4),
(1862, 46, 561, 31, 4),
(1863, 46, 562, 32, 4),
(1864, 46, 562, 33, 4),
(1865, 46, 562, 34, 4),
(1866, 46, 562, 35, 4),
(1867, 46, 562, 36, 4),
(1868, 46, 563, 37, 3),
(1869, 46, 563, 38, 3),
(1870, 46, 563, 39, 3),
(1871, 46, 563, 40, 3),
(1872, 46, 563, 41, 3),
(1873, 46, 564, 42, 3),
(1874, 46, 564, 43, 3),
(1875, 46, 564, 44, 3),
(1876, 46, 565, 45, 4),
(1877, 46, 565, 46, 4),
(1878, 46, 565, 47, 4),
(1879, 46, 566, 48, 3),
(1880, 46, 566, 49, 3),
(1881, 46, 566, 50, 3),
(1882, 46, 566, 51, 3),
(1883, 36, 567, 14, 4),
(1884, 36, 567, 15, 4),
(1885, 36, 567, 16, 4),
(1886, 36, 567, 17, 4),
(1887, 36, 567, 18, 4),
(1888, 36, 568, 19, 3),
(1889, 36, 568, 20, 3),
(1890, 36, 568, 21, 3),
(1891, 36, 569, 24, 4),
(1892, 36, 569, 25, 4),
(1893, 36, 569, 26, 3),
(1894, 36, 569, 27, 4),
(1895, 36, 570, 28, 3),
(1896, 36, 570, 29, 3),
(1897, 36, 570, 30, 3),
(1898, 36, 570, 31, 3),
(1899, 36, 571, 32, 4),
(1900, 36, 571, 33, 4),
(1901, 36, 571, 34, 4),
(1902, 36, 571, 35, 4),
(1903, 36, 571, 36, 4),
(1904, 36, 572, 37, 4),
(1905, 36, 572, 38, 4),
(1906, 36, 572, 39, 4),
(1907, 36, 572, 40, 4),
(1908, 36, 572, 41, 4),
(1909, 36, 573, 42, 4),
(1910, 36, 573, 43, 4),
(1911, 36, 573, 44, 4),
(1912, 36, 574, 45, 4),
(1913, 36, 574, 46, 4),
(1914, 36, 574, 47, 4),
(1915, 36, 575, 48, 3),
(1916, 36, 575, 49, 3),
(1917, 36, 575, 50, 2),
(1918, 36, 575, 51, 3),
(1919, 45, 576, 14, 3),
(1920, 45, 576, 15, 3),
(1921, 45, 576, 16, 3),
(1922, 45, 576, 17, 3),
(1923, 45, 576, 18, 3),
(1924, 45, 577, 19, 3),
(1925, 45, 577, 20, 3),
(1926, 45, 577, 21, 3),
(1927, 45, 578, 24, 3),
(1928, 45, 578, 25, 3),
(1929, 45, 578, 26, 3),
(1930, 45, 578, 27, 3),
(1931, 45, 579, 28, 3),
(1932, 45, 579, 29, 3),
(1933, 45, 579, 30, 3),
(1934, 45, 579, 31, 3),
(1935, 45, 580, 32, 3),
(1936, 45, 580, 33, 3),
(1937, 45, 580, 34, 3),
(1938, 45, 580, 35, 3),
(1939, 45, 580, 36, 3),
(1940, 45, 581, 37, 3),
(1941, 45, 581, 38, 3),
(1942, 45, 581, 39, 3),
(1943, 45, 581, 40, 3),
(1944, 45, 581, 41, 3),
(1945, 45, 582, 42, 3),
(1946, 45, 582, 43, 3),
(1947, 45, 582, 44, 3),
(1948, 45, 583, 45, 3),
(1949, 45, 583, 46, 3),
(1950, 45, 583, 47, 3),
(1951, 45, 584, 48, 3),
(1952, 45, 584, 49, 3),
(1953, 45, 584, 50, 3),
(1954, 45, 584, 51, 3),
(1955, 40, 585, 14, 3),
(1956, 40, 585, 15, 3),
(1957, 40, 585, 16, 3),
(1958, 40, 585, 17, 3),
(1959, 40, 585, 18, 3),
(1960, 40, 586, 19, 3),
(1961, 40, 586, 20, 3),
(1962, 40, 586, 21, 2),
(1963, 40, 587, 24, 2),
(1964, 40, 587, 25, 2),
(1965, 40, 587, 26, 2),
(1966, 40, 587, 27, 2),
(1967, 40, 588, 28, 3),
(1968, 40, 588, 29, 3),
(1969, 40, 588, 30, 3),
(1970, 40, 588, 31, 3),
(1971, 40, 589, 32, 3),
(1972, 40, 589, 33, 3),
(1973, 40, 589, 34, 3),
(1974, 40, 589, 35, 3),
(1975, 40, 589, 36, 3),
(1976, 40, 590, 37, 3),
(1977, 40, 590, 38, 3),
(1978, 40, 590, 39, 3),
(1979, 40, 590, 40, 3),
(1980, 40, 590, 41, 3),
(1981, 40, 591, 42, 3),
(1982, 40, 591, 43, 3),
(1983, 40, 591, 44, 3),
(1984, 40, 592, 45, 3),
(1985, 40, 592, 46, 3),
(1986, 40, 592, 47, 3),
(1987, 40, 593, 48, 3),
(1988, 40, 593, 49, 3),
(1989, 40, 593, 50, 3),
(1990, 40, 593, 51, 3),
(1991, 60, 594, 14, 4),
(1992, 60, 594, 15, 4),
(1993, 60, 594, 16, 4),
(1994, 60, 594, 17, 4),
(1995, 60, 594, 18, 4),
(1996, 60, 595, 19, 4),
(1997, 60, 595, 20, 4),
(1998, 60, 595, 21, 4),
(1999, 60, 596, 24, 4),
(2000, 60, 596, 25, 4),
(2001, 60, 596, 26, 4),
(2002, 60, 596, 27, 4),
(2003, 60, 597, 28, 4),
(2004, 60, 597, 29, 4),
(2005, 60, 597, 30, 4),
(2006, 60, 597, 31, 4),
(2007, 60, 598, 32, 4),
(2008, 60, 598, 33, 4),
(2009, 60, 598, 34, 4),
(2010, 60, 598, 35, 4),
(2011, 60, 598, 36, 4),
(2012, 60, 599, 37, 4),
(2013, 60, 599, 38, 4),
(2014, 60, 599, 39, 4),
(2015, 60, 599, 40, 4),
(2016, 60, 599, 41, 4),
(2017, 60, 600, 42, 4),
(2018, 60, 600, 43, 4),
(2019, 60, 600, 44, 4),
(2020, 60, 601, 45, 4),
(2021, 60, 601, 46, 4),
(2022, 60, 601, 47, 4),
(2023, 60, 602, 48, 4),
(2024, 60, 602, 49, 4),
(2025, 60, 602, 50, 4),
(2026, 60, 602, 51, 4),
(2027, 41, 603, 14, 2),
(2028, 41, 603, 15, 2),
(2029, 41, 603, 16, 2),
(2030, 41, 603, 17, 2),
(2031, 41, 603, 18, 2),
(2032, 41, 604, 19, 1),
(2033, 41, 604, 20, 1),
(2034, 41, 604, 21, 1),
(2035, 41, 605, 24, 2),
(2036, 41, 605, 25, 1),
(2037, 41, 605, 26, 1),
(2038, 41, 605, 27, 1),
(2039, 41, 606, 28, 1),
(2040, 41, 606, 29, 1),
(2041, 41, 606, 30, 1),
(2042, 41, 606, 31, 1),
(2043, 41, 607, 32, 2),
(2044, 41, 607, 33, 2),
(2045, 41, 607, 34, 3),
(2046, 41, 607, 35, 3),
(2047, 41, 607, 36, 2),
(2048, 41, 608, 37, 3),
(2049, 41, 608, 38, 3),
(2050, 41, 608, 39, 2),
(2051, 41, 608, 40, 2),
(2052, 41, 608, 41, 2),
(2053, 41, 609, 42, 1),
(2054, 41, 609, 43, 1),
(2055, 41, 609, 44, 1),
(2056, 41, 610, 45, 2),
(2057, 41, 610, 46, 2),
(2058, 41, 610, 47, 2),
(2059, 41, 611, 48, 2),
(2060, 41, 611, 49, 1),
(2061, 41, 611, 50, 1),
(2062, 41, 611, 51, 1),
(2063, 50, 612, 14, 4),
(2064, 50, 612, 15, 4),
(2065, 50, 612, 16, 4),
(2066, 50, 612, 17, 4),
(2067, 50, 612, 18, 4),
(2068, 50, 613, 19, 4),
(2069, 50, 613, 20, 4),
(2070, 50, 613, 21, 4),
(2071, 50, 614, 24, 4),
(2072, 50, 614, 25, 4),
(2073, 50, 614, 26, 4),
(2074, 50, 614, 27, 4),
(2075, 50, 615, 28, 4),
(2076, 50, 615, 29, 4),
(2077, 50, 615, 30, 4),
(2078, 50, 615, 31, 4),
(2079, 50, 616, 32, 4),
(2080, 50, 616, 33, 4),
(2081, 50, 616, 34, 4),
(2082, 50, 616, 35, 4),
(2083, 50, 616, 36, 4),
(2084, 50, 617, 37, 4),
(2085, 50, 617, 38, 4),
(2086, 50, 617, 39, 4),
(2087, 50, 617, 40, 4),
(2088, 50, 617, 41, 4),
(2089, 50, 618, 42, 4),
(2090, 50, 618, 43, 4),
(2091, 50, 618, 44, 4),
(2092, 50, 619, 45, 4),
(2093, 50, 619, 46, 4),
(2094, 50, 619, 47, 4),
(2095, 50, 620, 48, 4),
(2096, 50, 620, 49, 4),
(2097, 50, 620, 50, 4),
(2098, 50, 620, 51, 4),
(2099, 43, 621, 14, 3),
(2100, 43, 621, 15, 3),
(2101, 43, 621, 16, 3),
(2102, 43, 621, 17, 3),
(2103, 43, 621, 18, 3),
(2104, 43, 622, 19, 3),
(2105, 43, 622, 20, 3),
(2106, 43, 622, 21, 3),
(2107, 43, 623, 24, 3),
(2108, 43, 623, 25, 3),
(2109, 43, 623, 26, 3),
(2110, 43, 623, 27, 3),
(2111, 43, 624, 28, 3),
(2112, 43, 624, 29, 3),
(2113, 43, 624, 30, 3),
(2114, 43, 624, 31, 3),
(2115, 43, 625, 32, 3),
(2116, 43, 625, 33, 3),
(2117, 43, 625, 34, 3),
(2118, 43, 625, 35, 3),
(2119, 43, 625, 36, 3),
(2120, 43, 626, 37, 3),
(2121, 43, 626, 38, 3),
(2122, 43, 626, 39, 3),
(2123, 43, 626, 40, 3),
(2124, 43, 626, 41, 3),
(2125, 43, 627, 42, 3),
(2126, 43, 627, 43, 3),
(2127, 43, 627, 44, 3),
(2128, 43, 628, 45, 3),
(2129, 43, 628, 46, 3),
(2130, 43, 628, 47, 3),
(2131, 43, 629, 48, 3),
(2132, 43, 629, 49, 3),
(2133, 43, 629, 50, 3),
(2134, 43, 629, 51, 3),
(2135, 58, 630, 14, 3),
(2136, 58, 630, 15, 3),
(2137, 58, 630, 16, 3),
(2138, 58, 630, 17, 3),
(2139, 58, 630, 18, 3),
(2140, 58, 631, 19, 3),
(2141, 58, 631, 20, 3),
(2142, 58, 631, 21, 3),
(2143, 58, 632, 24, 3),
(2144, 58, 632, 25, 3),
(2145, 58, 632, 26, 3),
(2146, 58, 632, 27, 3),
(2147, 58, 633, 28, 3),
(2148, 58, 633, 29, 3),
(2149, 58, 633, 30, 3),
(2150, 58, 633, 31, 3),
(2151, 58, 634, 32, 3),
(2152, 58, 634, 33, 3),
(2153, 58, 634, 34, 3),
(2154, 58, 634, 35, 3),
(2155, 58, 634, 36, 3),
(2156, 58, 635, 37, 3),
(2157, 58, 635, 38, 3),
(2158, 58, 635, 39, 3),
(2159, 58, 635, 40, 3),
(2160, 58, 635, 41, 3),
(2161, 58, 636, 42, 3),
(2162, 58, 636, 43, 3),
(2163, 58, 636, 44, 3),
(2164, 58, 637, 45, 3),
(2165, 58, 637, 46, 3),
(2166, 58, 637, 47, 3),
(2167, 58, 638, 48, 3),
(2168, 58, 638, 49, 3),
(2169, 58, 638, 50, 3),
(2170, 58, 638, 51, 3),
(2171, 55, 639, 14, 3),
(2172, 55, 639, 15, 3),
(2173, 55, 639, 16, 3),
(2174, 55, 639, 17, 3),
(2175, 55, 639, 18, 3),
(2176, 55, 640, 19, 3),
(2177, 55, 640, 20, 3),
(2178, 55, 640, 21, 3),
(2179, 55, 641, 24, 3),
(2180, 55, 641, 25, 3),
(2181, 55, 641, 26, 3),
(2182, 55, 641, 27, 3),
(2183, 55, 642, 28, 3),
(2184, 55, 642, 29, 3),
(2185, 55, 642, 30, 3),
(2186, 55, 642, 31, 3),
(2187, 55, 643, 32, 3),
(2188, 55, 643, 33, 3),
(2189, 55, 643, 34, 3),
(2190, 55, 643, 35, 3),
(2191, 55, 643, 36, 3),
(2192, 55, 644, 37, 3),
(2193, 55, 644, 38, 3),
(2194, 55, 644, 39, 3),
(2195, 55, 644, 40, 3),
(2196, 55, 644, 41, 3),
(2197, 55, 645, 42, 3),
(2198, 55, 645, 43, 3),
(2199, 55, 645, 44, 3),
(2200, 55, 646, 45, 3),
(2201, 55, 646, 46, 3),
(2202, 55, 646, 47, 3),
(2203, 55, 647, 48, 3),
(2204, 55, 647, 49, 3),
(2205, 55, 647, 50, 2),
(2206, 55, 647, 51, 3),
(2207, 54, 648, 14, 3),
(2208, 54, 648, 15, 3),
(2209, 54, 648, 16, 3),
(2210, 54, 648, 17, 3),
(2211, 54, 648, 18, 3),
(2212, 54, 649, 19, 3),
(2213, 54, 649, 20, 3),
(2214, 54, 649, 21, 3),
(2215, 54, 650, 24, 3),
(2216, 54, 650, 25, 3),
(2217, 54, 650, 26, 3),
(2218, 54, 650, 27, 3),
(2219, 54, 651, 28, 3),
(2220, 54, 651, 29, 3),
(2221, 54, 651, 30, 3),
(2222, 54, 651, 31, 3),
(2223, 54, 652, 32, 3),
(2224, 54, 652, 33, 3),
(2225, 54, 652, 34, 3),
(2226, 54, 652, 35, 3),
(2227, 54, 652, 36, 3),
(2228, 54, 653, 37, 3),
(2229, 54, 653, 38, 3),
(2230, 54, 653, 39, 3),
(2231, 54, 653, 40, 3),
(2232, 54, 653, 41, 3),
(2233, 54, 654, 42, 3),
(2234, 54, 654, 43, 3),
(2235, 54, 654, 44, 3),
(2236, 54, 655, 45, 3),
(2237, 54, 655, 46, 3),
(2238, 54, 655, 47, 3),
(2239, 54, 656, 48, 3),
(2240, 54, 656, 49, 3),
(2241, 54, 656, 50, 3),
(2242, 54, 656, 51, 3),
(2243, 15, 657, 14, 3),
(2244, 15, 657, 15, 3),
(2245, 15, 657, 16, 3),
(2246, 15, 657, 17, 3),
(2247, 15, 657, 18, 3),
(2248, 15, 658, 19, 3),
(2249, 15, 658, 20, 3),
(2250, 15, 658, 21, 3),
(2251, 15, 659, 24, 3),
(2252, 15, 659, 25, 3),
(2253, 15, 659, 26, 3),
(2254, 15, 659, 27, 3),
(2255, 15, 660, 28, 3),
(2256, 15, 660, 29, 3),
(2257, 15, 660, 30, 3),
(2258, 15, 660, 31, 3),
(2259, 15, 661, 32, 3),
(2260, 15, 661, 33, 3),
(2261, 15, 661, 34, 3),
(2262, 15, 661, 35, 3),
(2263, 15, 661, 36, 3),
(2264, 15, 662, 37, 3),
(2265, 15, 662, 38, 3),
(2266, 15, 662, 39, 3),
(2267, 15, 662, 40, 3),
(2268, 15, 662, 41, 3),
(2269, 15, 663, 42, 3),
(2270, 15, 663, 43, 3),
(2271, 15, 663, 44, 3),
(2272, 15, 664, 45, 3),
(2273, 15, 664, 46, 3),
(2274, 15, 664, 47, 3),
(2275, 15, 665, 48, 3),
(2276, 15, 665, 49, 3),
(2277, 15, 665, 50, 3),
(2278, 15, 665, 51, 3),
(2279, 59, 666, 14, 3),
(2280, 59, 666, 15, 3),
(2281, 59, 666, 16, 3),
(2282, 59, 666, 17, 3),
(2283, 59, 666, 18, 3),
(2284, 59, 667, 19, 3),
(2285, 59, 667, 20, 3),
(2286, 59, 667, 21, 3),
(2287, 59, 668, 24, 3),
(2288, 59, 668, 25, 3),
(2289, 59, 668, 26, 3),
(2290, 59, 668, 27, 3),
(2291, 59, 669, 28, 3),
(2292, 59, 669, 29, 3),
(2293, 59, 669, 30, 3),
(2294, 59, 669, 31, 3),
(2295, 59, 670, 32, 3),
(2296, 59, 670, 33, 3),
(2297, 59, 670, 34, 3),
(2298, 59, 670, 35, 3),
(2299, 59, 670, 36, 3),
(2300, 59, 671, 37, 3),
(2301, 59, 671, 38, 3),
(2302, 59, 671, 39, 3),
(2303, 59, 671, 40, 3),
(2304, 59, 671, 41, 3),
(2305, 59, 672, 42, 3),
(2306, 59, 672, 43, 3),
(2307, 59, 672, 44, 3),
(2308, 59, 673, 45, 3),
(2309, 59, 673, 46, 3),
(2310, 59, 673, 47, 3),
(2311, 59, 674, 48, 3),
(2312, 59, 674, 49, 3),
(2313, 59, 674, 50, 3),
(2314, 59, 674, 51, 3),
(2315, 34, 675, 14, 4),
(2316, 34, 675, 15, 4),
(2317, 34, 675, 16, 4),
(2318, 34, 675, 17, 4),
(2319, 34, 675, 18, 4),
(2320, 34, 676, 19, 4),
(2321, 34, 676, 20, 4),
(2322, 34, 676, 21, 4),
(2323, 34, 677, 24, 4),
(2324, 34, 677, 25, 4),
(2325, 34, 677, 26, 4),
(2326, 34, 677, 27, 4),
(2327, 34, 678, 28, 4),
(2328, 34, 678, 29, 4),
(2329, 34, 678, 30, 4),
(2330, 34, 678, 31, 4),
(2331, 34, 679, 32, 4),
(2332, 34, 679, 33, 4),
(2333, 34, 679, 34, 4),
(2334, 34, 679, 35, 4),
(2335, 34, 679, 36, 4),
(2336, 34, 680, 37, 4),
(2337, 34, 680, 38, 4),
(2338, 34, 680, 39, 4),
(2339, 34, 680, 40, 4),
(2340, 34, 680, 41, 4),
(2341, 34, 681, 42, 4),
(2342, 34, 681, 43, 4),
(2343, 34, 681, 44, 4),
(2344, 34, 682, 45, 4),
(2345, 34, 682, 46, 4),
(2346, 34, 682, 47, 4),
(2347, 34, 683, 48, 4),
(2348, 34, 683, 49, 4),
(2349, 34, 683, 50, 4),
(2350, 34, 683, 51, 4),
(2351, 14, 684, 14, 3),
(2352, 14, 684, 15, 3),
(2353, 14, 684, 16, 3),
(2354, 14, 684, 17, 3),
(2355, 14, 684, 18, 3);
INSERT INTO `evaluacionPregunta` (`id`, `participante_id`, `evaluacionCompetencia_id`, `pregunta_id`, `evaluacionPreguntaRespuesta`) VALUES
(2356, 14, 685, 19, 3),
(2357, 14, 685, 20, 3),
(2358, 14, 685, 21, 3),
(2359, 14, 686, 24, 3),
(2360, 14, 686, 25, 3),
(2361, 14, 686, 26, 3),
(2362, 14, 686, 27, 3),
(2363, 14, 687, 28, 3),
(2364, 14, 687, 29, 3),
(2365, 14, 687, 30, 3),
(2366, 14, 687, 31, 3),
(2367, 14, 688, 32, 3),
(2368, 14, 688, 33, 3),
(2369, 14, 688, 34, 3),
(2370, 14, 688, 35, 3),
(2371, 14, 688, 36, 3),
(2372, 14, 689, 37, 3),
(2373, 14, 689, 38, 3),
(2374, 14, 689, 39, 3),
(2375, 14, 689, 40, 3),
(2376, 14, 689, 41, 3),
(2377, 14, 690, 42, 3),
(2378, 14, 690, 43, 3),
(2379, 14, 690, 44, 3),
(2380, 14, 691, 45, 3),
(2381, 14, 691, 46, 3),
(2382, 14, 691, 47, 3),
(2383, 14, 692, 48, 3),
(2384, 14, 692, 49, 3),
(2385, 14, 692, 50, 3),
(2386, 14, 692, 51, 3),
(2387, 53, 693, 14, 3),
(2388, 53, 693, 15, 3),
(2389, 53, 693, 16, 3),
(2390, 53, 693, 17, 3),
(2391, 53, 693, 18, 3),
(2392, 53, 694, 19, 3),
(2393, 53, 694, 20, 3),
(2394, 53, 694, 21, 3),
(2395, 53, 695, 24, 3),
(2396, 53, 695, 25, 3),
(2397, 53, 695, 26, 3),
(2398, 53, 695, 27, 3),
(2399, 53, 696, 28, 3),
(2400, 53, 696, 29, 3),
(2401, 53, 696, 30, 3),
(2402, 53, 696, 31, 3),
(2403, 53, 697, 32, 3),
(2404, 53, 697, 33, 3),
(2405, 53, 697, 34, 3),
(2406, 53, 697, 35, 3),
(2407, 53, 697, 36, 3),
(2408, 53, 698, 37, 3),
(2409, 53, 698, 38, 3),
(2410, 53, 698, 39, 3),
(2411, 53, 698, 40, 3),
(2412, 53, 698, 41, 3),
(2413, 53, 699, 42, 3),
(2414, 53, 699, 43, 3),
(2415, 53, 699, 44, 3),
(2416, 53, 700, 45, 3),
(2417, 53, 700, 46, 3),
(2418, 53, 700, 47, 3),
(2419, 53, 701, 48, 3),
(2420, 53, 701, 49, 3),
(2421, 53, 701, 50, 2),
(2422, 53, 701, 51, 3),
(2423, 52, 702, 14, 4),
(2424, 52, 702, 15, 4),
(2425, 52, 702, 16, 4),
(2426, 52, 702, 17, 4),
(2427, 52, 702, 18, 4),
(2428, 52, 703, 19, 4),
(2429, 52, 703, 20, 4),
(2430, 52, 703, 21, 4),
(2431, 52, 704, 24, 4),
(2432, 52, 704, 25, 4),
(2433, 52, 704, 26, 4),
(2434, 52, 704, 27, 4),
(2435, 52, 705, 28, 4),
(2436, 52, 705, 29, 4),
(2437, 52, 705, 30, 4),
(2438, 52, 705, 31, 4),
(2439, 52, 706, 32, 4),
(2440, 52, 706, 33, 4),
(2441, 52, 706, 34, 4),
(2442, 52, 706, 35, 4),
(2443, 52, 706, 36, 4),
(2444, 52, 707, 37, 4),
(2445, 52, 707, 38, 4),
(2446, 52, 707, 39, 4),
(2447, 52, 707, 40, 4),
(2448, 52, 707, 41, 4),
(2449, 52, 708, 42, 4),
(2450, 52, 708, 43, 4),
(2451, 52, 708, 44, 4),
(2452, 52, 709, 45, 4),
(2453, 52, 709, 46, 4),
(2454, 52, 709, 47, 4),
(2455, 52, 710, 48, 4),
(2456, 52, 710, 49, 4),
(2457, 52, 710, 50, 4),
(2458, 52, 710, 51, 4),
(2459, 18, 711, 14, 3),
(2460, 18, 711, 15, 3),
(2461, 18, 711, 16, 3),
(2462, 18, 711, 17, 3),
(2463, 18, 711, 18, 3),
(2464, 18, 712, 19, 3),
(2465, 18, 712, 20, 3),
(2466, 18, 712, 21, 3),
(2467, 18, 713, 24, 3),
(2468, 18, 713, 25, 3),
(2469, 18, 713, 26, 3),
(2470, 18, 713, 27, 3),
(2471, 18, 714, 28, 3),
(2472, 18, 714, 29, 3),
(2473, 18, 714, 30, 3),
(2474, 18, 714, 31, 3),
(2475, 18, 715, 32, 3),
(2476, 18, 715, 33, 3),
(2477, 18, 715, 34, 3),
(2478, 18, 715, 35, 3),
(2479, 18, 715, 36, 3),
(2480, 18, 716, 37, 3),
(2481, 18, 716, 38, 3),
(2482, 18, 716, 39, 3),
(2483, 18, 716, 40, 3),
(2484, 18, 716, 41, 3),
(2485, 18, 717, 42, 3),
(2486, 18, 717, 43, 3),
(2487, 18, 717, 44, 3),
(2488, 18, 718, 45, 3),
(2489, 18, 718, 46, 3),
(2490, 18, 718, 47, 3),
(2491, 18, 719, 48, 3),
(2492, 18, 719, 49, 3),
(2493, 18, 719, 50, 3),
(2494, 18, 719, 51, 3);

-- --------------------------------------------------------

--
-- Estructura de tabla para la tabla `evaluacionPreguntaConocimiento`
--

DROP TABLE IF EXISTS `evaluacionPreguntaConocimiento`;
CREATE TABLE IF NOT EXISTS `evaluacionPreguntaConocimiento` (
  `id` int(11) NOT NULL,
  `participante_id` int(11) DEFAULT NULL,
  `evaluacionConocimiento_id` int(11) NOT NULL,
  `pregunta_id` int(11) NOT NULL,
  `evaluacionPreguntaConocimientoRespuesta` int(11) DEFAULT NULL
) ENGINE=InnoDB AUTO_INCREMENT=2428 DEFAULT CHARSET=latin1;

--
-- Volcado de datos para la tabla `evaluacionPreguntaConocimiento`
--

INSERT INTO `evaluacionPreguntaConocimiento` (`id`, `participante_id`, `evaluacionConocimiento_id`, `pregunta_id`, `evaluacionPreguntaConocimientoRespuesta`) VALUES
(45, 5, 5, 19, 1),
(46, 5, 5, 17, 2),
(47, 5, 6, 2, 3),
(48, 44, 7, 9, 4),
(49, 44, 7, 10, 2),
(50, 44, 7, 11, 3),
(51, 44, 7, 12, 3),
(52, 44, 7, 13, 2),
(53, 44, 8, 14, 3),
(54, 44, 9, 15, 2),
(55, 44, 10, 16, 3),
(56, 44, 10, 17, 2),
(57, 44, 10, 18, 3),
(58, 44, 10, 19, 2),
(59, 44, 10, 20, 2),
(60, 44, 11, 21, 3),
(61, 44, 11, 22, 3),
(62, 44, 11, 23, 2),
(63, 44, 12, 24, 1),
(64, 44, 12, 25, 1),
(65, 44, 13, 26, 1),
(66, 44, 13, 27, 2),
(67, 44, 13, 28, 1),
(68, 44, 14, 29, 4),
(69, 44, 15, 30, 2),
(70, 44, 16, 31, 3),
(71, 44, 16, 32, 3),
(72, 44, 16, 33, 3),
(73, 44, 16, 34, 1),
(74, 44, 16, 35, 2),
(75, 44, 16, 36, 3),
(76, 44, 17, 37, 2),
(77, 44, 17, 38, 2),
(78, 44, 17, 39, 2),
(79, 44, 18, 40, 3),
(80, 44, 18, 41, 3),
(81, 44, 18, 42, 4),
(82, 44, 19, 43, 2),
(83, 72, 20, 9, 2),
(84, 72, 20, 10, 3),
(85, 72, 20, 11, 2),
(86, 72, 20, 12, 3),
(87, 72, 20, 13, 3),
(88, 72, 21, 14, 4),
(89, 72, 22, 15, 2),
(90, 72, 23, 16, 3),
(91, 72, 23, 17, 3),
(92, 72, 23, 18, 3),
(93, 72, 23, 19, 3),
(94, 72, 23, 20, 3),
(95, 72, 24, 21, 2),
(96, 72, 24, 22, 3),
(97, 72, 24, 23, 3),
(98, 72, 25, 24, 4),
(99, 72, 25, 25, 3),
(100, 72, 26, 26, 3),
(101, 72, 26, 27, 3),
(102, 72, 26, 28, 4),
(103, 72, 27, 29, 3),
(104, 72, 28, 30, 4),
(105, 72, 29, 31, 4),
(106, 72, 29, 32, 4),
(107, 72, 29, 33, 3),
(108, 72, 29, 34, 4),
(109, 72, 29, 35, 4),
(110, 72, 29, 36, 3),
(111, 72, 30, 37, 2),
(112, 72, 30, 38, 3),
(113, 72, 30, 39, 3),
(114, 72, 31, 40, 4),
(115, 72, 31, 41, 3),
(116, 72, 31, 42, 3),
(117, 72, 32, 43, 4),
(118, 73, 33, 9, 2),
(119, 73, 33, 10, 3),
(120, 73, 33, 11, 3),
(121, 73, 33, 12, 3),
(122, 73, 33, 13, 3),
(123, 73, 34, 14, 4),
(124, 73, 35, 15, 1),
(125, 73, 36, 16, 4),
(126, 73, 36, 17, 3),
(127, 73, 36, 18, 3),
(128, 73, 36, 19, 3),
(129, 73, 36, 20, 3),
(130, 73, 37, 21, 2),
(131, 73, 37, 22, 2),
(132, 73, 37, 23, 3),
(133, 73, 38, 24, 3),
(134, 73, 38, 25, 2),
(135, 73, 39, 26, 2),
(136, 73, 39, 27, 3),
(137, 73, 39, 28, 3),
(138, 73, 40, 29, 3),
(139, 73, 41, 30, 3),
(140, 73, 42, 31, 3),
(141, 73, 42, 32, 3),
(142, 73, 42, 33, 2),
(143, 73, 42, 34, 3),
(144, 73, 42, 35, 3),
(145, 73, 42, 36, 3),
(146, 73, 43, 37, 2),
(147, 73, 43, 38, 2),
(148, 73, 43, 39, 3),
(149, 73, 44, 40, 3),
(150, 73, 44, 41, 3),
(151, 73, 44, 42, 3),
(152, 73, 45, 43, 4),
(153, 74, 46, 9, 2),
(154, 74, 46, 10, 3),
(155, 74, 46, 11, 3),
(156, 74, 46, 12, 3),
(157, 74, 46, 13, 3),
(158, 74, 47, 14, 2),
(159, 74, 48, 15, 1),
(160, 74, 49, 16, 3),
(161, 74, 49, 17, 3),
(162, 74, 49, 18, 3),
(163, 74, 49, 19, 2),
(164, 74, 49, 20, 2),
(165, 74, 50, 21, 2),
(166, 74, 50, 22, 3),
(167, 74, 50, 23, 3),
(168, 74, 51, 24, 4),
(169, 74, 51, 25, 2),
(170, 74, 52, 26, 2),
(171, 74, 52, 27, 2),
(172, 74, 52, 28, 4),
(173, 74, 53, 29, 3),
(174, 74, 54, 30, 3),
(175, 74, 55, 31, 3),
(176, 74, 55, 32, 3),
(177, 74, 55, 33, 2),
(178, 74, 55, 34, 2),
(179, 74, 55, 35, 3),
(180, 74, 55, 36, 2),
(181, 74, 56, 37, 1),
(182, 74, 56, 38, 2),
(183, 74, 56, 39, 4),
(184, 74, 57, 40, 3),
(185, 74, 57, 41, 2),
(186, 74, 57, 42, 3),
(187, 74, 58, 43, 3),
(188, 71, 59, 9, 3),
(189, 71, 59, 10, 4),
(190, 71, 59, 11, 3),
(191, 71, 59, 12, 3),
(192, 71, 59, 13, 3),
(193, 71, 60, 14, 3),
(194, 71, 61, 15, 3),
(195, 71, 62, 16, 3),
(196, 71, 62, 17, 2),
(197, 71, 62, 18, 3),
(198, 71, 62, 19, 2),
(199, 71, 62, 20, 3),
(200, 71, 63, 21, 2),
(201, 71, 63, 22, 3),
(202, 71, 63, 23, 3),
(203, 71, 64, 24, 3),
(204, 71, 64, 25, 3),
(205, 71, 65, 26, 1),
(206, 71, 65, 27, 3),
(207, 71, 65, 28, 4),
(208, 71, 66, 29, 4),
(209, 71, 67, 30, 3),
(210, 71, 68, 31, 3),
(211, 71, 68, 32, 3),
(212, 71, 68, 33, 3),
(213, 71, 68, 34, 2),
(214, 71, 68, 35, 3),
(215, 71, 68, 36, 2),
(216, 71, 69, 37, 2),
(217, 71, 69, 38, 3),
(218, 71, 69, 39, 4),
(219, 71, 70, 40, 3),
(220, 71, 70, 41, 2),
(221, 71, 70, 42, 3),
(222, 71, 71, 43, 4),
(223, 75, 72, 9, 4),
(224, 75, 72, 10, 3),
(225, 75, 72, 11, 3),
(226, 75, 72, 12, 3),
(227, 75, 72, 13, 3),
(228, 75, 73, 14, 3),
(229, 75, 74, 15, 3),
(230, 75, 75, 16, 3),
(231, 75, 75, 17, 3),
(232, 75, 75, 18, 3),
(233, 75, 75, 19, 3),
(234, 75, 75, 20, 3),
(235, 75, 76, 21, 2),
(236, 75, 76, 22, 3),
(237, 75, 76, 23, 3),
(238, 75, 77, 24, 3),
(239, 75, 77, 25, 3),
(240, 75, 78, 26, 2),
(241, 75, 78, 27, 2),
(242, 75, 78, 28, 4),
(243, 75, 79, 29, 3),
(244, 75, 80, 30, 3),
(245, 75, 81, 31, 3),
(246, 75, 81, 32, 3),
(247, 75, 81, 33, 2),
(248, 75, 81, 34, 2),
(249, 75, 81, 35, 3),
(250, 75, 81, 36, 3),
(251, 75, 82, 37, 2),
(252, 75, 82, 38, 3),
(253, 75, 82, 39, 4),
(254, 75, 83, 40, 3),
(255, 75, 83, 41, 2),
(256, 75, 83, 42, 2),
(257, 75, 84, 43, 4),
(258, 81, 85, 9, 3),
(259, 81, 85, 10, 4),
(260, 81, 85, 11, 3),
(261, 81, 85, 12, 4),
(262, 81, 85, 13, 4),
(263, 81, 86, 14, 3),
(264, 81, 87, 15, 2),
(265, 81, 88, 16, 4),
(266, 81, 88, 17, 4),
(267, 81, 88, 18, 4),
(268, 81, 88, 19, 2),
(269, 81, 88, 20, 3),
(270, 81, 89, 21, 3),
(271, 81, 89, 22, 3),
(272, 81, 89, 23, 3),
(273, 81, 90, 24, 4),
(274, 81, 90, 25, 3),
(275, 81, 91, 26, 2),
(276, 81, 91, 27, 3),
(277, 81, 91, 28, 3),
(278, 81, 92, 29, 4),
(279, 81, 93, 30, 4),
(280, 81, 94, 31, 3),
(281, 81, 94, 32, 3),
(282, 81, 94, 33, 3),
(283, 81, 94, 34, 3),
(284, 81, 94, 35, 3),
(285, 81, 94, 36, 3),
(286, 81, 95, 37, 3),
(287, 81, 95, 38, 3),
(288, 81, 95, 39, 3),
(289, 81, 96, 40, 3),
(290, 81, 96, 41, 3),
(291, 81, 96, 42, 3),
(292, 81, 97, 43, 4),
(293, 80, 98, 9, 3),
(294, 80, 98, 10, 3),
(295, 80, 98, 11, 3),
(296, 80, 98, 12, 3),
(297, 80, 98, 13, 3),
(298, 80, 99, 14, 3),
(299, 80, 100, 15, 2),
(300, 80, 101, 16, 3),
(301, 80, 101, 17, 3),
(302, 80, 101, 18, 3),
(303, 80, 101, 19, 2),
(304, 80, 101, 20, 3),
(305, 80, 102, 21, 2),
(306, 80, 102, 22, 2),
(307, 80, 102, 23, 3),
(308, 80, 103, 24, 3),
(309, 80, 103, 25, 2),
(310, 80, 104, 26, 1),
(311, 80, 104, 27, 3),
(312, 80, 104, 28, 2),
(313, 80, 105, 29, 4),
(314, 80, 106, 30, 4),
(315, 80, 107, 31, 3),
(316, 80, 107, 32, 3),
(317, 80, 107, 33, 4),
(318, 80, 107, 34, 0),
(319, 80, 107, 35, 3),
(320, 80, 107, 36, 2),
(321, 80, 108, 37, 2),
(322, 80, 108, 38, 0),
(323, 80, 108, 39, 0),
(324, 80, 109, 40, 2),
(325, 80, 109, 41, 2),
(326, 80, 109, 42, 2),
(327, 80, 110, 43, 4),
(328, 69, 111, 9, 3),
(329, 69, 111, 10, 4),
(330, 69, 111, 11, 3),
(331, 69, 111, 12, 4),
(332, 69, 111, 13, 4),
(333, 69, 112, 14, 3),
(334, 69, 113, 15, 2),
(335, 69, 114, 16, 4),
(336, 69, 114, 17, 3),
(337, 69, 114, 18, 4),
(338, 69, 114, 19, 0),
(339, 69, 114, 20, 3),
(340, 69, 115, 21, 3),
(341, 69, 115, 22, 4),
(342, 69, 115, 23, 3),
(343, 69, 116, 24, 3),
(344, 69, 116, 25, 3),
(345, 69, 117, 26, 3),
(346, 69, 117, 27, 3),
(347, 69, 117, 28, 3),
(348, 69, 118, 29, 3),
(349, 69, 119, 30, 3),
(350, 69, 120, 31, 4),
(351, 69, 120, 32, 4),
(352, 69, 120, 33, 4),
(353, 69, 120, 34, 4),
(354, 69, 120, 35, 4),
(355, 69, 120, 36, 4),
(356, 69, 121, 37, 2),
(357, 69, 121, 38, 2),
(358, 69, 121, 39, 3),
(359, 69, 122, 40, 3),
(360, 69, 122, 41, 3),
(361, 69, 122, 42, 3),
(362, 69, 123, 43, 4),
(363, 70, 124, 9, 3),
(364, 70, 124, 10, 3),
(365, 70, 124, 11, 2),
(366, 70, 124, 12, 3),
(367, 70, 124, 13, 3),
(368, 70, 125, 14, 3),
(369, 70, 126, 15, 2),
(370, 70, 127, 16, 3),
(371, 70, 127, 17, 3),
(372, 70, 127, 18, 2),
(373, 70, 127, 19, 0),
(374, 70, 127, 20, 3),
(375, 70, 128, 21, 3),
(376, 70, 128, 22, 3),
(377, 70, 128, 23, 2),
(378, 70, 129, 24, 3),
(379, 70, 129, 25, 2),
(380, 70, 130, 26, 1),
(381, 70, 130, 27, 2),
(382, 70, 130, 28, 3),
(383, 70, 131, 29, 4),
(384, 70, 132, 30, 4),
(385, 70, 133, 31, 0),
(386, 70, 133, 32, 3),
(387, 70, 133, 33, 0),
(388, 70, 133, 34, 0),
(389, 70, 133, 35, 3),
(390, 70, 133, 36, 0),
(391, 70, 134, 37, 0),
(392, 70, 134, 38, 3),
(393, 70, 134, 39, 0),
(394, 70, 135, 40, 2),
(395, 70, 135, 41, 0),
(396, 70, 135, 42, 2),
(397, 70, 136, 43, 4),
(398, 77, 137, 9, 3),
(399, 77, 137, 10, 3),
(400, 77, 137, 11, 3),
(401, 77, 137, 12, 4),
(402, 77, 137, 13, 3),
(403, 77, 138, 14, 4),
(404, 77, 139, 15, 2),
(405, 77, 140, 16, 3),
(406, 77, 140, 17, 3),
(407, 77, 140, 18, 3),
(408, 77, 140, 19, 0),
(409, 77, 140, 20, 3),
(410, 77, 141, 21, 2),
(411, 77, 141, 22, 3),
(412, 77, 141, 23, 2),
(413, 77, 142, 24, 3),
(414, 77, 142, 25, 3),
(415, 77, 143, 26, 0),
(416, 77, 143, 27, 2),
(417, 77, 143, 28, 2),
(418, 77, 144, 29, 3),
(419, 77, 145, 30, 3),
(420, 77, 146, 31, 3),
(421, 77, 146, 32, 3),
(422, 77, 146, 33, 3),
(423, 77, 146, 34, 0),
(424, 77, 146, 35, 3),
(425, 77, 146, 36, 0),
(426, 77, 147, 37, 2),
(427, 77, 147, 38, 0),
(428, 77, 147, 39, 0),
(429, 77, 148, 40, 3),
(430, 77, 148, 41, 0),
(431, 77, 148, 42, 2),
(432, 77, 149, 43, 4),
(433, 79, 150, 9, 3),
(434, 79, 150, 10, 3),
(435, 79, 150, 11, 2),
(436, 79, 150, 12, 2),
(437, 79, 150, 13, 3),
(438, 79, 151, 14, 3),
(439, 79, 152, 15, 2),
(440, 79, 153, 16, 3),
(441, 79, 153, 17, 3),
(442, 79, 153, 18, 3),
(443, 79, 153, 19, 0),
(444, 79, 153, 20, 3),
(445, 79, 154, 21, 2),
(446, 79, 154, 22, 2),
(447, 79, 154, 23, 0),
(448, 79, 155, 24, 3),
(449, 79, 155, 25, 3),
(450, 79, 156, 26, 0),
(451, 79, 156, 27, 3),
(452, 79, 156, 28, 0),
(453, 79, 157, 29, 4),
(454, 79, 158, 30, 3),
(455, 79, 159, 31, 3),
(456, 79, 159, 32, 3),
(457, 79, 159, 33, 0),
(458, 79, 159, 34, 0),
(459, 79, 159, 35, 3),
(460, 79, 159, 36, 0),
(461, 79, 160, 37, 0),
(462, 79, 160, 38, 2),
(463, 79, 160, 39, 0),
(464, 79, 161, 40, 2),
(465, 79, 161, 41, 2),
(466, 79, 161, 42, 2),
(467, 79, 162, 43, 4),
(468, 78, 163, 9, 3),
(469, 78, 163, 10, 3),
(470, 78, 163, 11, 2),
(471, 78, 163, 12, 3),
(472, 78, 163, 13, 3),
(473, 78, 164, 14, 3),
(474, 78, 165, 15, 2),
(475, 78, 166, 16, 3),
(476, 78, 166, 17, 3),
(477, 78, 166, 18, 3),
(478, 78, 166, 19, 0),
(479, 78, 166, 20, 3),
(480, 78, 167, 21, 2),
(481, 78, 167, 22, 2),
(482, 78, 167, 23, 2),
(483, 78, 168, 24, 3),
(484, 78, 168, 25, 3),
(485, 78, 169, 26, 0),
(486, 78, 169, 27, 3),
(487, 78, 169, 28, 3),
(488, 78, 170, 29, 4),
(489, 78, 171, 30, 4),
(490, 78, 172, 31, 3),
(491, 78, 172, 32, 3),
(492, 78, 172, 33, 0),
(493, 78, 172, 34, 0),
(494, 78, 172, 35, 3),
(495, 78, 172, 36, 0),
(496, 78, 173, 37, 0),
(497, 78, 173, 38, 2),
(498, 78, 173, 39, 0),
(499, 78, 174, 40, 2),
(500, 78, 174, 41, 2),
(501, 78, 174, 42, 2),
(502, 78, 175, 43, 4),
(503, 47, 176, 9, 3),
(504, 47, 176, 10, 3),
(505, 47, 176, 11, 3),
(506, 47, 176, 12, 3),
(507, 47, 176, 13, 3),
(508, 47, 177, 14, 3),
(509, 47, 178, 15, 2),
(510, 47, 179, 16, 3),
(511, 47, 179, 17, 3),
(512, 47, 179, 18, 3),
(513, 47, 179, 19, 2),
(514, 47, 179, 20, 3),
(515, 47, 180, 21, 2),
(516, 47, 180, 22, 2),
(517, 47, 180, 23, 2),
(518, 47, 181, 24, 3),
(519, 47, 181, 25, 0),
(520, 47, 182, 26, 3),
(521, 47, 182, 27, 3),
(522, 47, 182, 28, 3),
(523, 47, 183, 29, 2),
(524, 47, 184, 30, 2),
(525, 47, 185, 31, 3),
(526, 47, 185, 32, 3),
(527, 47, 185, 33, 3),
(528, 47, 185, 34, 0),
(529, 47, 185, 35, 3),
(530, 47, 185, 36, 3),
(531, 47, 186, 37, 3),
(532, 47, 186, 38, 2),
(533, 47, 186, 39, 3),
(534, 47, 187, 40, 3),
(535, 47, 187, 41, 3),
(536, 47, 187, 42, 3),
(537, 47, 188, 43, 3),
(538, 39, 189, 9, 1),
(539, 39, 189, 10, 3),
(540, 39, 189, 11, 1),
(541, 39, 189, 12, 3),
(542, 39, 189, 13, 2),
(543, 39, 190, 14, 3),
(544, 39, 191, 15, 1),
(545, 39, 192, 16, 3),
(546, 39, 192, 17, 3),
(547, 39, 192, 18, 2),
(548, 39, 192, 19, 0),
(549, 39, 192, 20, 1),
(550, 39, 193, 21, 0),
(551, 39, 193, 22, 2),
(552, 39, 193, 23, 2),
(553, 39, 194, 24, 1),
(554, 39, 194, 25, 1),
(555, 39, 195, 26, 2),
(556, 39, 195, 27, 3),
(557, 39, 195, 28, 1),
(558, 39, 196, 29, 1),
(559, 39, 197, 30, 1),
(560, 39, 198, 31, 3),
(561, 39, 198, 32, 3),
(562, 39, 198, 33, 0),
(563, 39, 198, 34, 0),
(564, 39, 198, 35, 2),
(565, 39, 198, 36, 2),
(566, 39, 199, 37, 1),
(567, 39, 199, 38, 1),
(568, 39, 199, 39, 1),
(569, 39, 200, 40, 2),
(570, 39, 200, 41, 2),
(571, 39, 200, 42, 2),
(572, 39, 201, 43, 2),
(573, 57, 202, 9, 3),
(574, 57, 202, 10, 3),
(575, 57, 202, 11, 2),
(576, 57, 202, 12, 3),
(577, 57, 202, 13, 2),
(578, 57, 203, 14, 3),
(579, 57, 204, 15, 2),
(580, 57, 205, 16, 3),
(581, 57, 205, 17, 3),
(582, 57, 205, 18, 3),
(583, 57, 205, 19, 3),
(584, 57, 205, 20, 3),
(585, 57, 206, 21, 2),
(586, 57, 206, 22, 2),
(587, 57, 206, 23, 2),
(588, 57, 207, 24, 2),
(589, 57, 207, 25, 2),
(590, 57, 208, 26, 2),
(591, 57, 208, 27, 3),
(592, 57, 208, 28, 2),
(593, 57, 209, 29, 3),
(594, 57, 210, 30, 2),
(595, 57, 211, 31, 3),
(596, 57, 211, 32, 3),
(597, 57, 211, 33, 3),
(598, 57, 211, 34, 0),
(599, 57, 211, 35, 3),
(600, 57, 211, 36, 0),
(601, 57, 212, 37, 2),
(602, 57, 212, 38, 0),
(603, 57, 212, 39, 0),
(604, 57, 213, 40, 3),
(605, 57, 213, 41, 3),
(606, 57, 213, 42, 3),
(607, 57, 214, 43, 3),
(608, 19, 215, 9, 2),
(609, 19, 215, 10, 3),
(610, 19, 215, 11, 3),
(611, 19, 215, 12, 3),
(612, 19, 215, 13, 3),
(613, 19, 216, 14, 3),
(614, 19, 217, 15, 2),
(615, 19, 218, 16, 3),
(616, 19, 218, 17, 3),
(617, 19, 218, 18, 3),
(618, 19, 218, 19, 0),
(619, 19, 218, 20, 3),
(620, 19, 219, 21, 2),
(621, 19, 219, 22, 2),
(622, 19, 219, 23, 3),
(623, 19, 220, 24, 3),
(624, 19, 220, 25, 2),
(625, 19, 221, 26, 3),
(626, 19, 221, 27, 3),
(627, 19, 221, 28, 2),
(628, 19, 222, 29, 3),
(629, 19, 223, 30, 3),
(630, 19, 224, 31, 3),
(631, 19, 224, 32, 3),
(632, 19, 224, 33, 0),
(633, 19, 224, 34, 0),
(634, 19, 224, 35, 3),
(635, 19, 224, 36, 3),
(636, 19, 225, 37, 3),
(637, 19, 225, 38, 3),
(638, 19, 225, 39, 0),
(639, 19, 226, 40, 3),
(640, 19, 226, 41, 2),
(641, 19, 226, 42, 2),
(642, 19, 227, 43, 3),
(643, 38, 228, 9, 3),
(644, 38, 228, 10, 4),
(645, 38, 228, 11, 3),
(646, 38, 228, 12, 4),
(647, 38, 228, 13, 2),
(648, 38, 229, 14, 3),
(649, 38, 230, 15, 2),
(650, 38, 231, 16, 3),
(651, 38, 231, 17, 3),
(652, 38, 231, 18, 2),
(653, 38, 231, 19, 2),
(654, 38, 231, 20, 3),
(655, 38, 232, 21, 2),
(656, 38, 232, 22, 2),
(657, 38, 232, 23, 3),
(658, 38, 233, 24, 2),
(659, 38, 233, 25, 0),
(660, 38, 234, 26, 2),
(661, 38, 234, 27, 3),
(662, 38, 234, 28, 2),
(663, 38, 235, 29, 3),
(664, 38, 236, 30, 0),
(665, 38, 237, 31, 3),
(666, 38, 237, 32, 3),
(667, 38, 237, 33, 0),
(668, 38, 237, 34, 0),
(669, 38, 237, 35, 3),
(670, 38, 237, 36, 3),
(671, 38, 238, 37, 2),
(672, 38, 238, 38, 2),
(673, 38, 238, 39, 2),
(674, 38, 239, 40, 3),
(675, 38, 239, 41, 3),
(676, 38, 239, 42, 3),
(677, 38, 240, 43, 2),
(678, 48, 241, 9, 3),
(679, 48, 241, 10, 3),
(680, 48, 241, 11, 3),
(681, 48, 241, 12, 3),
(682, 48, 241, 13, 3),
(683, 48, 242, 14, 3),
(684, 48, 243, 15, 3),
(685, 48, 244, 16, 3),
(686, 48, 244, 17, 3),
(687, 48, 244, 18, 3),
(688, 48, 244, 19, 0),
(689, 48, 244, 20, 3),
(690, 48, 245, 21, 3),
(691, 48, 245, 22, 3),
(692, 48, 245, 23, 3),
(693, 48, 246, 24, 3),
(694, 48, 246, 25, 0),
(695, 48, 247, 26, 3),
(696, 48, 247, 27, 3),
(697, 48, 247, 28, 3),
(698, 48, 248, 29, 2),
(699, 48, 249, 30, 2),
(700, 48, 250, 31, 3),
(701, 48, 250, 32, 3),
(702, 48, 250, 33, 3),
(703, 48, 250, 34, 3),
(704, 48, 250, 35, 3),
(705, 48, 250, 36, 3),
(706, 48, 251, 37, 2),
(707, 48, 251, 38, 2),
(708, 48, 251, 39, 2),
(709, 48, 252, 40, 3),
(710, 48, 252, 41, 3),
(711, 48, 252, 42, 3),
(712, 48, 253, 43, 3),
(713, 31, 254, 9, 3),
(714, 31, 254, 10, 3),
(715, 31, 254, 11, 2),
(716, 31, 254, 12, 3),
(717, 31, 254, 13, 3),
(718, 31, 255, 14, 3),
(719, 31, 256, 15, 3),
(720, 31, 257, 16, 3),
(721, 31, 257, 17, 3),
(722, 31, 257, 18, 3),
(723, 31, 257, 19, 3),
(724, 31, 257, 20, 3),
(725, 31, 258, 21, 3),
(726, 31, 258, 22, 3),
(727, 31, 258, 23, 3),
(728, 31, 259, 24, 3),
(729, 31, 259, 25, 3),
(730, 31, 260, 26, 3),
(731, 31, 260, 27, 3),
(732, 31, 260, 28, 2),
(733, 31, 261, 29, 3),
(734, 31, 262, 30, 3),
(735, 31, 263, 31, 3),
(736, 31, 263, 32, 3),
(737, 31, 263, 33, 3),
(738, 31, 263, 34, 3),
(739, 31, 263, 35, 3),
(740, 31, 263, 36, 3),
(741, 31, 264, 37, 3),
(742, 31, 264, 38, 3),
(743, 31, 264, 39, 2),
(744, 31, 265, 40, 3),
(745, 31, 265, 41, 3),
(746, 31, 265, 42, 3),
(747, 31, 266, 43, 3),
(748, 33, 267, 9, 2),
(749, 33, 267, 10, 3),
(750, 33, 267, 11, 2),
(751, 33, 267, 12, 3),
(752, 33, 267, 13, 3),
(753, 33, 268, 14, 3),
(754, 33, 269, 15, 2),
(755, 33, 270, 16, 3),
(756, 33, 270, 17, 3),
(757, 33, 270, 18, 3),
(758, 33, 270, 19, 3),
(759, 33, 270, 20, 2),
(760, 33, 271, 21, 2),
(761, 33, 271, 22, 2),
(762, 33, 271, 23, 3),
(763, 33, 272, 24, 2),
(764, 33, 272, 25, 2),
(765, 33, 273, 26, 3),
(766, 33, 273, 27, 3),
(767, 33, 273, 28, 2),
(768, 33, 274, 29, 3),
(769, 33, 275, 30, 2),
(770, 33, 276, 31, 3),
(771, 33, 276, 32, 3),
(772, 33, 276, 33, 2),
(773, 33, 276, 34, 3),
(774, 33, 276, 35, 3),
(775, 33, 276, 36, 3),
(776, 33, 277, 37, 2),
(777, 33, 277, 38, 2),
(778, 33, 277, 39, 2),
(779, 33, 278, 40, 3),
(780, 33, 278, 41, 3),
(781, 33, 278, 42, 3),
(782, 33, 279, 43, 2),
(783, 13, 280, 9, 2),
(784, 13, 280, 10, 2),
(785, 13, 280, 11, 2),
(786, 13, 280, 12, 3),
(787, 13, 280, 13, 3),
(788, 13, 281, 14, 2),
(789, 13, 282, 15, 2),
(790, 13, 283, 16, 3),
(791, 13, 283, 17, 3),
(792, 13, 283, 18, 2),
(793, 13, 283, 19, 2),
(794, 13, 283, 20, 2),
(795, 13, 284, 21, 1),
(796, 13, 284, 22, 1),
(797, 13, 284, 23, 2),
(798, 13, 285, 24, 2),
(799, 13, 285, 25, 2),
(800, 13, 286, 26, 2),
(801, 13, 286, 27, 2),
(802, 13, 286, 28, 1),
(803, 13, 287, 29, 2),
(804, 13, 288, 30, 1),
(805, 13, 289, 31, 2),
(806, 13, 289, 32, 2),
(807, 13, 289, 33, 1),
(808, 13, 289, 34, 1),
(809, 13, 289, 35, 1),
(810, 13, 289, 36, 1),
(811, 13, 290, 37, 2),
(812, 13, 290, 38, 2),
(813, 13, 290, 39, 1),
(814, 13, 291, 40, 2),
(815, 13, 291, 41, 1),
(816, 13, 291, 42, 2),
(817, 13, 292, 43, 1),
(818, 16, 293, 9, 3),
(819, 16, 293, 10, 3),
(820, 16, 293, 11, 2),
(821, 16, 293, 12, 3),
(822, 16, 293, 13, 3),
(823, 16, 294, 14, 3),
(824, 16, 295, 15, 3),
(825, 16, 296, 16, 3),
(826, 16, 296, 17, 3),
(827, 16, 296, 18, 3),
(828, 16, 296, 19, 2),
(829, 16, 296, 20, 3),
(830, 16, 297, 21, 2),
(831, 16, 297, 22, 2),
(832, 16, 297, 23, 3),
(833, 16, 298, 24, 2),
(834, 16, 298, 25, 2),
(835, 16, 299, 26, 3),
(836, 16, 299, 27, 3),
(837, 16, 299, 28, 2),
(838, 16, 300, 29, 3),
(839, 16, 301, 30, 2),
(840, 16, 302, 31, 2),
(841, 16, 302, 32, 2),
(842, 16, 302, 33, 2),
(843, 16, 302, 34, 2),
(844, 16, 302, 35, 2),
(845, 16, 302, 36, 2),
(846, 16, 303, 37, 3),
(847, 16, 303, 38, 3),
(848, 16, 303, 39, 2),
(849, 16, 304, 40, 3),
(850, 16, 304, 41, 3),
(851, 16, 304, 42, 3),
(852, 16, 305, 43, 2),
(853, 28, 306, 9, 2),
(854, 28, 306, 10, 2),
(855, 28, 306, 11, 1),
(856, 28, 306, 12, 2),
(857, 28, 306, 13, 2),
(858, 28, 307, 14, 2),
(859, 28, 308, 15, 2),
(860, 28, 309, 16, 2),
(861, 28, 309, 17, 2),
(862, 28, 309, 18, 1),
(863, 28, 309, 19, 1),
(864, 28, 309, 20, 1),
(865, 28, 310, 21, 0),
(866, 28, 310, 22, 0),
(867, 28, 310, 23, 2),
(868, 28, 311, 24, 1),
(869, 28, 311, 25, 0),
(870, 28, 312, 26, 0),
(871, 28, 312, 27, 0),
(872, 28, 312, 28, 1),
(873, 28, 313, 29, 0),
(874, 28, 314, 30, 0),
(875, 28, 315, 31, 2),
(876, 28, 315, 32, 2),
(877, 28, 315, 33, 2),
(878, 28, 315, 34, 1),
(879, 28, 315, 35, 2),
(880, 28, 315, 36, 2),
(881, 28, 316, 37, 2),
(882, 28, 316, 38, 2),
(883, 28, 316, 39, 1),
(884, 28, 317, 40, 2),
(885, 28, 317, 41, 1),
(886, 28, 317, 42, 0),
(887, 28, 318, 43, 1),
(888, 63, 319, 9, 3),
(889, 63, 319, 10, 3),
(890, 63, 319, 11, 3),
(891, 63, 319, 12, 3),
(892, 63, 319, 13, 3),
(893, 63, 320, 14, 3),
(894, 63, 321, 15, 3),
(895, 63, 322, 16, 3),
(896, 63, 322, 17, 3),
(897, 63, 322, 18, 3),
(898, 63, 322, 19, 3),
(899, 63, 322, 20, 3),
(900, 63, 323, 21, 3),
(901, 63, 323, 22, 3),
(902, 63, 323, 23, 2),
(903, 63, 324, 24, 3),
(904, 63, 324, 25, 3),
(905, 63, 325, 26, 3),
(906, 63, 325, 27, 3),
(907, 63, 325, 28, 3),
(908, 63, 326, 29, 3),
(909, 63, 327, 30, 2),
(910, 63, 328, 31, 3),
(911, 63, 328, 32, 3),
(912, 63, 328, 33, 3),
(913, 63, 328, 34, 3),
(914, 63, 328, 35, 3),
(915, 63, 328, 36, 3),
(916, 63, 329, 37, 3),
(917, 63, 329, 38, 3),
(918, 63, 329, 39, 1),
(919, 63, 330, 40, 3),
(920, 63, 330, 41, 2),
(921, 63, 330, 42, 2),
(922, 63, 331, 43, 3),
(923, 67, 332, 9, 3),
(924, 67, 332, 10, 3),
(925, 67, 332, 11, 3),
(926, 67, 332, 12, 3),
(927, 67, 332, 13, 4),
(928, 67, 333, 14, 3),
(929, 67, 334, 15, 3),
(930, 67, 335, 16, 3),
(931, 67, 335, 17, 3),
(932, 67, 335, 18, 3),
(933, 67, 335, 19, 3),
(934, 67, 335, 20, 3),
(935, 67, 336, 21, 3),
(936, 67, 336, 22, 3),
(937, 67, 336, 23, 0),
(938, 67, 337, 24, 3),
(939, 67, 337, 25, 3),
(940, 67, 338, 26, 3),
(941, 67, 338, 27, 0),
(942, 67, 338, 28, 0),
(943, 67, 339, 29, 3),
(944, 67, 340, 30, 3),
(945, 67, 341, 31, 3),
(946, 67, 341, 32, 4),
(947, 67, 341, 33, 3),
(948, 67, 341, 34, 3),
(949, 67, 341, 35, 0),
(950, 67, 341, 36, 0),
(951, 67, 342, 37, 0),
(952, 67, 342, 38, 3),
(953, 67, 342, 39, 0),
(954, 67, 343, 40, 3),
(955, 67, 343, 41, 0),
(956, 67, 343, 42, 2),
(957, 67, 344, 43, 3),
(958, 65, 345, 9, 3),
(959, 65, 345, 10, 3),
(960, 65, 345, 11, 3),
(961, 65, 345, 12, 3),
(962, 65, 345, 13, 3),
(963, 65, 346, 14, 2),
(964, 65, 347, 15, 3),
(965, 65, 348, 16, 3),
(966, 65, 348, 17, 3),
(967, 65, 348, 18, 3),
(968, 65, 348, 19, 4),
(969, 65, 348, 20, 3),
(970, 65, 349, 21, 3),
(971, 65, 349, 22, 3),
(972, 65, 349, 23, 3),
(973, 65, 350, 24, 3),
(974, 65, 350, 25, 3),
(975, 65, 351, 26, 3),
(976, 65, 351, 27, 0),
(977, 65, 351, 28, 3),
(978, 65, 352, 29, 3),
(979, 65, 353, 30, 3),
(980, 65, 354, 31, 3),
(981, 65, 354, 32, 3),
(982, 65, 354, 33, 3),
(983, 65, 354, 34, 3),
(984, 65, 354, 35, 3),
(985, 65, 354, 36, 3),
(986, 65, 355, 37, 0),
(987, 65, 355, 38, 3),
(988, 65, 355, 39, 0),
(989, 65, 356, 40, 2),
(990, 65, 356, 41, 0),
(991, 65, 356, 42, 0),
(992, 65, 357, 43, 3),
(993, 66, 358, 9, 3),
(994, 66, 358, 10, 3),
(995, 66, 358, 11, 3),
(996, 66, 358, 12, 3),
(997, 66, 358, 13, 3),
(998, 66, 359, 14, 3),
(999, 66, 360, 15, 3),
(1000, 66, 361, 16, 4),
(1001, 66, 361, 17, 3),
(1002, 66, 361, 18, 3),
(1003, 66, 361, 19, 3),
(1004, 66, 361, 20, 3),
(1005, 66, 362, 21, 3),
(1006, 66, 362, 22, 3),
(1007, 66, 362, 23, 3),
(1008, 66, 363, 24, 3),
(1009, 66, 363, 25, 3),
(1010, 66, 364, 26, 3),
(1011, 66, 364, 27, 0),
(1012, 66, 364, 28, 4),
(1013, 66, 365, 29, 3),
(1014, 66, 366, 30, 3),
(1015, 66, 367, 31, 3),
(1016, 66, 367, 32, 3),
(1017, 66, 367, 33, 3),
(1018, 66, 367, 34, 3),
(1019, 66, 367, 35, 3),
(1020, 66, 367, 36, 3),
(1021, 66, 368, 37, 0),
(1022, 66, 368, 38, 3),
(1023, 66, 368, 39, 0),
(1024, 66, 369, 40, 2),
(1025, 66, 369, 41, 0),
(1026, 66, 369, 42, 0),
(1027, 66, 370, 43, 3),
(1028, 68, 371, 9, 3),
(1029, 68, 371, 10, 3),
(1030, 68, 371, 11, 3),
(1031, 68, 371, 12, 3),
(1032, 68, 371, 13, 3),
(1033, 68, 372, 14, 3),
(1034, 68, 373, 15, 3),
(1035, 68, 374, 16, 3),
(1036, 68, 374, 17, 3),
(1037, 68, 374, 18, 3),
(1038, 68, 374, 19, 3),
(1039, 68, 374, 20, 3),
(1040, 68, 375, 21, 3),
(1041, 68, 375, 22, 3),
(1042, 68, 375, 23, 3),
(1043, 68, 376, 24, 3),
(1044, 68, 376, 25, 3),
(1045, 68, 377, 26, 3),
(1046, 68, 377, 27, 0),
(1047, 68, 377, 28, 3),
(1048, 68, 378, 29, 2),
(1049, 68, 379, 30, 2),
(1050, 68, 380, 31, 3),
(1051, 68, 380, 32, 3),
(1052, 68, 380, 33, 3),
(1053, 68, 380, 34, 3),
(1054, 68, 380, 35, 3),
(1055, 68, 380, 36, 3),
(1056, 68, 381, 37, 0),
(1057, 68, 381, 38, 3),
(1058, 68, 381, 39, 0),
(1059, 68, 382, 40, 2),
(1060, 68, 382, 41, 0),
(1061, 68, 382, 42, 0),
(1062, 68, 383, 43, 3),
(1063, 61, 384, 9, 3),
(1064, 61, 384, 10, 3),
(1065, 61, 384, 11, 3),
(1066, 61, 384, 12, 3),
(1067, 61, 384, 13, 3),
(1068, 61, 385, 14, 3),
(1069, 61, 386, 15, 2),
(1070, 61, 387, 16, 3),
(1071, 61, 387, 17, 3),
(1072, 61, 387, 18, 3),
(1073, 61, 387, 19, 3),
(1074, 61, 387, 20, 3),
(1075, 61, 388, 21, 3),
(1076, 61, 388, 22, 3),
(1077, 61, 388, 23, 3),
(1078, 61, 389, 24, 2),
(1079, 61, 389, 25, 3),
(1080, 61, 390, 26, 3),
(1081, 61, 390, 27, 0),
(1082, 61, 390, 28, 3),
(1083, 61, 391, 29, 2),
(1084, 61, 392, 30, 2),
(1085, 61, 393, 31, 3),
(1086, 61, 393, 32, 3),
(1087, 61, 393, 33, 3),
(1088, 61, 393, 34, 3),
(1089, 61, 393, 35, 3),
(1090, 61, 393, 36, 3),
(1091, 61, 394, 37, 0),
(1092, 61, 394, 38, 3),
(1093, 61, 394, 39, 0),
(1094, 61, 395, 40, 2),
(1095, 61, 395, 41, 0),
(1096, 61, 395, 42, 0),
(1097, 61, 396, 43, 3),
(1098, 64, 397, 9, 3),
(1099, 64, 397, 10, 3),
(1100, 64, 397, 11, 3),
(1101, 64, 397, 12, 3),
(1102, 64, 397, 13, 3),
(1103, 64, 398, 14, 3),
(1104, 64, 399, 15, 2),
(1105, 64, 400, 16, 3),
(1106, 64, 400, 17, 3),
(1107, 64, 400, 18, 3),
(1108, 64, 400, 19, 3),
(1109, 64, 400, 20, 3),
(1110, 64, 401, 21, 3),
(1111, 64, 401, 22, 3),
(1112, 64, 401, 23, 3),
(1113, 64, 402, 24, 2),
(1114, 64, 402, 25, 3),
(1115, 64, 403, 26, 3),
(1116, 64, 403, 27, 0),
(1117, 64, 403, 28, 3),
(1118, 64, 404, 29, 3),
(1119, 64, 405, 30, 3),
(1120, 64, 406, 31, 3),
(1121, 64, 406, 32, 3),
(1122, 64, 406, 33, 3),
(1123, 64, 406, 34, 3),
(1124, 64, 406, 35, 3),
(1125, 64, 406, 36, 3),
(1126, 64, 407, 37, 0),
(1127, 64, 407, 38, 3),
(1128, 64, 407, 39, 0),
(1129, 64, 408, 40, 2),
(1130, 64, 408, 41, 0),
(1131, 64, 408, 42, 0),
(1132, 64, 409, 43, 3),
(1133, 62, 410, 9, 3),
(1134, 62, 410, 10, 3),
(1135, 62, 410, 11, 3),
(1136, 62, 410, 12, 3),
(1137, 62, 410, 13, 3),
(1138, 62, 411, 14, 3),
(1139, 62, 412, 15, 3),
(1140, 62, 413, 16, 3),
(1141, 62, 413, 17, 3),
(1142, 62, 413, 18, 3),
(1143, 62, 413, 19, 3),
(1144, 62, 413, 20, 3),
(1145, 62, 414, 21, 3),
(1146, 62, 414, 22, 3),
(1147, 62, 414, 23, 4),
(1148, 62, 415, 24, 2),
(1149, 62, 415, 25, 3),
(1150, 62, 416, 26, 3),
(1151, 62, 416, 27, 0),
(1152, 62, 416, 28, 3),
(1153, 62, 417, 29, 2),
(1154, 62, 418, 30, 2),
(1155, 62, 419, 31, 3),
(1156, 62, 419, 32, 3),
(1157, 62, 419, 33, 3),
(1158, 62, 419, 34, 3),
(1159, 62, 419, 35, 3),
(1160, 62, 419, 36, 3),
(1161, 62, 420, 37, 0),
(1162, 62, 420, 38, 3),
(1163, 62, 420, 39, 0),
(1164, 62, 421, 40, 2),
(1165, 62, 421, 41, 0),
(1166, 62, 421, 42, 0),
(1167, 62, 422, 43, 3),
(1168, 20, 423, 9, 2),
(1169, 20, 423, 10, 3),
(1170, 20, 423, 11, 3),
(1171, 20, 423, 12, 3),
(1172, 20, 423, 13, 3),
(1173, 20, 424, 14, 4),
(1174, 20, 425, 15, 2),
(1175, 20, 426, 16, 4),
(1176, 20, 426, 17, 3),
(1177, 20, 426, 18, 3),
(1178, 20, 426, 19, 0),
(1179, 20, 426, 20, 3),
(1180, 20, 427, 21, 2),
(1181, 20, 427, 22, 3),
(1182, 20, 427, 23, 3),
(1183, 20, 428, 24, 3),
(1184, 20, 428, 25, 3),
(1185, 20, 429, 26, 0),
(1186, 20, 429, 27, 2),
(1187, 20, 429, 28, 2),
(1188, 20, 430, 29, 3),
(1189, 20, 431, 30, 3),
(1190, 20, 432, 31, 3),
(1191, 20, 432, 32, 3),
(1192, 20, 432, 33, 4),
(1193, 20, 432, 34, 0),
(1194, 20, 432, 35, 3),
(1195, 20, 432, 36, 3),
(1196, 20, 433, 37, 2),
(1197, 20, 433, 38, 3),
(1198, 20, 433, 39, 0),
(1199, 20, 434, 40, 3),
(1200, 20, 434, 41, 2),
(1201, 20, 434, 42, 3),
(1202, 20, 435, 43, 3),
(1203, 76, 436, 9, 3),
(1204, 76, 436, 10, 3),
(1205, 76, 436, 11, 2),
(1206, 76, 436, 12, 3),
(1207, 76, 436, 13, 3),
(1208, 76, 437, 14, 2),
(1209, 76, 438, 15, 2),
(1210, 76, 439, 16, 3),
(1211, 76, 439, 17, 3),
(1212, 76, 439, 18, 3),
(1213, 76, 439, 19, 3),
(1214, 76, 439, 20, 3),
(1215, 76, 440, 21, 3),
(1216, 76, 440, 22, 2),
(1217, 76, 440, 23, 3),
(1218, 76, 441, 24, 3),
(1219, 76, 441, 25, 3),
(1220, 76, 442, 26, 2),
(1221, 76, 442, 27, 3),
(1222, 76, 442, 28, 3),
(1223, 76, 443, 29, 3),
(1224, 76, 444, 30, 3),
(1225, 76, 445, 31, 3),
(1226, 76, 445, 32, 3),
(1227, 76, 445, 33, 0),
(1228, 76, 445, 34, 3),
(1229, 76, 445, 35, 3),
(1230, 76, 445, 36, 0),
(1231, 76, 446, 37, 2),
(1232, 76, 446, 38, 3),
(1233, 76, 446, 39, 2),
(1234, 76, 447, 40, 2),
(1235, 76, 447, 41, 2),
(1236, 76, 447, 42, 2),
(1237, 76, 448, 43, 3),
(1238, 22, 449, 9, 3),
(1239, 22, 449, 10, 3),
(1240, 22, 449, 11, 2),
(1241, 22, 449, 12, 3),
(1242, 22, 449, 13, 3),
(1243, 22, 450, 14, 3),
(1244, 22, 451, 15, 3),
(1245, 22, 452, 16, 3),
(1246, 22, 452, 17, 3),
(1247, 22, 452, 18, 3),
(1248, 22, 452, 19, 0),
(1249, 22, 452, 20, 2),
(1250, 22, 453, 21, 0),
(1251, 22, 453, 22, 0),
(1252, 22, 453, 23, 2),
(1253, 22, 454, 24, 3),
(1254, 22, 454, 25, 3),
(1255, 22, 455, 26, 3),
(1256, 22, 455, 27, 3),
(1257, 22, 455, 28, 0),
(1258, 22, 456, 29, 0),
(1259, 22, 457, 30, 0),
(1260, 22, 458, 31, 3),
(1261, 22, 458, 32, 3),
(1262, 22, 458, 33, 3),
(1263, 22, 458, 34, 0),
(1264, 22, 458, 35, 3),
(1265, 22, 458, 36, 3),
(1266, 22, 459, 37, 3),
(1267, 22, 459, 38, 3),
(1268, 22, 459, 39, 0),
(1269, 22, 460, 40, 3),
(1270, 22, 460, 41, 3),
(1271, 22, 460, 42, 3),
(1272, 22, 461, 43, 3),
(1273, 11, 462, 9, 3),
(1274, 11, 462, 10, 3),
(1275, 11, 462, 11, 3),
(1276, 11, 462, 12, 3),
(1277, 11, 462, 13, 3),
(1278, 11, 463, 14, 3),
(1279, 11, 464, 15, 2),
(1280, 11, 465, 16, 3),
(1281, 11, 465, 17, 3),
(1282, 11, 465, 18, 3),
(1283, 11, 465, 19, 2),
(1284, 11, 465, 20, 2),
(1285, 11, 466, 21, 3),
(1286, 11, 466, 22, 3),
(1287, 11, 466, 23, 2),
(1288, 11, 467, 24, 2),
(1289, 11, 467, 25, 2),
(1290, 11, 468, 26, 3),
(1291, 11, 468, 27, 3),
(1292, 11, 468, 28, 3),
(1293, 11, 469, 29, 2),
(1294, 11, 470, 30, 0),
(1295, 11, 471, 31, 2),
(1296, 11, 471, 32, 2),
(1297, 11, 471, 33, 3),
(1298, 11, 471, 34, 0),
(1299, 11, 471, 35, 2),
(1300, 11, 471, 36, 2),
(1301, 11, 472, 37, 3),
(1302, 11, 472, 38, 2),
(1303, 11, 472, 39, 3),
(1304, 11, 473, 40, 3),
(1305, 11, 473, 41, 3),
(1306, 11, 473, 42, 3),
(1307, 11, 474, 43, 3),
(1308, 23, 475, 9, 4),
(1309, 23, 475, 10, 4),
(1310, 23, 475, 11, 4),
(1311, 23, 475, 12, 4),
(1312, 23, 475, 13, 4),
(1313, 23, 476, 14, 4),
(1314, 23, 477, 15, 4),
(1315, 23, 478, 16, 4),
(1316, 23, 478, 17, 4),
(1317, 23, 478, 18, 4),
(1318, 23, 478, 19, 3),
(1319, 23, 478, 20, 4),
(1320, 23, 479, 21, 4),
(1321, 23, 479, 22, 4),
(1322, 23, 479, 23, 3),
(1323, 23, 480, 24, 4),
(1324, 23, 480, 25, 4),
(1325, 23, 481, 26, 4),
(1326, 23, 481, 27, 4),
(1327, 23, 481, 28, 4),
(1328, 23, 482, 29, 4),
(1329, 23, 483, 30, 4),
(1330, 23, 484, 31, 4),
(1331, 23, 484, 32, 4),
(1332, 23, 484, 33, 4),
(1333, 23, 484, 34, 4),
(1334, 23, 484, 35, 4),
(1335, 23, 484, 36, 4),
(1336, 23, 485, 37, 4),
(1337, 23, 485, 38, 4),
(1338, 23, 485, 39, 4),
(1339, 23, 486, 40, 4),
(1340, 23, 486, 41, 4),
(1341, 23, 486, 42, 4),
(1342, 23, 487, 43, 4),
(1343, 21, 488, 9, 4),
(1344, 21, 488, 10, 4),
(1345, 21, 488, 11, 3),
(1346, 21, 488, 12, 4),
(1347, 21, 488, 13, 4),
(1348, 21, 489, 14, 4),
(1349, 21, 490, 15, 3),
(1350, 21, 491, 16, 4),
(1351, 21, 491, 17, 4),
(1352, 21, 491, 18, 4),
(1353, 21, 491, 19, 0),
(1354, 21, 491, 20, 3),
(1355, 21, 492, 21, 4),
(1356, 21, 492, 22, 0),
(1357, 21, 492, 23, 3),
(1358, 21, 493, 24, 4),
(1359, 21, 493, 25, 4),
(1360, 21, 494, 26, 4),
(1361, 21, 494, 27, 4),
(1362, 21, 494, 28, 0),
(1363, 21, 495, 29, 0),
(1364, 21, 496, 30, 0),
(1365, 21, 497, 31, 4),
(1366, 21, 497, 32, 4),
(1367, 21, 497, 33, 4),
(1368, 21, 497, 34, 0),
(1369, 21, 497, 35, 4),
(1370, 21, 497, 36, 4),
(1371, 21, 498, 37, 4),
(1372, 21, 498, 38, 4),
(1373, 21, 498, 39, 0),
(1374, 21, 499, 40, 4),
(1375, 21, 499, 41, 4),
(1376, 21, 499, 42, 4),
(1377, 21, 500, 43, 4),
(1378, 25, 501, 9, 3),
(1379, 25, 501, 10, 3),
(1380, 25, 501, 11, 2),
(1381, 25, 501, 12, 2),
(1382, 25, 501, 13, 3),
(1383, 25, 502, 14, 2),
(1384, 25, 503, 15, 3),
(1385, 25, 504, 16, 3),
(1386, 25, 504, 17, 3),
(1387, 25, 504, 18, 2),
(1388, 25, 504, 19, 0),
(1389, 25, 504, 20, 2),
(1390, 25, 505, 21, 0),
(1391, 25, 505, 22, 3),
(1392, 25, 505, 23, 3),
(1393, 25, 506, 24, 3),
(1394, 25, 506, 25, 2),
(1395, 25, 507, 26, 3),
(1396, 25, 507, 27, 3),
(1397, 25, 507, 28, 2),
(1398, 25, 508, 29, 3),
(1399, 25, 509, 30, 0),
(1400, 25, 510, 31, 3),
(1401, 25, 510, 32, 2),
(1402, 25, 510, 33, 0),
(1403, 25, 510, 34, 0),
(1404, 25, 510, 35, 2),
(1405, 25, 510, 36, 2),
(1406, 25, 511, 37, 3),
(1407, 25, 511, 38, 3),
(1408, 25, 511, 39, 0),
(1409, 25, 512, 40, 3),
(1410, 25, 512, 41, 2),
(1411, 25, 512, 42, 2),
(1412, 25, 513, 43, 2),
(1413, 26, 514, 9, 3),
(1414, 26, 514, 10, 3),
(1415, 26, 514, 11, 3),
(1416, 26, 514, 12, 3),
(1417, 26, 514, 13, 3),
(1418, 26, 515, 14, 2),
(1419, 26, 516, 15, 3),
(1420, 26, 517, 16, 3),
(1421, 26, 517, 17, 3),
(1422, 26, 517, 18, 3),
(1423, 26, 517, 19, 0),
(1424, 26, 517, 20, 3),
(1425, 26, 518, 21, 3),
(1426, 26, 518, 22, 3),
(1427, 26, 518, 23, 3),
(1428, 26, 519, 24, 3),
(1429, 26, 519, 25, 2),
(1430, 26, 520, 26, 3),
(1431, 26, 520, 27, 3),
(1432, 26, 520, 28, 3),
(1433, 26, 521, 29, 0),
(1434, 26, 522, 30, 0),
(1435, 26, 523, 31, 3),
(1436, 26, 523, 32, 3),
(1437, 26, 523, 33, 3),
(1438, 26, 523, 34, 0),
(1439, 26, 523, 35, 3),
(1440, 26, 523, 36, 3),
(1441, 26, 524, 37, 3),
(1442, 26, 524, 38, 3),
(1443, 26, 524, 39, 3),
(1444, 26, 525, 40, 3),
(1445, 26, 525, 41, 3),
(1446, 26, 525, 42, 3),
(1447, 26, 526, 43, 3),
(1448, 35, 527, 9, 2),
(1449, 35, 527, 10, 2),
(1450, 35, 527, 11, 2),
(1451, 35, 527, 12, 3),
(1452, 35, 527, 13, 2),
(1453, 35, 528, 14, 3),
(1454, 35, 529, 15, 2),
(1455, 35, 530, 16, 3),
(1456, 35, 530, 17, 3),
(1457, 35, 530, 18, 3),
(1458, 35, 530, 19, 3),
(1459, 35, 530, 20, 2),
(1460, 35, 531, 21, 2),
(1461, 35, 531, 22, 2),
(1462, 35, 531, 23, 2),
(1463, 35, 532, 24, 2),
(1464, 35, 532, 25, 2),
(1465, 35, 533, 26, 3),
(1466, 35, 533, 27, 3),
(1467, 35, 533, 28, 2),
(1468, 35, 534, 29, 2),
(1469, 35, 535, 30, 0),
(1470, 35, 536, 31, 2),
(1471, 35, 536, 32, 2),
(1472, 35, 536, 33, 2),
(1473, 35, 536, 34, 2),
(1474, 35, 536, 35, 2),
(1475, 35, 536, 36, 2),
(1476, 35, 537, 37, 2),
(1477, 35, 537, 38, 2),
(1478, 35, 537, 39, 2),
(1479, 35, 538, 40, 3),
(1480, 35, 538, 41, 3),
(1481, 35, 538, 42, 3),
(1482, 35, 539, 43, 2),
(1483, 12, 540, 9, 2),
(1484, 12, 540, 10, 2),
(1485, 12, 540, 11, 2),
(1486, 12, 540, 12, 2),
(1487, 12, 540, 13, 2),
(1488, 12, 541, 14, 3),
(1489, 12, 542, 15, 2),
(1490, 12, 543, 16, 2),
(1491, 12, 543, 17, 2),
(1492, 12, 543, 18, 2),
(1493, 12, 543, 19, 2),
(1494, 12, 543, 20, 2),
(1495, 12, 544, 21, 2),
(1496, 12, 544, 22, 2),
(1497, 12, 544, 23, 2),
(1498, 12, 545, 24, 2),
(1499, 12, 545, 25, 2),
(1500, 12, 546, 26, 2),
(1501, 12, 546, 27, 2),
(1502, 12, 546, 28, 2),
(1503, 12, 547, 29, 2),
(1504, 12, 548, 30, 0),
(1505, 12, 549, 31, 2),
(1506, 12, 549, 32, 2),
(1507, 12, 549, 33, 2),
(1508, 12, 549, 34, 2),
(1509, 12, 549, 35, 2),
(1510, 12, 549, 36, 2),
(1511, 12, 550, 37, 2),
(1512, 12, 550, 38, 2),
(1513, 12, 550, 39, 2),
(1514, 12, 551, 40, 2),
(1515, 12, 551, 41, 2),
(1516, 12, 551, 42, 2),
(1517, 12, 552, 43, 2),
(1518, 17, 553, 9, 3),
(1519, 17, 553, 10, 3),
(1520, 17, 553, 11, 2),
(1521, 17, 553, 12, 3),
(1522, 17, 553, 13, 3),
(1523, 17, 554, 14, 3),
(1524, 17, 555, 15, 3),
(1525, 17, 556, 16, 3),
(1526, 17, 556, 17, 3),
(1527, 17, 556, 18, 3),
(1528, 17, 556, 19, 3),
(1529, 17, 556, 20, 3),
(1530, 17, 557, 21, 2),
(1531, 17, 557, 22, 2),
(1532, 17, 557, 23, 2),
(1533, 17, 558, 24, 2),
(1534, 17, 558, 25, 2),
(1535, 17, 559, 26, 3),
(1536, 17, 559, 27, 3),
(1537, 17, 559, 28, 2),
(1538, 17, 560, 29, 0),
(1539, 17, 561, 30, 0),
(1540, 17, 562, 31, 3),
(1541, 17, 562, 32, 3),
(1542, 17, 562, 33, 2),
(1543, 17, 562, 34, 2),
(1544, 17, 562, 35, 2),
(1545, 17, 562, 36, 2),
(1546, 17, 563, 37, 2),
(1547, 17, 563, 38, 2),
(1548, 17, 563, 39, 2),
(1549, 17, 564, 40, 3),
(1550, 17, 564, 41, 3),
(1551, 17, 564, 42, 3),
(1552, 17, 565, 43, 3),
(1553, 32, 566, 9, 2),
(1554, 32, 566, 10, 2),
(1555, 32, 566, 11, 2),
(1556, 32, 566, 12, 2),
(1557, 32, 566, 13, 2),
(1558, 32, 567, 14, 3),
(1559, 32, 568, 15, 2),
(1560, 32, 569, 16, 3),
(1561, 32, 569, 17, 3),
(1562, 32, 569, 18, 2),
(1563, 32, 569, 19, 0),
(1564, 32, 569, 20, 2),
(1565, 32, 570, 21, 2),
(1566, 32, 570, 22, 2),
(1567, 32, 570, 23, 2),
(1568, 32, 571, 24, 2),
(1569, 32, 571, 25, 2),
(1570, 32, 572, 26, 2),
(1571, 32, 572, 27, 2),
(1572, 32, 572, 28, 4),
(1573, 32, 573, 29, 3),
(1574, 32, 574, 30, 3),
(1575, 32, 575, 31, 2),
(1576, 32, 575, 32, 2),
(1577, 32, 575, 33, 2),
(1578, 32, 575, 34, 2),
(1579, 32, 575, 35, 2),
(1580, 32, 575, 36, 2),
(1581, 32, 576, 37, 2),
(1582, 32, 576, 38, 2),
(1583, 32, 576, 39, 4),
(1584, 32, 577, 40, 2),
(1585, 32, 577, 41, 2),
(1586, 32, 577, 42, 2),
(1587, 32, 578, 43, 2),
(1588, 30, 579, 9, 3),
(1589, 30, 579, 10, 3),
(1590, 30, 579, 11, 3),
(1591, 30, 579, 12, 3),
(1592, 30, 579, 13, 3),
(1593, 30, 580, 14, 3),
(1594, 30, 581, 15, 3),
(1595, 30, 582, 16, 3),
(1596, 30, 582, 17, 3),
(1597, 30, 582, 18, 3),
(1598, 30, 582, 19, 3),
(1599, 30, 582, 20, 3),
(1600, 30, 583, 21, 3),
(1601, 30, 583, 22, 3),
(1602, 30, 583, 23, 2),
(1603, 30, 584, 24, 3),
(1604, 30, 584, 25, 3),
(1605, 30, 585, 26, 3),
(1606, 30, 585, 27, 2),
(1607, 30, 585, 28, 2),
(1608, 30, 586, 29, 1),
(1609, 30, 587, 30, 2),
(1610, 30, 588, 31, 3),
(1611, 30, 588, 32, 2),
(1612, 30, 588, 33, 2),
(1613, 30, 588, 34, 3),
(1614, 30, 588, 35, 2),
(1615, 30, 588, 36, 2),
(1616, 30, 589, 37, 2),
(1617, 30, 589, 38, 3),
(1618, 30, 589, 39, 3),
(1619, 30, 590, 40, 3),
(1620, 30, 590, 41, 3),
(1621, 30, 590, 42, 3),
(1622, 30, 591, 43, 3),
(1623, 29, 592, 9, 4),
(1624, 29, 592, 10, 4),
(1625, 29, 592, 11, 4),
(1626, 29, 592, 12, 4),
(1627, 29, 592, 13, 4),
(1628, 29, 593, 14, 4),
(1629, 29, 594, 15, 4),
(1630, 29, 595, 16, 4),
(1631, 29, 595, 17, 4),
(1632, 29, 595, 18, 4),
(1633, 29, 595, 19, 4),
(1634, 29, 595, 20, 4),
(1635, 29, 596, 21, 3),
(1636, 29, 596, 22, 3),
(1637, 29, 596, 23, 3),
(1638, 29, 597, 24, 3),
(1639, 29, 597, 25, 3),
(1640, 29, 598, 26, 3),
(1641, 29, 598, 27, 3),
(1642, 29, 598, 28, 4),
(1643, 29, 599, 29, 3),
(1644, 29, 600, 30, 3),
(1645, 29, 601, 31, 3),
(1646, 29, 601, 32, 3),
(1647, 29, 601, 33, 3),
(1648, 29, 601, 34, 3),
(1649, 29, 601, 35, 3),
(1650, 29, 601, 36, 3),
(1651, 29, 602, 37, 3),
(1652, 29, 602, 38, 3),
(1653, 29, 602, 39, 4),
(1654, 29, 603, 40, 3),
(1655, 29, 603, 41, 3),
(1656, 29, 603, 42, 3),
(1657, 29, 604, 43, 4),
(1658, 24, 605, 9, 3),
(1659, 24, 605, 10, 3),
(1660, 24, 605, 11, 3),
(1661, 24, 605, 12, 3),
(1662, 24, 605, 13, 3),
(1663, 24, 606, 14, 3),
(1664, 24, 607, 15, 3),
(1665, 24, 608, 16, 3),
(1666, 24, 608, 17, 3),
(1667, 24, 608, 18, 2),
(1668, 24, 608, 19, 2),
(1669, 24, 608, 20, 2),
(1670, 24, 609, 21, 2),
(1671, 24, 609, 22, 2),
(1672, 24, 609, 23, 2),
(1673, 24, 610, 24, 3),
(1674, 24, 610, 25, 2),
(1675, 24, 611, 26, 3),
(1676, 24, 611, 27, 3),
(1677, 24, 611, 28, 2),
(1678, 24, 612, 29, 0),
(1679, 24, 613, 30, 0),
(1680, 24, 614, 31, 3),
(1681, 24, 614, 32, 3),
(1682, 24, 614, 33, 2),
(1683, 24, 614, 34, 3),
(1684, 24, 614, 35, 3),
(1685, 24, 614, 36, 2),
(1686, 24, 615, 37, 3),
(1687, 24, 615, 38, 3),
(1688, 24, 615, 39, 2),
(1689, 24, 616, 40, 3),
(1690, 24, 616, 41, 3),
(1691, 24, 616, 42, 3),
(1692, 24, 617, 43, 2),
(1693, 27, 618, 9, 3),
(1694, 27, 618, 10, 3),
(1695, 27, 618, 11, 3),
(1696, 27, 618, 12, 3),
(1697, 27, 618, 13, 3),
(1698, 27, 619, 14, 3),
(1699, 27, 620, 15, 2),
(1700, 27, 621, 16, 3),
(1701, 27, 621, 17, 3),
(1702, 27, 621, 18, 3),
(1703, 27, 621, 19, 2),
(1704, 27, 621, 20, 3),
(1705, 27, 622, 21, 2),
(1706, 27, 622, 22, 2),
(1707, 27, 622, 23, 2),
(1708, 27, 623, 24, 3),
(1709, 27, 623, 25, 3),
(1710, 27, 624, 26, 3),
(1711, 27, 624, 27, 3),
(1712, 27, 624, 28, 0),
(1713, 27, 625, 29, 3),
(1714, 27, 626, 30, 3),
(1715, 27, 627, 31, 3),
(1716, 27, 627, 32, 2),
(1717, 27, 627, 33, 2),
(1718, 27, 627, 34, 2),
(1719, 27, 627, 35, 2),
(1720, 27, 627, 36, 2),
(1721, 27, 628, 37, 3),
(1722, 27, 628, 38, 3),
(1723, 27, 628, 39, 0),
(1724, 27, 629, 40, 3),
(1725, 27, 629, 41, 3),
(1726, 27, 629, 42, 3),
(1727, 27, 630, 43, 3),
(1728, 56, 631, 9, 3),
(1729, 56, 631, 10, 3),
(1730, 56, 631, 11, 1),
(1731, 56, 631, 12, 3),
(1732, 56, 631, 13, 2),
(1733, 56, 632, 14, 3),
(1734, 56, 633, 15, 1),
(1735, 56, 634, 16, 3),
(1736, 56, 634, 17, 3),
(1737, 56, 634, 18, 1),
(1738, 56, 634, 19, 0),
(1739, 56, 634, 20, 2),
(1740, 56, 635, 21, 0),
(1741, 56, 635, 22, 0),
(1742, 56, 635, 23, 2),
(1743, 56, 636, 24, 2),
(1744, 56, 636, 25, 0),
(1745, 56, 637, 26, 1),
(1746, 56, 637, 27, 2),
(1747, 56, 637, 28, 1),
(1748, 56, 638, 29, 1),
(1749, 56, 639, 30, 1),
(1750, 56, 640, 31, 3),
(1751, 56, 640, 32, 3),
(1752, 56, 640, 33, 3),
(1753, 56, 640, 34, 0),
(1754, 56, 640, 35, 3),
(1755, 56, 640, 36, 3),
(1756, 56, 641, 37, 1),
(1757, 56, 641, 38, 1),
(1758, 56, 641, 39, 1),
(1759, 56, 642, 40, 0),
(1760, 56, 642, 41, 0),
(1761, 56, 642, 42, 0),
(1762, 56, 643, 43, 3),
(1763, 37, 644, 9, 3),
(1764, 37, 644, 10, 3),
(1765, 37, 644, 11, 2),
(1766, 37, 644, 12, 3),
(1767, 37, 644, 13, 2),
(1768, 37, 645, 14, 3),
(1769, 37, 646, 15, 2),
(1770, 37, 647, 16, 3),
(1771, 37, 647, 17, 3),
(1772, 37, 647, 18, 2),
(1773, 37, 647, 19, 2),
(1774, 37, 647, 20, 2),
(1775, 37, 648, 21, 1),
(1776, 37, 648, 22, 2),
(1777, 37, 648, 23, 3),
(1778, 37, 649, 24, 2),
(1779, 37, 649, 25, 2),
(1780, 37, 650, 26, 2),
(1781, 37, 650, 27, 3),
(1782, 37, 650, 28, 2),
(1783, 37, 651, 29, 2),
(1784, 37, 652, 30, 1),
(1785, 37, 653, 31, 3),
(1786, 37, 653, 32, 3),
(1787, 37, 653, 33, 2),
(1788, 37, 653, 34, 2),
(1789, 37, 653, 35, 3),
(1790, 37, 653, 36, 3),
(1791, 37, 654, 37, 1),
(1792, 37, 654, 38, 1),
(1793, 37, 654, 39, 1),
(1794, 37, 655, 40, 3),
(1795, 37, 655, 41, 3),
(1796, 37, 655, 42, 3),
(1797, 37, 656, 43, 2),
(1798, 46, 657, 9, 3),
(1799, 46, 657, 10, 3),
(1800, 46, 657, 11, 0),
(1801, 46, 657, 12, 0),
(1802, 46, 657, 13, 0),
(1803, 46, 658, 14, 3),
(1804, 46, 659, 15, 0),
(1805, 46, 660, 16, 3),
(1806, 46, 660, 17, 3),
(1807, 46, 660, 18, 3),
(1808, 46, 660, 19, 0),
(1809, 46, 660, 20, 3),
(1810, 46, 661, 21, 3),
(1811, 46, 661, 22, 3),
(1812, 46, 661, 23, 0),
(1813, 46, 662, 24, 0),
(1814, 46, 662, 25, 0),
(1815, 46, 663, 26, 0),
(1816, 46, 663, 27, 0),
(1817, 46, 663, 28, 0),
(1818, 46, 664, 29, 3),
(1819, 46, 665, 30, 1),
(1820, 46, 666, 31, 0),
(1821, 46, 666, 32, 0),
(1822, 46, 666, 33, 3),
(1823, 46, 666, 34, 0),
(1824, 46, 666, 35, 0),
(1825, 46, 666, 36, 0),
(1826, 46, 667, 37, 0),
(1827, 46, 667, 38, 0),
(1828, 46, 667, 39, 0),
(1829, 46, 668, 40, 0),
(1830, 46, 668, 41, 0),
(1831, 46, 668, 42, 0),
(1832, 46, 669, 43, 3),
(1833, 36, 670, 9, 3),
(1834, 36, 670, 10, 3),
(1835, 36, 670, 11, 3),
(1836, 36, 670, 12, 3),
(1837, 36, 670, 13, 3),
(1838, 36, 671, 14, 3),
(1839, 36, 672, 15, 3),
(1840, 36, 673, 16, 3),
(1841, 36, 673, 17, 3),
(1842, 36, 673, 18, 3),
(1843, 36, 673, 19, 3),
(1844, 36, 673, 20, 3),
(1845, 36, 674, 21, 3),
(1846, 36, 674, 22, 3),
(1847, 36, 674, 23, 3),
(1848, 36, 675, 24, 3),
(1849, 36, 675, 25, 3),
(1850, 36, 676, 26, 3),
(1851, 36, 676, 27, 3),
(1852, 36, 676, 28, 3),
(1853, 36, 677, 29, 1),
(1854, 36, 678, 30, 1),
(1855, 36, 679, 31, 3),
(1856, 36, 679, 32, 3),
(1857, 36, 679, 33, 3),
(1858, 36, 679, 34, 3),
(1859, 36, 679, 35, 3),
(1860, 36, 679, 36, 3),
(1861, 36, 680, 37, 2),
(1862, 36, 680, 38, 2),
(1863, 36, 680, 39, 2),
(1864, 36, 681, 40, 3),
(1865, 36, 681, 41, 3),
(1866, 36, 681, 42, 3),
(1867, 36, 682, 43, 3),
(1868, 45, 683, 9, 3),
(1869, 45, 683, 10, 3),
(1870, 45, 683, 11, 0),
(1871, 45, 683, 12, 3),
(1872, 45, 683, 13, 0),
(1873, 45, 684, 14, 0),
(1874, 45, 685, 15, 0),
(1875, 45, 686, 16, 3),
(1876, 45, 686, 17, 3),
(1877, 45, 686, 18, 0),
(1878, 45, 686, 19, 0),
(1879, 45, 686, 20, 0),
(1880, 45, 687, 21, 3),
(1881, 45, 687, 22, 3),
(1882, 45, 687, 23, 0),
(1883, 45, 688, 24, 0),
(1884, 45, 688, 25, 0),
(1885, 45, 689, 26, 0),
(1886, 45, 689, 27, 0),
(1887, 45, 689, 28, 0),
(1888, 45, 690, 29, 3),
(1889, 45, 691, 30, 0),
(1890, 45, 692, 31, 0),
(1891, 45, 692, 32, 0),
(1892, 45, 692, 33, 0),
(1893, 45, 692, 34, 0),
(1894, 45, 692, 35, 0),
(1895, 45, 692, 36, 0),
(1896, 45, 693, 37, 0),
(1897, 45, 693, 38, 0),
(1898, 45, 693, 39, 0),
(1899, 45, 694, 40, 0),
(1900, 45, 694, 41, 0),
(1901, 45, 694, 42, 0),
(1902, 45, 695, 43, 0),
(1903, 40, 696, 9, 3),
(1904, 40, 696, 10, 3),
(1905, 40, 696, 11, 2),
(1906, 40, 696, 12, 3),
(1907, 40, 696, 13, 2),
(1908, 40, 697, 14, 3),
(1909, 40, 698, 15, 2),
(1910, 40, 699, 16, 3),
(1911, 40, 699, 17, 3),
(1912, 40, 699, 18, 3),
(1913, 40, 699, 19, 0),
(1914, 40, 699, 20, 3),
(1915, 40, 700, 21, 2),
(1916, 40, 700, 22, 2),
(1917, 40, 700, 23, 3),
(1918, 40, 701, 24, 2),
(1919, 40, 701, 25, 2),
(1920, 40, 702, 26, 2),
(1921, 40, 702, 27, 3),
(1922, 40, 702, 28, 2),
(1923, 40, 703, 29, 2),
(1924, 40, 704, 30, 1),
(1925, 40, 705, 31, 3),
(1926, 40, 705, 32, 3),
(1927, 40, 705, 33, 2),
(1928, 40, 705, 34, 2),
(1929, 40, 705, 35, 3),
(1930, 40, 705, 36, 3),
(1931, 40, 706, 37, 2),
(1932, 40, 706, 38, 2),
(1933, 40, 706, 39, 2),
(1934, 40, 707, 40, 0),
(1935, 40, 707, 41, 0),
(1936, 40, 707, 42, 0),
(1937, 40, 708, 43, 3),
(1938, 60, 709, 9, 3),
(1939, 60, 709, 10, 3),
(1940, 60, 709, 11, 3),
(1941, 60, 709, 12, 3),
(1942, 60, 709, 13, 3),
(1943, 60, 710, 14, 3),
(1944, 60, 711, 15, 3),
(1945, 60, 712, 16, 3),
(1946, 60, 712, 17, 3),
(1947, 60, 712, 18, 3),
(1948, 60, 712, 19, 3),
(1949, 60, 712, 20, 3),
(1950, 60, 713, 21, 3),
(1951, 60, 713, 22, 3),
(1952, 60, 713, 23, 3),
(1953, 60, 714, 24, 3),
(1954, 60, 714, 25, 0),
(1955, 60, 715, 26, 2),
(1956, 60, 715, 27, 3),
(1957, 60, 715, 28, 2),
(1958, 60, 716, 29, 4),
(1959, 60, 717, 30, 3),
(1960, 60, 718, 31, 3),
(1961, 60, 718, 32, 3),
(1962, 60, 718, 33, 3),
(1963, 60, 718, 34, 0),
(1964, 60, 718, 35, 3),
(1965, 60, 718, 36, 3),
(1966, 60, 719, 37, 2),
(1967, 60, 719, 38, 2),
(1968, 60, 719, 39, 2),
(1969, 60, 720, 40, 0),
(1970, 60, 720, 41, 0),
(1971, 60, 720, 42, 0),
(1972, 60, 721, 43, 3),
(1973, 41, 722, 9, 3),
(1974, 41, 722, 10, 3),
(1975, 41, 722, 11, 1),
(1976, 41, 722, 12, 3),
(1977, 41, 722, 13, 1),
(1978, 41, 723, 14, 1),
(1979, 41, 724, 15, 1),
(1980, 41, 725, 16, 3),
(1981, 41, 725, 17, 3),
(1982, 41, 725, 18, 1),
(1983, 41, 725, 19, 1),
(1984, 41, 725, 20, 1),
(1985, 41, 726, 21, 1),
(1986, 41, 726, 22, 1),
(1987, 41, 726, 23, 3),
(1988, 41, 727, 24, 1),
(1989, 41, 727, 25, 1),
(1990, 41, 728, 26, 1),
(1991, 41, 728, 27, 3),
(1992, 41, 728, 28, 1),
(1993, 41, 729, 29, 1),
(1994, 41, 730, 30, 1),
(1995, 41, 731, 31, 3),
(1996, 41, 731, 32, 3),
(1997, 41, 731, 33, 1),
(1998, 41, 731, 34, 1),
(1999, 41, 731, 35, 3),
(2000, 41, 731, 36, 3),
(2001, 41, 732, 37, 1),
(2002, 41, 732, 38, 1),
(2003, 41, 732, 39, 1),
(2004, 41, 733, 40, 0),
(2005, 41, 733, 41, 0),
(2006, 41, 733, 42, 0),
(2007, 41, 734, 43, 2),
(2008, 50, 735, 9, 3),
(2009, 50, 735, 10, 3),
(2010, 50, 735, 11, 3),
(2011, 50, 735, 12, 3),
(2012, 50, 735, 13, 3),
(2013, 50, 736, 14, 3),
(2014, 50, 737, 15, 3),
(2015, 50, 738, 16, 3),
(2016, 50, 738, 17, 3),
(2017, 50, 738, 18, 3),
(2018, 50, 738, 19, 3),
(2019, 50, 738, 20, 3),
(2020, 50, 739, 21, 3),
(2021, 50, 739, 22, 3),
(2022, 50, 739, 23, 4),
(2023, 50, 740, 24, 3),
(2024, 50, 740, 25, 3),
(2025, 50, 741, 26, 3),
(2026, 50, 741, 27, 3),
(2027, 50, 741, 28, 3),
(2028, 50, 742, 29, 3),
(2029, 50, 743, 30, 2),
(2030, 50, 744, 31, 3),
(2031, 50, 744, 32, 3),
(2032, 50, 744, 33, 3),
(2033, 50, 744, 34, 3),
(2034, 50, 744, 35, 3),
(2035, 50, 744, 36, 3),
(2036, 50, 745, 37, 3),
(2037, 50, 745, 38, 3),
(2038, 50, 745, 39, 0),
(2039, 50, 746, 40, 3),
(2040, 50, 746, 41, 3),
(2041, 50, 746, 42, 3),
(2042, 50, 747, 43, 3),
(2043, 43, 748, 9, 3),
(2044, 43, 748, 10, 3),
(2045, 43, 748, 11, 3),
(2046, 43, 748, 12, 3),
(2047, 43, 748, 13, 3),
(2048, 43, 749, 14, 3),
(2049, 43, 750, 15, 3),
(2050, 43, 751, 16, 3),
(2051, 43, 751, 17, 3),
(2052, 43, 751, 18, 3),
(2053, 43, 751, 19, 2),
(2054, 43, 751, 20, 3),
(2055, 43, 752, 21, 2),
(2056, 43, 752, 22, 3),
(2057, 43, 752, 23, 3),
(2058, 43, 753, 24, 3),
(2059, 43, 753, 25, 2),
(2060, 43, 754, 26, 2),
(2061, 43, 754, 27, 3),
(2062, 43, 754, 28, 2),
(2063, 43, 755, 29, 2),
(2064, 43, 756, 30, 2),
(2065, 43, 757, 31, 3),
(2066, 43, 757, 32, 3),
(2067, 43, 757, 33, 3),
(2068, 43, 757, 34, 3),
(2069, 43, 757, 35, 3),
(2070, 43, 757, 36, 3),
(2071, 43, 758, 37, 3),
(2072, 43, 758, 38, 3),
(2073, 43, 758, 39, 2),
(2074, 43, 759, 40, 3),
(2075, 43, 759, 41, 3),
(2076, 43, 759, 42, 3),
(2077, 43, 760, 43, 3),
(2078, 58, 761, 9, 3),
(2079, 58, 761, 10, 3),
(2080, 58, 761, 11, 3),
(2081, 58, 761, 12, 3),
(2082, 58, 761, 13, 3),
(2083, 58, 762, 14, 3),
(2084, 58, 763, 15, 3),
(2085, 58, 764, 16, 3),
(2086, 58, 764, 17, 3),
(2087, 58, 764, 18, 3),
(2088, 58, 764, 19, 2),
(2089, 58, 764, 20, 3),
(2090, 58, 765, 21, 2),
(2091, 58, 765, 22, 3),
(2092, 58, 765, 23, 3),
(2093, 58, 766, 24, 3),
(2094, 58, 766, 25, 3),
(2095, 58, 767, 26, 2),
(2096, 58, 767, 27, 3),
(2097, 58, 767, 28, 2),
(2098, 58, 768, 29, 2),
(2099, 58, 769, 30, 3),
(2100, 58, 770, 31, 3),
(2101, 58, 770, 32, 3),
(2102, 58, 770, 33, 3),
(2103, 58, 770, 34, 2),
(2104, 58, 770, 35, 3),
(2105, 58, 770, 36, 3),
(2106, 58, 771, 37, 2),
(2107, 58, 771, 38, 2),
(2108, 58, 771, 39, 2),
(2109, 58, 772, 40, 3),
(2110, 58, 772, 41, 3),
(2111, 58, 772, 42, 3),
(2112, 58, 773, 43, 3),
(2113, 55, 774, 9, 3),
(2114, 55, 774, 10, 3),
(2115, 55, 774, 11, 2),
(2116, 55, 774, 12, 3),
(2117, 55, 774, 13, 2),
(2118, 55, 775, 14, 3),
(2119, 55, 776, 15, 2),
(2120, 55, 777, 16, 3),
(2121, 55, 777, 17, 3),
(2122, 55, 777, 18, 3),
(2123, 55, 777, 19, 2),
(2124, 55, 777, 20, 3),
(2125, 55, 778, 21, 2),
(2126, 55, 778, 22, 3),
(2127, 55, 778, 23, 0),
(2128, 55, 779, 24, 2),
(2129, 55, 779, 25, 2),
(2130, 55, 780, 26, 2),
(2131, 55, 780, 27, 3),
(2132, 55, 780, 28, 2),
(2133, 55, 781, 29, 2),
(2134, 55, 782, 30, 3),
(2135, 55, 783, 31, 3),
(2136, 55, 783, 32, 3),
(2137, 55, 783, 33, 3),
(2138, 55, 783, 34, 0),
(2139, 55, 783, 35, 3),
(2140, 55, 783, 36, 3),
(2141, 55, 784, 37, 2),
(2142, 55, 784, 38, 2),
(2143, 55, 784, 39, 2),
(2144, 55, 785, 40, 3),
(2145, 55, 785, 41, 3),
(2146, 55, 785, 42, 3),
(2147, 55, 786, 43, 3),
(2148, 54, 787, 9, 3),
(2149, 54, 787, 10, 3),
(2150, 54, 787, 11, 0),
(2151, 54, 787, 12, 0),
(2152, 54, 787, 13, 0),
(2153, 54, 788, 14, 1),
(2154, 54, 789, 15, 0),
(2155, 54, 790, 16, 0),
(2156, 54, 790, 17, 0),
(2157, 54, 790, 18, 0),
(2158, 54, 790, 19, 0),
(2159, 54, 790, 20, 0),
(2160, 54, 791, 21, 2),
(2161, 54, 791, 22, 2),
(2162, 54, 791, 23, 0),
(2163, 54, 792, 24, 1),
(2164, 54, 792, 25, 1),
(2165, 54, 793, 26, 0),
(2166, 54, 793, 27, 0),
(2167, 54, 793, 28, 0),
(2168, 54, 794, 29, 3),
(2169, 54, 795, 30, 0),
(2170, 54, 796, 31, 0),
(2171, 54, 796, 32, 0),
(2172, 54, 796, 33, 0),
(2173, 54, 796, 34, 0),
(2174, 54, 796, 35, 0),
(2175, 54, 796, 36, 0),
(2176, 54, 797, 37, 0),
(2177, 54, 797, 38, 0),
(2178, 54, 797, 39, 0),
(2179, 54, 798, 40, 0),
(2180, 54, 798, 41, 0),
(2181, 54, 798, 42, 0),
(2182, 54, 799, 43, 0),
(2183, 15, 800, 9, 3),
(2184, 15, 800, 10, 3),
(2185, 15, 800, 11, 2),
(2186, 15, 800, 12, 3),
(2187, 15, 800, 13, 2),
(2188, 15, 801, 14, 3),
(2189, 15, 802, 15, 2),
(2190, 15, 803, 16, 3),
(2191, 15, 803, 17, 3),
(2192, 15, 803, 18, 3),
(2193, 15, 803, 19, 0),
(2194, 15, 803, 20, 3),
(2195, 15, 804, 21, 3),
(2196, 15, 804, 22, 3),
(2197, 15, 804, 23, 3),
(2198, 15, 805, 24, 2),
(2199, 15, 805, 25, 2),
(2200, 15, 806, 26, 2),
(2201, 15, 806, 27, 3),
(2202, 15, 806, 28, 1),
(2203, 15, 807, 29, 2),
(2204, 15, 808, 30, 3),
(2205, 15, 809, 31, 3),
(2206, 15, 809, 32, 3),
(2207, 15, 809, 33, 3),
(2208, 15, 809, 34, 2),
(2209, 15, 809, 35, 3),
(2210, 15, 809, 36, 3),
(2211, 15, 810, 37, 1),
(2212, 15, 810, 38, 2),
(2213, 15, 810, 39, 1),
(2214, 15, 811, 40, 3),
(2215, 15, 811, 41, 3),
(2216, 15, 811, 42, 3),
(2217, 15, 812, 43, 3),
(2218, 59, 813, 9, 3),
(2219, 59, 813, 10, 3),
(2220, 59, 813, 11, 2),
(2221, 59, 813, 12, 3),
(2222, 59, 813, 13, 2),
(2223, 59, 814, 14, 3),
(2224, 59, 815, 15, 2),
(2225, 59, 816, 16, 3),
(2226, 59, 816, 17, 3),
(2227, 59, 816, 18, 3),
(2228, 59, 816, 19, 0),
(2229, 59, 816, 20, 3),
(2230, 59, 817, 21, 0),
(2231, 59, 817, 22, 0),
(2232, 59, 817, 23, 0),
(2233, 59, 818, 24, 1),
(2234, 59, 818, 25, 1),
(2235, 59, 819, 26, 1),
(2236, 59, 819, 27, 3),
(2237, 59, 819, 28, 1),
(2238, 59, 820, 29, 3),
(2239, 59, 821, 30, 1),
(2240, 59, 822, 31, 3),
(2241, 59, 822, 32, 3),
(2242, 59, 822, 33, 3),
(2243, 59, 822, 34, 1),
(2244, 59, 822, 35, 3),
(2245, 59, 822, 36, 2),
(2246, 59, 823, 37, 1),
(2247, 59, 823, 38, 1),
(2248, 59, 823, 39, 1),
(2249, 59, 824, 40, 0),
(2250, 59, 824, 41, 0),
(2251, 59, 824, 42, 0),
(2252, 59, 825, 43, 3),
(2253, 34, 826, 9, 3),
(2254, 34, 826, 10, 3),
(2255, 34, 826, 11, 3),
(2256, 34, 826, 12, 3),
(2257, 34, 826, 13, 3),
(2258, 34, 827, 14, 3),
(2259, 34, 828, 15, 3),
(2260, 34, 829, 16, 3),
(2261, 34, 829, 17, 3),
(2262, 34, 829, 18, 3),
(2263, 34, 829, 19, 3),
(2264, 34, 829, 20, 3),
(2265, 34, 830, 21, 2),
(2266, 34, 830, 22, 3),
(2267, 34, 830, 23, 4),
(2268, 34, 831, 24, 3),
(2269, 34, 831, 25, 2),
(2270, 34, 832, 26, 2),
(2271, 34, 832, 27, 3),
(2272, 34, 832, 28, 2),
(2273, 34, 833, 29, 2),
(2274, 34, 834, 30, 1),
(2275, 34, 835, 31, 3),
(2276, 34, 835, 32, 3),
(2277, 34, 835, 33, 3),
(2278, 34, 835, 34, 3),
(2279, 34, 835, 35, 3),
(2280, 34, 835, 36, 3),
(2281, 34, 836, 37, 2),
(2282, 34, 836, 38, 2),
(2283, 34, 836, 39, 1),
(2284, 34, 837, 40, 3),
(2285, 34, 837, 41, 3),
(2286, 34, 837, 42, 3),
(2287, 34, 838, 43, 3),
(2288, 14, 839, 9, 3),
(2289, 14, 839, 10, 3),
(2290, 14, 839, 11, 2),
(2291, 14, 839, 12, 3),
(2292, 14, 839, 13, 2),
(2293, 14, 840, 14, 3),
(2294, 14, 841, 15, 3),
(2295, 14, 842, 16, 3),
(2296, 14, 842, 17, 3),
(2297, 14, 842, 18, 3),
(2298, 14, 842, 19, 0),
(2299, 14, 842, 20, 3),
(2300, 14, 843, 21, 3),
(2301, 14, 843, 22, 3),
(2302, 14, 843, 23, 4),
(2303, 14, 844, 24, 3),
(2304, 14, 844, 25, 0),
(2305, 14, 845, 26, 2),
(2306, 14, 845, 27, 3),
(2307, 14, 845, 28, 2),
(2308, 14, 846, 29, 3),
(2309, 14, 847, 30, 2),
(2310, 14, 848, 31, 3),
(2311, 14, 848, 32, 3),
(2312, 14, 848, 33, 3),
(2313, 14, 848, 34, 0),
(2314, 14, 848, 35, 3),
(2315, 14, 848, 36, 3),
(2316, 14, 849, 37, 2),
(2317, 14, 849, 38, 2),
(2318, 14, 849, 39, 2),
(2319, 14, 850, 40, 3),
(2320, 14, 850, 41, 3),
(2321, 14, 850, 42, 3),
(2322, 14, 851, 43, 3),
(2323, 53, 852, 9, 3),
(2324, 53, 852, 10, 3),
(2325, 53, 852, 11, 2),
(2326, 53, 852, 12, 3),
(2327, 53, 852, 13, 0),
(2328, 53, 853, 14, 0),
(2329, 53, 854, 15, 0),
(2330, 53, 855, 16, 3),
(2331, 53, 855, 17, 2),
(2332, 53, 855, 18, 2),
(2333, 53, 855, 19, 0),
(2334, 53, 855, 20, 2),
(2335, 53, 856, 21, 0),
(2336, 53, 856, 22, 0),
(2337, 53, 856, 23, 0),
(2338, 53, 857, 24, 2),
(2339, 53, 857, 25, 0),
(2340, 53, 858, 26, 0),
(2341, 53, 858, 27, 0),
(2342, 53, 858, 28, 0),
(2343, 53, 859, 29, 2),
(2344, 53, 860, 30, 2),
(2345, 53, 861, 31, 0),
(2346, 53, 861, 32, 0),
(2347, 53, 861, 33, 3),
(2348, 53, 861, 34, 0),
(2349, 53, 861, 35, 0),
(2350, 53, 861, 36, 0),
(2351, 53, 862, 37, 0),
(2352, 53, 862, 38, 0),
(2353, 53, 862, 39, 0),
(2354, 53, 863, 40, 0),
(2355, 53, 863, 41, 0),
(2356, 53, 863, 42, 0),
(2357, 53, 864, 43, 3),
(2358, 52, 865, 9, 3),
(2359, 52, 865, 10, 3),
(2360, 52, 865, 11, 2),
(2361, 52, 865, 12, 3),
(2362, 52, 865, 13, 0),
(2363, 52, 866, 14, 0),
(2364, 52, 867, 15, 0),
(2365, 52, 868, 16, 3),
(2366, 52, 868, 17, 3),
(2367, 52, 868, 18, 3),
(2368, 52, 868, 19, 0),
(2369, 52, 868, 20, 3),
(2370, 52, 869, 21, 0);
INSERT INTO `evaluacionPreguntaConocimiento` (`id`, `participante_id`, `evaluacionConocimiento_id`, `pregunta_id`, `evaluacionPreguntaConocimientoRespuesta`) VALUES
(2371, 52, 869, 22, 0),
(2372, 52, 869, 23, 0),
(2373, 52, 870, 24, 0),
(2374, 52, 870, 25, 0),
(2375, 52, 871, 26, 3),
(2376, 52, 871, 27, 3),
(2377, 52, 871, 28, 0),
(2378, 52, 872, 29, 3),
(2379, 52, 873, 30, 0),
(2380, 52, 874, 31, 0),
(2381, 52, 874, 32, 0),
(2382, 52, 874, 33, 3),
(2383, 52, 874, 34, 0),
(2384, 52, 874, 35, 0),
(2385, 52, 874, 36, 0),
(2386, 52, 875, 37, 0),
(2387, 52, 875, 38, 0),
(2388, 52, 875, 39, 0),
(2389, 52, 876, 40, 0),
(2390, 52, 876, 41, 0),
(2391, 52, 876, 42, 0),
(2392, 52, 877, 43, 3),
(2393, 18, 878, 9, 3),
(2394, 18, 878, 10, 3),
(2395, 18, 878, 11, 2),
(2396, 18, 878, 12, 3),
(2397, 18, 878, 13, 2),
(2398, 18, 879, 14, 3),
(2399, 18, 880, 15, 3),
(2400, 18, 881, 16, 3),
(2401, 18, 881, 17, 3),
(2402, 18, 881, 18, 3),
(2403, 18, 881, 19, 3),
(2404, 18, 881, 20, 3),
(2405, 18, 882, 21, 2),
(2406, 18, 882, 22, 3),
(2407, 18, 882, 23, 3),
(2408, 18, 883, 24, 2),
(2409, 18, 883, 25, 2),
(2410, 18, 884, 26, 2),
(2411, 18, 884, 27, 2),
(2412, 18, 884, 28, 1),
(2413, 18, 885, 29, 2),
(2414, 18, 886, 30, 2),
(2415, 18, 887, 31, 3),
(2416, 18, 887, 32, 3),
(2417, 18, 887, 33, 0),
(2418, 18, 887, 34, 2),
(2419, 18, 887, 35, 3),
(2420, 18, 887, 36, 3),
(2421, 18, 888, 37, 2),
(2422, 18, 888, 38, 2),
(2423, 18, 888, 39, 2),
(2424, 18, 889, 40, 3),
(2425, 18, 889, 41, 3),
(2426, 18, 889, 42, 3),
(2427, 18, 890, 43, 3);

-- --------------------------------------------------------

--
-- Estructura de tabla para la tabla `formapago`
--

DROP TABLE IF EXISTS `formapago`;
CREATE TABLE IF NOT EXISTS `formapago` (
  `id` int(11) NOT NULL,
  `id_empresa` int(11) NOT NULL,
  `empresaFormaPagoCodigo` varchar(10) NOT NULL,
  `id_formaPago` int(11) DEFAULT NULL,
  `formaPagoNombre` varchar(100) NOT NULL,
  `formaPagoDescripcion` varchar(255) DEFAULT NULL,
  `formaPagoImagenNombre` varchar(255) DEFAULT NULL,
  `formaPagoImagenNombreInterno` varchar(255) DEFAULT NULL,
  `formaPagoImagenContenido` blob
) ENGINE=InnoDB DEFAULT CHARSET=utf8;

-- --------------------------------------------------------

--
-- Estructura de tabla para la tabla `gt_user`
--

DROP TABLE IF EXISTS `gt_user`;
CREATE TABLE IF NOT EXISTS `gt_user` (
  `id` int(11) NOT NULL,
  `username` varchar(255) NOT NULL,
  `username_canonical` varchar(255) NOT NULL,
  `email` varchar(255) NOT NULL,
  `email_canonical` varchar(255) NOT NULL,
  `enabled` tinyint(1) NOT NULL,
  `salt` varchar(255) NOT NULL,
  `password` varchar(255) NOT NULL,
  `last_login` datetime DEFAULT NULL,
  `locked` tinyint(1) NOT NULL,
  `expired` tinyint(1) NOT NULL,
  `expires_at` datetime DEFAULT NULL,
  `confirmation_token` varchar(255) DEFAULT NULL,
  `password_requested_at` datetime DEFAULT NULL,
  `roles` longtext NOT NULL COMMENT '(DC2Type:array)',
  `credentials_expired` tinyint(1) NOT NULL,
  `credentials_expire_at` datetime DEFAULT NULL
) ENGINE=InnoDB AUTO_INCREMENT=21 DEFAULT CHARSET=utf8;

--
-- Volcado de datos para la tabla `gt_user`
--

INSERT INTO `gt_user` (`id`, `username`, `username_canonical`, `email`, `email_canonical`, `enabled`, `salt`, `password`, `last_login`, `locked`, `expired`, `expires_at`, `confirmation_token`, `password_requested_at`, `roles`, `credentials_expired`, `credentials_expire_at`) VALUES
(1, 'abruce@apporte.cl', 'abruce@apporte.cl', 'abruce@apporte.cl', 'abruce@apporte.cl', 1, 'g629q2nl8cg04kgs4k44w08w0ocs8cg', 'FxWD8wW0fniSDdjlvBy2CD1VboRqEa8PyvuDp+iQ3IfUOR89rXHUrmzZ2UQkdBoKVKTFrcYaXthU/bJwd/ySug==', '2017-02-02 11:41:59', 0, 0, NULL, NULL, NULL, 'a:0:{}', 0, NULL),
(15, 'carolina.sanchez@stein.cl', 'carolina.sanchez@stein.cl', 'carolina.sanchez@stein.cl', 'carolina.sanchez@stein.cl', 1, '9bozy6dd7j0gco0ogkgck8cw04cc48g', 'A9i8lqdYSsSlXySBOcVeOg2FJDB/eAki/HdOcoFFa0OJeviaxXJkpOBbtSsn/X07YWRrqQzuDUQTzCbVa8u+Vw==', '2017-02-01 14:03:54', 0, 0, NULL, NULL, NULL, 'a:0:{}', 0, NULL),
(16, 'sylvia.valdebenito@stein.cl', 'sylvia.valdebenito@stein.cl', 'sylvia.valdebenito@stein.cl', 'sylvia.valdebenito@stein.cl', 1, 'suvkpb74mrk4ccgw4sc804gs8swcw0g', 'EPBuBVIW3nLOolgxoqUhlFrwderDFtAHPx1jsWM/p3FGypi+Zx5i+5pkghD4uCuxJSLGJhw4g3bN53Pyk6hB7w==', '2016-09-08 12:36:32', 0, 0, NULL, NULL, NULL, 'a:0:{}', 0, NULL),
(17, 'cynthia.hernandez@stein.cl', 'cynthia.hernandez@stein.cl', 'cynthia.hernandez@stein.cl', 'cynthia.hernandez@stein.cl', 1, 'j70kednn95sgkcgccks0k48s80gss0c', 'aAUBL7eZ5sUDAaELO0+xr7ukZ5eGoSgHJNWVPdGY6/GKo6x0FrtDK8PpkE4I6Md0bO/TdiKFVI0/rFx6OtgUyA==', '2016-09-30 10:20:06', 0, 0, NULL, NULL, NULL, 'a:0:{}', 0, NULL),
(18, 'marco.henot@stein.cl', 'marco.henot@stein.cl', 'marco.henot@stein.cl', 'marco.henot@stein.cl', 1, 'dztmg88rda800kwk4cos0os040gw8o', 'zd7iG7JOd7NNPZHesQ3PGxHqCmNA0pUVIp3hCpyF1huY2gnm9TerAYtRU/R4PlomQczTdOMk+bD5CfVHsfP7rA==', '2017-02-01 13:35:27', 0, 0, NULL, NULL, NULL, 'a:0:{}', 0, NULL),
(19, 'admin@ccu.cl', 'admin@ccu.cl', 'admin@ccu.cl', 'admin@ccu.cl', 1, 'nhxu1nsc69wgwk4488wss0ssssscocc', '6qtB7GqbM5FE+or4Ke7JM/yOQhfKA6hWPFBfCVbhJgRYlInWo3xiXHeefLsflurLTd2DHHrXV/9wkBZvMSHyWw==', '2017-02-01 22:29:43', 0, 0, NULL, NULL, NULL, 'a:0:{}', 0, NULL),
(20, 'evaluador@ccu.cl', 'evaluador@ccu.cl', 'evaluador@ccu.cl', 'evaluador@ccu.cl', 1, '2llqxdyn4ticc8sc400c44ogowcoko', 'q2khRR2TdmIW9M3jFX7Y0n432zaWd36aydvFUqGCM8mbBsd3bFY1WebjUdIaHqpF9fgxLEgs26fiPmXmfcE9dg==', '2017-01-31 12:19:20', 0, 0, NULL, NULL, NULL, 'a:0:{}', 0, NULL);

-- --------------------------------------------------------

--
-- Estructura de tabla para la tabla `modulo`
--

DROP TABLE IF EXISTS `modulo`;
CREATE TABLE IF NOT EXISTS `modulo` (
  `id` int(11) NOT NULL,
  `curso_id` int(11) NOT NULL,
  `moduloCodigo` varchar(45) CHARACTER SET utf8 DEFAULT NULL,
  `moduloNombre` varchar(45) CHARACTER SET utf8 DEFAULT NULL,
  `moduloDescripcion` text CHARACTER SET utf8
) ENGINE=InnoDB DEFAULT CHARSET=latin1;

-- --------------------------------------------------------

--
-- Estructura de tabla para la tabla `moduloActividadClave`
--

DROP TABLE IF EXISTS `moduloActividadClave`;
CREATE TABLE IF NOT EXISTS `moduloActividadClave` (
  `modulo_id` int(11) NOT NULL,
  `actividadClave_id` int(11) NOT NULL
) ENGINE=InnoDB DEFAULT CHARSET=latin1;

-- --------------------------------------------------------

--
-- Estructura de tabla para la tabla `moduloAprendizaje`
--

DROP TABLE IF EXISTS `moduloAprendizaje`;
CREATE TABLE IF NOT EXISTS `moduloAprendizaje` (
  `modulo_id` int(11) NOT NULL,
  `aprendizaje_id` int(11) NOT NULL
) ENGINE=InnoDB DEFAULT CHARSET=latin1;

-- --------------------------------------------------------

--
-- Estructura de tabla para la tabla `participante`
--

DROP TABLE IF EXISTS `participante`;
CREATE TABLE IF NOT EXISTS `participante` (
  `id` int(11) NOT NULL,
  `evaluacion_id` int(11) DEFAULT NULL,
  `persona_id` int(11) DEFAULT NULL,
  `perfil_id` int(11) DEFAULT NULL
) ENGINE=InnoDB AUTO_INCREMENT=83 DEFAULT CHARSET=latin1;

--
-- Volcado de datos para la tabla `participante`
--

INSERT INTO `participante` (`id`, `evaluacion_id`, `persona_id`, `perfil_id`) VALUES
(1, 1, 1, 1),
(2, 1, 2, 1),
(3, 1, 3, 2),
(4, 3, 3, 3),
(5, 3, 4, 2),
(6, 3, 5, 3),
(7, 3, 6, 1),
(8, 3, 2, 1),
(9, 4, 1, NULL),
(10, 4, 2, NULL),
(11, 5, 12, 6),
(12, 5, 13, 7),
(13, 5, 14, 7),
(14, 5, 15, 5),
(15, 5, 16, 5),
(16, 5, 17, 6),
(17, 5, 18, 6),
(18, 5, 19, 5),
(19, 5, 20, 6),
(20, 5, 21, 6),
(21, 5, 22, 5),
(22, 5, 23, 6),
(23, 5, 24, 5),
(24, 5, 25, 6),
(25, 5, 26, 7),
(26, 5, 27, 6),
(27, 5, 28, 6),
(28, 5, 29, 7),
(29, 5, 30, 5),
(30, 5, 31, 6),
(31, 5, 32, 5),
(32, 5, 33, 7),
(33, 5, 34, 6),
(34, 5, 35, 5),
(35, 5, 36, 6),
(36, 5, 37, 5),
(37, 5, 38, 6),
(38, 5, 39, 6),
(39, 5, 40, 7),
(40, 5, 41, 7),
(41, 5, 42, 7),
(42, 5, 43, 6),
(43, 5, 44, 6),
(44, 5, 45, 6),
(45, 5, 46, 6),
(46, 5, 47, 6),
(47, 5, 48, 6),
(48, 5, 49, 6),
(49, 5, 50, 6),
(50, 5, 51, 6),
(51, 5, 52, 6),
(52, 5, 53, 6),
(53, 5, 54, 6),
(54, 5, 55, 6),
(55, 5, 56, 6),
(56, 5, 57, 6),
(57, 5, 58, 6),
(58, 5, 59, 6),
(59, 5, 60, 6),
(60, 5, 61, 6),
(61, 5, 62, 6),
(62, 5, 63, 6),
(63, 5, 64, 6),
(64, 5, 65, 6),
(65, 5, 66, 6),
(66, 5, 67, 6),
(67, 5, 68, 6),
(68, 5, 69, 6),
(69, 5, 70, 6),
(70, 5, 71, 6),
(71, 5, 72, 6),
(72, 5, 73, 6),
(73, 5, 74, 6),
(74, 5, 75, 6),
(75, 5, 76, 6),
(76, 5, 77, 6),
(77, 5, 78, 6),
(78, 5, 79, 6),
(79, 5, 80, 6),
(80, 5, 81, 6),
(81, 5, 82, 5),
(82, 6, 83, 11);

-- --------------------------------------------------------

--
-- Estructura de tabla para la tabla `perfil`
--

DROP TABLE IF EXISTS `perfil`;
CREATE TABLE IF NOT EXISTS `perfil` (
  `id` int(11) NOT NULL,
  `empresa_id` int(11) DEFAULT NULL,
  `perfilCodigo` varchar(10) DEFAULT NULL,
  `perfilNombre` varchar(255) DEFAULT NULL,
  `perfilObjetivo` text,
  `perfilReporta` varchar(255) DEFAULT NULL,
  `perfilTareas` text
) ENGINE=InnoDB AUTO_INCREMENT=12 DEFAULT CHARSET=latin1;

--
-- Volcado de datos para la tabla `perfil`
--

INSERT INTO `perfil` (`id`, `empresa_id`, `perfilCodigo`, `perfilNombre`, `perfilObjetivo`, `perfilReporta`, `perfilTareas`) VALUES
(1, 1, '001', 'TECNICO EN COMPUTACION', 'SOLUCIONAR PROBLEMAS DE SOPORTE\r\nCONFIGURAR COMPUTADORES\r\nREGISTRAR TAREAS REALIZADAS', NULL, NULL),
(2, 1, NULL, 'ANALISTA DE SISTEMAS', 'QUE ANALIZA las cosas', NULL, '- Asegurarse de contar con todos los documentos requeridos para realizar la confección de los despachos, ya sea de importación o exportación, que el cliente solicita.\r\n\r\n-Asegurarse que los documentos que se entregan para la confección de los despachos, se envíen con los datos necesarios para el llenado  asegurando  la trazabilidad de la información.\r\n\r\n- Responsable de que los documentos que son necesarios para la confección del despacho (ya sea de importación o exportación), cumplan con los requerimientos establecidos, por la agencia y la aduana.\r\n\r\n- Responsable de que se lleve a cabo el proceso operativo, del despacho para realizar la importación o exportación requerida por el cliente.\r\n\r\n- Responsable de informar al cliente, cualquier requerimiento que sea necesario para efectuar la importación o exportación, y que deba ser otorgado únicamente por el cliente. .\r\n\r\n- Responsable de realizar la provisión de fondos del cliente, o el manejo de su cuenta dentro de la agencia según sea lo contratado por el cliente .\r\n\r\n- Asesorar al cliente en las operaciones de importación o exportación que realice, orientándolo respecto de aranceles, leyes, plazos, documentación, seguros, entre otros.\r\n\r\n- Responsable de aperturar el despacho del cliente, y entregar  al área de confección y valoración, la información requerida para realizar el despacho.\r\n\r\n- Conocer la documentación y sistemas propios del cliente, que sean necesarios para la operatividad del proceso de importación y/o exportación respectivamente.\r\n\r\n- Responsable de brindar al cliente una atención de calidad.\r\n\r\n- Contribuir en otorgar al cliente un servicio de calidad.\r\n\r\n- Asegurar que todos los despachos que se aperturen, se realicen dentro de los tiempos determinados y convenidos con el cliente.'),
(3, 1, NULL, 'VENDEDOR', 'XXXXX', NULL, NULL),
(4, 1, NULL, 'Ejecutiva Importaciones Basico', 'Ejecutar el proceso de las operaciones comerciales, de importaciones y/o exportaciones que realice el cliente dentro de la agencia, asegurándose de que este cuente con las condiciones técnicas y operativas necesarias, para que se realice de acuerdo a los estándares de calidad de servicio definidos por la agencia, la autoridad y los requeridos por el cliente', NULL, '•	Asegurarse de contar con todos los documentos requeridos para realizar la confección de los despachos, ya sea de importación o exportación, que el cliente solicita.\r\n\r\n•	Asegurarse que los documentos que se entregan para la confección de los despachos, se envíen con los datos necesarios para el llenado  asegurando  la trazabilidad de la información.\r\n\r\n•	Responsable de que los documentos que son necesarios para la confección del despacho (ya sea de importación o exportación), cumplan con los requerimientos establecidos, por la agencia y la aduana.\r\n\r\n•	Responsable de que se lleve a cabo el proceso operativo, del despacho para realizar la importación o exportación requerida por el cliente.\r\n\r\n•	Responsable de informar al cliente, cualquier requerimiento que sea necesario para efectuar la importación o exportación, y que deba ser otorgado únicamente por el cliente. .\r\n\r\n•	Responsable de realizar la provisión de fondos del cliente, o el manejo de su cuenta dentro de la agencia según sea lo contratado por el cliente .\r\n\r\n•	Asesorar al cliente en las operaciones de importación o exportación que realice, orientándolo respecto de aranceles, leyes, plazos, documentación, seguros, entre otros.\r\n\r\n•	Responsable de aperturar el despacho del cliente, y entregar  al área de confección y valoración, la información requerida para realizar el despacho.\r\n\r\n•	Conocer la documentación y sistemas propios del cliente, que sean necesarios para la operatividad del proceso de importación y/o exportación respectivamente.\r\n\r\n•	Responsable de brindar al cliente una atención de calidad.\r\n\r\n•	Contribuir en otorgar al cliente un servicio de calidad.\r\n\r\n•	Asegurar que todos los despachos que se aperturen, se realicen dentro de los tiempos determinados y convenidos con el cliente.'),
(5, 3, NULL, 'Ejecutiva(o) de Cuenta Importaciones Senior', 'Ejecutar el proceso de las operaciones de importaciones que realice el cliente dentro de la agencia, asegurándose de que este cuente con las condiciones técnicas y operativas necesarias, para que se realice de acuerdo a los estándares de calidad de servicio definidos por la agencia, la autoridad y los requeridos por el cliente.', NULL, NULL),
(6, 3, NULL, 'Ejecutiva(o) de Cuenta Importaciones Especialista', NULL, NULL, NULL),
(7, 3, NULL, 'Ejecutiva(o) de Cuenta Importaciones Junior', NULL, NULL, NULL),
(8, 3, NULL, 'Supervisor Importaciones', NULL, NULL, NULL),
(9, 3, NULL, 'Gerente de Servicios', NULL, NULL, NULL),
(10, 3, NULL, 'Gerente de Operaciones', NULL, NULL, NULL),
(11, 4, NULL, 'EJECUTIVO COMERCIAL EN TERRENO', 'El perfil EJECUTIVO COMERCIAL DE TERRENO es el responsable por ejecutar la gestión comercial de los servicios de conexión primaria a red METROGAS y artefactos del segmento residencial, de acuerdo a las necesidades de sus clientes y a sus condiciones técnicas, ofreciendo el mejor servicio, siempre dentro de los estándares, políticas y otros reglamentos de la compañía, resguardando el cumplimiento de las metas en un marco de productividad y buen servicio.', 'Supervisor de ventas', NULL);

-- --------------------------------------------------------

--
-- Estructura de tabla para la tabla `perfilCompetencia`
--

DROP TABLE IF EXISTS `perfilCompetencia`;
CREATE TABLE IF NOT EXISTS `perfilCompetencia` (
  `id` int(11) NOT NULL,
  `perfil_id` int(11) DEFAULT NULL,
  `competencia_id` int(11) DEFAULT NULL
) ENGINE=InnoDB AUTO_INCREMENT=179 DEFAULT CHARSET=latin1;

--
-- Volcado de datos para la tabla `perfilCompetencia`
--

INSERT INTO `perfilCompetencia` (`id`, `perfil_id`, `competencia_id`) VALUES
(20, 3, 2),
(21, 3, 6),
(41, 1, 1),
(42, 1, 7),
(43, 1, 10),
(61, 2, 1),
(62, 2, 2),
(63, 2, 4),
(64, 2, 6),
(65, 2, 7),
(66, 2, 15),
(67, 2, 16),
(68, 4, 1),
(69, 4, 2),
(70, 4, 4),
(150, 6, 35),
(151, 6, 36),
(152, 6, 38),
(153, 6, 39),
(154, 6, 41),
(155, 6, 42),
(156, 6, 43),
(157, 6, 44),
(158, 6, 45),
(159, 7, 35),
(160, 7, 36),
(161, 7, 38),
(162, 7, 39),
(163, 7, 41),
(164, 7, 42),
(165, 7, 43),
(166, 7, 44),
(167, 7, 45),
(168, 5, 35),
(169, 5, 36),
(170, 5, 38),
(171, 5, 39),
(172, 5, 41),
(173, 5, 42),
(174, 5, 43),
(175, 5, 44),
(176, 5, 45),
(178, 11, 47);

-- --------------------------------------------------------

--
-- Estructura de tabla para la tabla `perfilConocimiento`
--

DROP TABLE IF EXISTS `perfilConocimiento`;
CREATE TABLE IF NOT EXISTS `perfilConocimiento` (
  `id` int(11) NOT NULL,
  `perfil_id` int(11) DEFAULT NULL,
  `conocimiento_id` int(11) DEFAULT NULL
) ENGINE=InnoDB AUTO_INCREMENT=148 DEFAULT CHARSET=latin1;

--
-- Volcado de datos para la tabla `perfilConocimiento`
--

INSERT INTO `perfilConocimiento` (`id`, `perfil_id`, `conocimiento_id`) VALUES
(8, 3, 1),
(9, 3, 2),
(17, 1, 1),
(22, 2, 1),
(23, 2, 2),
(102, 6, 8),
(103, 6, 9),
(104, 6, 10),
(105, 6, 11),
(106, 6, 13),
(107, 6, 14),
(108, 6, 15),
(109, 6, 17),
(110, 6, 18),
(111, 6, 19),
(112, 6, 20),
(113, 6, 21),
(114, 6, 22),
(115, 7, 8),
(116, 7, 9),
(117, 7, 10),
(118, 7, 11),
(119, 7, 13),
(120, 7, 14),
(121, 7, 15),
(122, 7, 17),
(123, 7, 18),
(124, 7, 19),
(125, 7, 20),
(126, 7, 21),
(127, 7, 22),
(128, 5, 8),
(129, 5, 9),
(130, 5, 10),
(131, 5, 11),
(132, 5, 13),
(133, 5, 14),
(134, 5, 15),
(135, 5, 17),
(136, 5, 18),
(137, 5, 19),
(138, 5, 20),
(139, 5, 21),
(140, 5, 22),
(143, 11, 23),
(144, 11, 24),
(145, 11, 25),
(146, 11, 26),
(147, 11, 27);

-- --------------------------------------------------------

--
-- Estructura de tabla para la tabla `perfilTarea`
--

DROP TABLE IF EXISTS `perfilTarea`;
CREATE TABLE IF NOT EXISTS `perfilTarea` (
  `id` int(11) NOT NULL,
  `perfil_id` int(11) DEFAULT NULL,
  `perfilTareaNombre` text
) ENGINE=InnoDB DEFAULT CHARSET=latin1;

-- --------------------------------------------------------

--
-- Estructura de tabla para la tabla `persona`
--

DROP TABLE IF EXISTS `persona`;
CREATE TABLE IF NOT EXISTS `persona` (
  `id` int(11) NOT NULL,
  `empresa_id` int(11) DEFAULT NULL,
  `perfil_id` int(11) DEFAULT NULL,
  `personaRut` varchar(10) DEFAULT NULL,
  `personaCorreo` varchar(255) DEFAULT NULL,
  `personaNombre` varchar(255) DEFAULT NULL,
  `persona_id` int(11) DEFAULT NULL
) ENGINE=InnoDB AUTO_INCREMENT=85 DEFAULT CHARSET=latin1;

--
-- Volcado de datos para la tabla `persona`
--

INSERT INTO `persona` (`id`, `empresa_id`, `perfil_id`, `personaRut`, `personaCorreo`, `personaNombre`, `persona_id`) VALUES
(1, 1, 2, '13925659-K', NULL, 'Alex', 0),
(2, 1, 2, '1-2', 'sara@gestionatalento.cl', 'SARA', 1),
(3, 1, 3, '1-3', NULL, 'ALAN', 0),
(4, 1, 2, '1-4', 'matilde@gestionatalento.cl', 'MATILDE', 1),
(5, 1, 1, '1-5', 'alan@gestionatalento.cl', 'ALAN JUNIOR', 3),
(6, 1, 1, '1-6', 'pedro@gestiona', 'PEDRO', 3),
(8, 1, 3, NULL, 'susana@gestionatalento.cl', 'SUSANA', 1),
(9, 3, 9, NULL, 'sylvia.valdebenito@stein.cl', 'Sylvia Valdebenito', 0),
(10, 3, 8, NULL, 'cynthia.hernandez@stein.cl', 'Cynthia Hernandez', 0),
(11, 3, 10, NULL, 'marco.henot@stein.cl', 'Marco Henot', 0),
(12, 3, 6, NULL, 'carolina.diaz@stein.cl', 'Carolina Diaz Mendez', 10),
(13, 3, 7, NULL, 'cristobal.sepulveda@stein.cl', 'Cristobal Sepulveda Cabello', 10),
(14, 3, 7, NULL, 'ingrid.silva@stein.cl', 'Ingrid Silva Perez', 10),
(15, 3, 5, NULL, 'odette.lopez@stein.cl', 'Odette Lopez Aragon', 9),
(16, 3, 5, NULL, 'marcela.cornejor@stein.cl', 'Marcela Cornejo', 9),
(17, 3, 6, NULL, 'nelson.soto@stein.cl', 'Nelson Soto Herrera', 10),
(18, 3, 6, NULL, 'viviana.zuniga@stein.cl', 'Viviana Zuñiga Acosta', 10),
(19, 3, 5, NULL, 'rosa.diaz@stein.cl', 'Rosa Diaz Mendez', 9),
(20, 3, 6, NULL, 'camila.araya@stein.cl', 'Camila Araya Cepeda', 11),
(21, 3, 6, NULL, 'carla.vidal@stein.cl', 'Carla Vidal Pinto', 11),
(22, 3, 5, NULL, 'magaly.bugueno@stein.cl', 'Magaly Bugueño', 10),
(23, 3, 6, NULL, 'angelica.orellana@stein.cl', 'Angelica Orellana Van Schuerbeck', 10),
(24, 3, 5, NULL, 'cecilia.concha@stein.cl', 'Cecilia Concha Gomez', 10),
(25, 3, 6, NULL, 'emilia.barahona@stein.cl', 'Emilia Barahona Torres', 10),
(26, 3, 7, NULL, 'cristian.morales@stein.cl', 'Cristian Morales Venegas', 10),
(27, 3, 6, NULL, 'roxana.reyes@stein.cl', 'Roxana Reyes Retamal', 10),
(28, 3, 6, NULL, 'gabriela.serrano@stein.cl', 'Gabriela Serrano Fernandez', 10),
(29, 3, 7, NULL, 'cesar.valenzuela@stein.cl', 'Cesar Valenzuela Hernandez', 10),
(30, 3, 5, NULL, 'veronica.cofre@stein.cl', 'Veronica Cofre Olivares', 10),
(31, 3, 6, NULL, 'teresa.soto@stein.cl', 'Teresa Soto Herrera', 10),
(32, 3, 5, NULL, 'jocelin.sanmartin@stein.cl', 'Jocelin San Martin', 10),
(33, 3, 7, NULL, 'dexsy.palomino@stein.cl', 'Dexsy Palomino Jaures', 10),
(34, 3, 6, NULL, 'katherine.montenegro@stein.cl', 'Katherine Montenegro Gauthier', 10),
(35, 3, 5, NULL, 'mariajose.pizarro@stein.cl', 'Maria Jose Pizarro Rivas', 9),
(36, 3, 6, NULL, 'stephanie.vargas@stein.cl', 'Stephanie Vargas', 10),
(37, 3, 5, NULL, 'clara.tamayo@stein.cl', 'Clara Tamayo Suazo', 9),
(38, 3, 6, NULL, 'bernarda.aguilera@stein.cl', 'Bernarda Aguilera Montes', 9),
(39, 3, 6, NULL, 'yubitza.huala@stein.cl', 'Yubitza Huala Duran', 9),
(40, 3, 7, NULL, 'cecilia.rivas@stein.cl', 'Cecilia Rivas Perez', 9),
(41, 3, 7, NULL, 'damaris.balcazar@stein.cl', 'Damaris Balcazar', 9),
(42, 3, 7, NULL, 'fernando.morales@stein.cl', 'Fernando Morales', 9),
(43, 3, 6, NULL, 'patricia.sandoval@stein.cl', 'Patricia Sandoval', 9),
(44, 3, 6, NULL, 'gisella.fuentes@stein.cl', 'Gissella Fuentes', 9),
(45, 3, 6, NULL, 'alex.mellado@aporta.com', 'Alex Mellado', 10),
(46, 3, 6, NULL, 'cillanes@forus.cl', 'Cynthia Illanes', 9),
(47, 3, 6, NULL, 'bernardita.berrios@forus.cl', 'Bernardita berrios', 9),
(48, 3, 6, NULL, 'arelis.e.riffo@gsk.com', 'Arelis Riffo', 9),
(49, 3, 6, NULL, 'paola.f.torres-stein@gsk.com', 'Paola Torres', 9),
(50, 3, 6, NULL, 'karin.p.zavala@gsk.com', 'Karin Zavala', 9),
(51, 3, 6, NULL, 'GUPerez@scj.com', 'Gabriel Perez', 9),
(52, 3, 6, NULL, 'jazuniga@scj.com', 'Jairo Zuñiga', 9),
(53, 3, 6, NULL, 'rejamie@scj.com', 'Rodrigo Jaime', 9),
(54, 3, 6, NULL, 'richard.jerez-ext@jci.com', 'Richard Jerez', 9),
(55, 3, 6, NULL, 'leonardo.bottero@cl.michelin.com', 'Leonardo Botero', 9),
(56, 3, 6, NULL, 'stein@antalis.cl', 'Karen Cortes', 9),
(57, 3, 6, NULL, 'stein@antalis.cl', 'Angie Valdenegro', 9),
(58, 3, 6, NULL, 'external.loreto.zamorano@cl.bosch.com', 'Loreto Zamorano', 9),
(59, 3, 6, NULL, 'comex@daewoo.cl', 'Jocelyn Zurita', 9),
(60, 3, 6, NULL, '', 'Margarita Castro', 9),
(61, 3, 6, NULL, '', 'Elizabeth Poblete', 9),
(62, 3, 6, NULL, 'katherine.undurraga@finning.com', 'Katherine Undurraga', 11),
(63, 3, 6, NULL, 'priscilla.undurraga.externo@finning.com', 'Priscilla Undurraga', 11),
(64, 3, 6, NULL, 'Alejandro.Espinoza.Externo@finning.com', 'Alejandro Espinoza', 11),
(65, 3, 6, NULL, 'Roberto.Carvajal.Externo@finning.com', 'Roberto Carvajal', 11),
(66, 3, 6, NULL, 'mario.pino.externo@finning.com', 'Mario Pino', 11),
(67, 3, 6, NULL, 'Mauricio.Vargas.Externo@finning.com', 'Mauricio Vargas', 11),
(68, 3, 6, NULL, 'claudio.zapata.externo@finning.com', 'Claudio Zapata', 11),
(69, 3, 6, NULL, 'doris.olivares.externo@finning.com', 'Doris Olivares', 11),
(70, 3, 6, NULL, 'caahumada@mmm.com', 'Cecilia Ahumada', 11),
(71, 3, 6, NULL, 'yessenia.palavecinos@nike.com', 'Yessenia Palavecinos', 11),
(72, 3, 6, NULL, 'eduardo.aravena_carrasco.ext@siemens.com', 'Eduardo Aravena', 11),
(73, 3, 6, NULL, 'francisca.courten_sepulveda.ext@siemens.com', 'Francisca Courten', 11),
(74, 3, 6, NULL, 'ximena.espina.ext@siemens.com', 'Ximena Espina', 11),
(75, 3, 6, NULL, 'lidia.guzman.ext@siemens.com', 'Lidia Guzman', 11),
(76, 3, 6, NULL, 'olga.vergara_arancibia.ext@siemens.com', 'Olga Vergara', 11),
(77, 3, 6, NULL, 'catherine.perez_toledo.ext@siemens.com', 'Catherine Perez', 11),
(78, 3, 6, NULL, 'vessel.sech@samsung.com', 'Jonathan Ibacahe', 11),
(79, 3, 6, NULL, 'imp_air.sech@samsung.com', 'Mauricio Picon', 11),
(80, 3, 6, NULL, 'sech.import@samsung.com', 'Javier Rodriguez', 11),
(81, 3, 6, NULL, 'jean.paul.bretti@philips.com', 'Jean Paul Bretti', 11),
(82, 3, 5, NULL, '', 'Alex Olivo', 11),
(83, 4, 11, NULL, 'abruce@apporte.cl', 'Alan Bruce', 84),
(84, 4, 11, NULL, 'evaluador@ccu.cl', 'Evaluador', 0);

-- --------------------------------------------------------

--
-- Estructura de tabla para la tabla `pregunta`
--

DROP TABLE IF EXISTS `pregunta`;
CREATE TABLE IF NOT EXISTS `pregunta` (
  `id` int(11) NOT NULL,
  `empresa_id` int(11) NOT NULL,
  `preguntaTipo_id` int(11) NOT NULL,
  `preguntaCodigo` varchar(10) DEFAULT NULL,
  `preguntaNombre` text,
  `preguntaRegistro` timestamp NULL DEFAULT NULL
) ENGINE=InnoDB AUTO_INCREMENT=93 DEFAULT CHARSET=latin1;

--
-- Volcado de datos para la tabla `pregunta`
--

INSERT INTO `pregunta` (`id`, `empresa_id`, `preguntaTipo_id`, `preguntaCodigo`, `preguntaNombre`, `preguntaRegistro`) VALUES
(1, 1, 1, '001', '¿ Enfoca sus actividades diarias al cumplimiento exitoso y eficiente de resultados y metas, equilibrándolas adecuadamente con la preocupación por las personas y el bienestar del equipo ?', NULL),
(2, 1, 2, '002', '¿ Optimiza tiempos y recursos, estableciendo prioridades y buscando soluciones eficientes para asuntos complejos. ?', NULL),
(3, 1, 1, '003', '¿ Genera y propone ideas y sugerencias para mejorar los procedimientos y procesos actuales, visualizando el impacto que éstas tendrán sobre los resultados de la organizacion ?', NULL),
(5, 1, 1, '004', '¿ Orienta al equipo a desarrollar el trabajo enfocado en el cumplimiento de objetivos y estrategias, utilizando métodos eficaces de control y seguimiento ?', NULL),
(6, 1, 1, '005', 'Pregunta asociada a Colabracion En redes/trabajo en equipo (requiere formacio y en desarrallo)', NULL),
(7, 1, 1, NULL, 'pregunta asociada a capacidad de gestion (requiere formacion)', NULL),
(8, 1, 1, NULL, 'pregunta asociada a competencia de prueba (formacio, desarrollo y logrado)', NULL),
(9, 1, 2, 'xx', 'xxxx   kkkkk uuuuuuu', NULL),
(10, 1, 1, 'XXX', 'PREGUNTA XXX, FALTO ALGO SE MODIFICA...', NULL),
(13, 1, 1, 'sdf', 'Pregunta asociada a Comunicacion (requiere formacion)', NULL),
(14, 1, 1, NULL, 'Pregunta de desarrollo para el medio ambiente', NULL),
(15, 1, 1, NULL, 'Pregunta para empatia...', NULL),
(16, 1, 2, NULL, 'NUEVA PREGGUUNTAAA', NULL),
(17, 1, 2, NULL, 'aaaaaa', NULL),
(18, 1, 2, NULL, 'ssss', NULL),
(19, 1, 2, NULL, 'asdfsdf', NULL),
(20, 3, 1, NULL, '¿ Se preocupa de conocer las reglas y procedimientos establecidos que rigen su gestión ?', NULL),
(21, 3, 1, NULL, '¿ Muestra una actitud de respeto y acatamiento de las normas y procedimientos establecidos en la realización de su labor ?', NULL),
(22, 3, 1, NULL, '¿ Realiza el trabajo demostrando metodicidad y disciplina en la gestión ?', NULL),
(23, 3, 1, NULL, '¿ Verifica y promueve el cumplimiento de los procedimientos, regulaciones y compromisos asumidos ?', NULL),
(24, 3, 1, NULL, '¿ Se preocupa de comprender qué está y qué no está permitido hacer, actuando conforme a ello ?', NULL),
(25, 3, 1, NULL, '¿ Identifica los aspectos a considerar como “detalles” dentro de las tareas, teniendo en cuenta lo que se espera como resultado final ?', NULL),
(26, 3, 1, NULL, '¿ Se manteniene atento y verifica los resultados, con el fin de determinar si son exactos y están completos, de acuerdo a los requerimientos ?', NULL),
(27, 3, 1, NULL, '¿ Entrega un trabajo de calidad, libre de errores, fallas o desviaciones ?', NULL),
(28, 3, 1, NULL, '¿ Realiza tareas complejas en el área de competencia ?', NULL),
(29, 3, 1, NULL, '¿ Aprende continuamente formas más efectivas y eficientes para desempeñar sus tareas, funciones o procesos, obteniendo nuevos conocimientos y habilidades, mejorando su productividad ?', NULL),
(30, 3, 1, NULL, '¿ Toma acciones para conocer a los clientes, sus necesidades y anhelos; escuchándolos, empatizando con ellos ?', NULL),
(31, 3, 1, NULL, '¿ Sabe qué hacer y qué no hacer en la relación con los clientes; identificando los efectos positivos y negativos que se generan ?', NULL),
(32, 3, 1, NULL, '¿ Toma decisiones para aumentar el nivel de satisfacción de los clientes que permita aumentar el impacto positivo de ellos con la organización ?', NULL),
(33, 3, 1, NULL, '¿ Reconoce como límite de satisfacción al cliente los objetivos estratégicos de la Agencia ?', NULL),
(34, 3, 1, NULL, '¿ Identifica con rapidez las tareas prioritarias, discerniendo en forma adecuada lo que se debe resolver con mayor urgencia ?', NULL),
(35, 3, 1, NULL, '¿ Es capaz de manejar varias variables o tareas a la vez, sin dejar de atender ninguna de ellas ?', NULL),
(36, 3, 1, NULL, '¿ Mantiene el control y el dominio de las emociones, mientras está bajo presión o condiciones apremiantes de tiempo ?', NULL),
(37, 3, 1, NULL, '¿ Trabaja efectivamente y cumple con los requerimientos en situaciones de presión, sin disminuir su rendimiento ?', NULL),
(38, 3, 1, NULL, '¿ Establece relaciones de cooperación con todos los estamentos de la organización en función de los objetivos propuestos ?', NULL),
(39, 3, 1, NULL, '¿ Desarrolla las ideas de los demás y las propias, facilitando y generando los acuerdos en un clima de tolerancia y respeto ?', NULL),
(40, 3, 1, NULL, '¿ Crea y favorece un clima laboral que facilite las buenas relaciones y la integración para el logro de objetivos ?', NULL),
(41, 3, 1, NULL, '¿ Busca oportunidades para implementar relaciones laborales positivas a todo nivel en la organización ?', NULL),
(42, 3, 1, NULL, '¿ Ayuda a que las personas se sientan valoradas, apreciadas e incluidas en las discusiones (incrementa la autoestima, establece una relación de empatía, involucra, comparte información, apoya) ?', NULL),
(43, 3, 1, NULL, '¿ Facilita el logro de los objetivos de la organización, por sobre los objetivos individuales o de área ?', NULL),
(44, 3, 1, NULL, '¿ Establece relaciones de cooperación con todas las personas de la organización, valorando e integrando el rol de los otros en el cumplimiento de los propios objetivos ?', NULL),
(45, 3, 1, NULL, '¿ Escucha, comprende y acepta las opiniones de los demás miembros del equipo o de la organización, aun cuando sean diferentes u opuestas a las propias, facilitando y generando acuerdos en un clima de tolerancia, respeto y confianza ?', NULL),
(46, 3, 1, NULL, '¿ Maneja de manera oportuna y asertiva los conflictos, creando y favoreciendo un clima laboral que facilite las buenas relaciones y la integración para el logro de objetivos ?', NULL),
(47, 3, 1, NULL, '¿ Responde a las expectativas y compromisos, cumple oportunamente con las responsabilidades asumidas ?', NULL),
(48, 3, 1, NULL, '¿ Focaliza el trabajo y las actividades laborales, orientándolos al logro de resultados, metas y objetivos encomendados ?', NULL),
(49, 3, 1, NULL, '¿ Cumple las metas fijadas, teniendo el propósito de lograr y/o exceder los objetivos planteados ?', NULL),
(50, 3, 1, NULL, '¿ Persevera en sus acciones, a pesar de las dificultades, frustraciones y/o errores, aprendiendo de ellos ?', NULL),
(51, 3, 1, NULL, '¿ Comprende los cambios en los lineamientos, las tareas, las situaciones y el ambiente de trabajo, así como la lógica o las bases de tales cambios ?', NULL),
(52, 3, 1, NULL, '¿ Ajusta el comportamiento frente a cambios en las asignaciones, ajustándose rápidamente a nuevas responsabilidades y tareas ?', NULL),
(53, 3, 1, NULL, '¿ Asume una actitud positiva y cooperativa frente al cambio, considerando el cambio como una oportunidad para aprender y crecer ?', NULL),
(54, 3, 1, NULL, '¿ Logra expresar sus ideas y mensajes claramente ?', NULL),
(55, 3, 1, NULL, '¿ Usa un lenguaje comprensible y adecuado para la contraparte (por ejemplo, no usa jergas)  ?', NULL),
(56, 3, 1, NULL, '¿ Escribe claramente oraciones breves, gramaticalmente correctas y con un lenguaje comprensible ?', NULL),
(57, 3, 1, NULL, '¿ Usa ejemplos para ilustrar lo que desea expresar o recalcar, cuando corresponde ?', NULL),
(58, 3, 2, NULL, '¿ Posee un dominio del concepto de incoterms ?', NULL),
(59, 3, 2, NULL, '¿ Conoce la conformación del valor CIF ?', NULL),
(60, 3, 2, NULL, '¿ Conoce los impuestos que se pagan para las diferentes mercancías al ingresar a Chile ?', NULL),
(61, 3, 2, NULL, '¿ Conoce todos los documentos que se deben anexar a una carpeta de Aforo ?', NULL),
(62, 3, 2, NULL, '¿ Conoce las diferentes destinaciones aduaneras ?', NULL),
(63, 3, 2, NULL, 'Conoce y aplica las políticas internas de la agencia de aduana?', NULL),
(64, 3, 2, NULL, '¿ Conoce las normas establecidas en la ordenanza de aduana ?', NULL),
(65, 3, 2, NULL, '¿ Conoce todos los documentos base para abrir un proceso de importación ?', NULL),
(66, 3, 2, NULL, '¿ Conoce los plazos asociados al proceso de importación ?', NULL),
(67, 3, 2, NULL, '¿ Conoce los costos asociados a las fallas o problemas que surgen en el proceso de importación?', NULL),
(68, 3, 2, NULL, '¿ Conoce y aplica los plazos para las operaciones de regímenes suspensivos ?', NULL),
(69, 3, 2, NULL, '¿ Es capaz de identificar los errores que se presentan en los documentos necesarios para el proceso de importación ?', NULL),
(70, 3, 2, NULL, '¿ Conoce los documentos tributarios y como se conforma el IVA ?', NULL),
(71, 3, 2, NULL, '¿ Conoce los plazos para declarar contablemente las declaraciones de ingreso (DIN) ?', NULL),
(72, 3, 2, NULL, '¿ Conoce el sistema para el registro de los desembolsos ?', NULL),
(73, 3, 2, NULL, '¿ Conoce y aplica los tratados de libre comercio que tiene Chile ?', NULL),
(74, 3, 2, NULL, '¿ Es capaz de confeccionar adecuadamente certificados de origen ?', NULL),
(75, 3, 2, NULL, '¿ Conoce y aplica el seguro de transporte ?', NULL),
(76, 3, 2, NULL, '¿ Conoce los sistemas informáticos de las compañías aseguradoras para confeccionar los seguros ?', NULL),
(77, 3, 2, NULL, '¿ Identifica productos que requieren vistos buenos ?', NULL),
(78, 3, 2, NULL, '¿ Sabe utilizar de manera adecuada planillas de cálculo ?', NULL),
(79, 3, 2, NULL, '¿ Maneja el Ingles técnico aduanero necesario  para el proceso de importación ?', NULL),
(80, 3, 2, NULL, '¿ Opera adecuadamente el sistema de apertura de despacho ?', NULL),
(81, 3, 2, NULL, '¿ Opera adecuadamente el sistema de seguimiento de despacho ?', NULL),
(82, 3, 2, NULL, '¿ Opera adecuadamente el sistema SLI del cliente ?', NULL),
(83, 3, 2, NULL, '¿ Opera adecuadamente modulo de régimen suspensivo ?', NULL),
(84, 3, 2, NULL, '¿ Operar adecuadamente el modulo  de importaciones ?', NULL),
(85, 3, 2, NULL, '¿ Opera adecuadamente el sistema de seguimiento y control de carpetas de importación ?', NULL),
(86, 3, 2, NULL, '¿ Opera adecuadamente los sistemas informáticos de los diferentes puertos del país ?', NULL),
(87, 3, 2, NULL, '¿ Opera adecuadamente  el sistema de aduana ?', NULL),
(88, 3, 2, NULL, '¿ Operar adecuadamente los sistemas informáticos del Seremi e ISP ?', NULL),
(89, 3, 2, NULL, '¿ Conoce la política de calidad y los objetivos de calidad ?', NULL),
(90, 3, 2, NULL, '¿ Opera adecuadamente el modulo de Calidad ISO ?', NULL),
(91, 3, 2, NULL, '¿ Conoce una no conformidad y su aplicación ?', NULL),
(92, 3, 2, NULL, '¿ Conoce los servicios que tienen contratados sus clientes ?', NULL);

-- --------------------------------------------------------

--
-- Estructura de tabla para la tabla `preguntaActividadClave`
--

DROP TABLE IF EXISTS `preguntaActividadClave`;
CREATE TABLE IF NOT EXISTS `preguntaActividadClave` (
  `pregunta_id` int(11) NOT NULL,
  `actividadClave_id` int(11) NOT NULL
) ENGINE=InnoDB DEFAULT CHARSET=latin1;

--
-- Volcado de datos para la tabla `preguntaActividadClave`
--

INSERT INTO `preguntaActividadClave` (`pregunta_id`, `actividadClave_id`) VALUES
(3, 5),
(3, 6),
(5, 7),
(7, 1),
(10, 6),
(13, 4),
(14, 7),
(20, 121),
(21, 122),
(22, 123),
(23, 124),
(24, 125),
(25, 130),
(26, 132),
(27, 134),
(28, 138),
(29, 139),
(30, 140),
(31, 141),
(32, 142),
(33, 144),
(34, 145),
(35, 146),
(36, 147),
(37, 148),
(38, 150),
(39, 151),
(40, 152),
(41, 153),
(42, 154),
(43, 155),
(44, 156),
(45, 157),
(46, 158),
(47, 159),
(48, 160),
(49, 161),
(50, 162),
(51, 165),
(52, 166),
(53, 167),
(54, 170),
(55, 171),
(56, 172),
(57, 173);

-- --------------------------------------------------------

--
-- Estructura de tabla para la tabla `preguntaAprendizaje`
--

DROP TABLE IF EXISTS `preguntaAprendizaje`;
CREATE TABLE IF NOT EXISTS `preguntaAprendizaje` (
  `pregunta_id` int(11) NOT NULL,
  `aprendizaje_id` int(11) NOT NULL
) ENGINE=InnoDB DEFAULT CHARSET=latin1;

--
-- Volcado de datos para la tabla `preguntaAprendizaje`
--

INSERT INTO `preguntaAprendizaje` (`pregunta_id`, `aprendizaje_id`) VALUES
(9, 1),
(9, 2),
(16, 2),
(17, 2),
(19, 1),
(58, 50),
(59, 51),
(60, 52),
(61, 53),
(62, 54),
(63, 56),
(64, 57),
(65, 67),
(66, 68),
(67, 69),
(68, 70),
(69, 71),
(70, 64),
(71, 65),
(72, 66),
(73, 20),
(74, 22),
(75, 23),
(76, 24),
(77, 25),
(78, 58),
(79, 63),
(80, 43),
(81, 44),
(82, 45),
(83, 46),
(84, 47),
(85, 49),
(86, 28),
(87, 29),
(88, 31),
(89, 38),
(90, 39),
(91, 40),
(92, 41),
(92, 42);

-- --------------------------------------------------------

--
-- Estructura de tabla para la tabla `preguntaClasificacion`
--

DROP TABLE IF EXISTS `preguntaClasificacion`;
CREATE TABLE IF NOT EXISTS `preguntaClasificacion` (
  `pregunta_id` int(11) NOT NULL,
  `clasificacion_id` int(11) NOT NULL
) ENGINE=InnoDB DEFAULT CHARSET=latin1;

--
-- Volcado de datos para la tabla `preguntaClasificacion`
--

INSERT INTO `preguntaClasificacion` (`pregunta_id`, `clasificacion_id`) VALUES
(1, 1),
(2, 1),
(3, 1),
(5, 1),
(6, 1),
(7, 1),
(8, 1),
(13, 1),
(15, 1),
(17, 1),
(18, 1),
(19, 1),
(20, 1),
(21, 1),
(22, 1),
(23, 1),
(24, 1),
(25, 1),
(26, 1),
(27, 1),
(28, 1),
(29, 1),
(30, 1),
(31, 1),
(32, 1),
(33, 1),
(34, 1),
(35, 1),
(36, 1),
(37, 1),
(38, 1),
(39, 1),
(40, 1),
(41, 1),
(42, 1),
(43, 1),
(44, 1),
(45, 1),
(46, 1),
(47, 1),
(48, 1),
(49, 1),
(50, 1),
(51, 1),
(52, 1),
(53, 1),
(54, 1),
(55, 1),
(56, 1),
(57, 1),
(58, 1),
(59, 1),
(60, 1),
(61, 1),
(62, 1),
(63, 1),
(64, 1),
(65, 1),
(66, 1),
(67, 1),
(68, 1),
(69, 1),
(70, 1),
(71, 1),
(72, 1),
(73, 1),
(74, 1),
(75, 1),
(76, 1),
(77, 1),
(78, 1),
(79, 1),
(80, 1),
(81, 1),
(82, 1),
(83, 1),
(84, 1),
(85, 1),
(86, 1),
(87, 1),
(88, 1),
(89, 1),
(90, 1),
(91, 1),
(92, 1),
(1, 2),
(2, 2),
(6, 2),
(7, 2),
(8, 2),
(9, 2),
(10, 2),
(13, 2),
(14, 2),
(16, 2),
(18, 2),
(6, 3),
(7, 3),
(8, 3),
(13, 3),
(14, 3),
(15, 3);

-- --------------------------------------------------------

--
-- Estructura de tabla para la tabla `preguntaCompetencia`
--

DROP TABLE IF EXISTS `preguntaCompetencia`;
CREATE TABLE IF NOT EXISTS `preguntaCompetencia` (
  `id` int(11) NOT NULL,
  `pregunta_id` int(11) DEFAULT NULL,
  `competencia_id` int(11) DEFAULT NULL,
  `preguntaCompetenciaNombre` text
) ENGINE=InnoDB AUTO_INCREMENT=52 DEFAULT CHARSET=latin1;

--
-- Volcado de datos para la tabla `preguntaCompetencia`
--

INSERT INTO `preguntaCompetencia` (`id`, `pregunta_id`, `competencia_id`, `preguntaCompetenciaNombre`) VALUES
(1, 1, 6, NULL),
(5, 13, 2, NULL),
(6, 3, 10, NULL),
(7, 5, 7, NULL),
(8, 6, 4, NULL),
(9, 7, 1, NULL),
(10, 8, 11, NULL),
(11, 10, 10, NULL),
(12, 14, 7, NULL),
(13, 15, 6, NULL),
(14, 20, 35, '¿ Se preocupa de conocer las reglas y procedimientos establecidos que rigen su gestión ?'),
(15, 21, 35, '¿ Muestra una actitud de respeto y acatamiento de las normas y procedimientos establecidos en la realización de su labor ?'),
(16, 22, 35, '¿ Realiza el trabajo demostrando metodicidad y disciplina en la gestión ?'),
(17, 23, 35, '¿ Verifica y promueve el cumplimiento de los procedimientos, regulaciones y compromisos asumidos ?'),
(18, 24, 35, '¿ Se preocupa de comprender qué está y qué no está permitido hacer, actuando conforme a ello ?'),
(19, 25, 36, '¿ Identifica los aspectos a considerar como detalles" dentro de las tareas, teniendo en cuenta lo que se espera como resultado final ?"'),
(20, 26, 36, '¿ Se manteniene atento y verifica los resultados, con el fin de determinar si son exactos y están completos, de acuerdo a los requerimientos ?'),
(21, 27, 36, '¿ Entrega un trabajo de calidad, libre de errores, fallas o desviaciones ?'),
(22, 28, 37, '¿ Realiza tareas complejas en el área de competencia ?'),
(23, 29, 37, '¿ Aprende continuamente formas más efectivas y eficientes para desempeñar sus tareas, funciones o procesos, obteniendo nuevos conocimientos y habilidades, mejorando su productividad ?'),
(24, 30, 38, '¿ Toma acciones para conocer a los clientes, sus necesidades y anhelos; escuchándolos, empatizando con ellos ?'),
(25, 31, 38, '¿ Sabe qué hacer y qué no hacer en la relación con los clientes; identificando los efectos positivos y negativos que se generan ?'),
(26, 32, 38, '¿ Toma decisiones para aumentar el nivel de satisfacción de los clientes que permita aumentar el impacto positivo de ellos con la organización ?'),
(27, 33, 38, '¿ Reconoce como límite de satisfacción al cliente los objetivos estratégicos de la Agencia ?'),
(28, 34, 39, '¿ Identifica con rapidez las tareas prioritarias, discerniendo en forma adecuada lo que se debe resolver con mayor urgencia ?'),
(29, 35, 39, '¿ Es capaz de manejar varias variables o tareas a la vez, sin dejar de atender ninguna de ellas ?'),
(30, 36, 39, '¿ Mantiene el control y el dominio de las emociones, mientras está bajo presión o condiciones apremiantes de tiempo ?'),
(31, 37, 39, '¿ Trabaja efectivamente y cumple con los requerimientos en situaciones de presión, sin disminuir su rendimiento ?'),
(32, 38, 41, '¿ Establece relaciones de cooperación con todos los estamentos de la organización en función de los objetivos propuestos ?'),
(33, 39, 41, '¿ Desarrolla las ideas de los demás y las propias, facilitando y generando los acuerdos en un clima de tolerancia y respeto ?'),
(34, 40, 41, '¿ Crea y favorece un clima laboral que facilite las buenas relaciones y la integración para el logro de objetivos ?'),
(35, 41, 41, '¿ Busca oportunidades para implementar relaciones laborales positivas a todo nivel en la organización ?'),
(36, 42, 41, '¿ Ayuda a que las personas se sientan valoradas, apreciadas e incluidas en las discusiones (incrementa la autoestima, establece una relación de empatía, involucra, comparte información, apoya) ?'),
(37, 43, 42, '¿ Facilita el logro de los objetivos de la organización, por sobre los objetivos individuales o de área ?'),
(38, 44, 42, '¿ Establece relaciones de cooperación con todas las personas de la organización, valorando e integrando el rol de los otros en el cumplimiento de los propios objetivos ?'),
(39, 45, 42, '¿ Escucha, comprende y acepta las opiniones de los demás miembros del equipo o de la organización, aun cuando sean diferentes u opuestas a las propias, facilitando y generando acuerdos en un clima de tolerancia, respeto y confianza ?'),
(40, 46, 42, '¿ Maneja de manera oportuna y asertiva los conflictos, creando y favoreciendo un clima laboral que facilite las buenas relaciones y la integración para el logro de objetivos ?'),
(41, 47, 42, '¿ Responde a las expectativas y compromisos, cumple oportunamente con las responsabilidades asumidas ?'),
(42, 48, 43, '¿ Focaliza el trabajo y las actividades laborales, orientándolos al logro de resultados, metas y objetivos encomendados ?'),
(43, 49, 43, '¿ Cumple las metas fijadas, teniendo el propósito de lograr y/o exceder los objetivos planteados ?'),
(44, 50, 43, '¿ Persevera en sus acciones, a pesar de las dificultades, frustraciones y/o errores, aprendiendo de ellos ?'),
(45, 51, 44, '¿ Comprende los cambios en los lineamientos, las tareas, las situaciones y el ambiente de trabajo, así como la lógica o las bases de tales cambios ?'),
(46, 52, 44, '¿ Ajusta el comportamiento frente a cambios en las asignaciones, ajustándose rápidamente a nuevas responsabilidades y tareas ?'),
(47, 53, 44, '¿ Asume una actitud positiva y cooperativa frente al cambio, considerando el cambio como una oportunidad para aprender y crecer ?'),
(48, 54, 45, '¿ Logra expresar sus ideas y mensajes claramente ?'),
(49, 55, 45, '¿ Usa un lenguaje comprensible y adecuado para la contraparte (por ejemplo, no usa jergas)  ?'),
(50, 56, 45, '¿ Escribe claramente oraciones breves, gramaticalmente correctas y con un lenguaje comprensible ?'),
(51, 57, 45, '¿ Usa ejemplos para ilustrar lo que desea expresar o recalcar, cuando corresponde ?');

-- --------------------------------------------------------

--
-- Estructura de tabla para la tabla `preguntaConocimiento`
--

DROP TABLE IF EXISTS `preguntaConocimiento`;
CREATE TABLE IF NOT EXISTS `preguntaConocimiento` (
  `id` int(11) NOT NULL,
  `pregunta_id` int(11) NOT NULL,
  `conocimiento_id` int(11) NOT NULL,
  `preguntaConocimientoNombre` text
) ENGINE=InnoDB AUTO_INCREMENT=44 DEFAULT CHARSET=latin1;

--
-- Volcado de datos para la tabla `preguntaConocimiento`
--

INSERT INTO `preguntaConocimiento` (`id`, `pregunta_id`, `conocimiento_id`, `preguntaConocimientoNombre`) VALUES
(3, 19, 1, NULL),
(4, 16, 1, NULL),
(5, 17, 1, NULL),
(6, 2, 2, NULL),
(7, 9, 1, NULL),
(8, 18, 3, NULL),
(9, 58, 8, '¿ Posee un dominio del concepto de incoterms ?'),
(10, 59, 8, '¿ Conoce la conformación del valor CIF ?'),
(11, 60, 8, '¿ Conoce los impuestos que se pagan para las diferentes mercancías al ingresar a Chile ?'),
(12, 61, 8, '¿ Conoce todos los documentos que se deben anexar a una carpeta de Aforo ?'),
(13, 62, 8, '¿ Conoce las diferentes destinaciones aduaneras ?'),
(14, 63, 9, 'Conoce y aplica las políticas internas de la agencia de aduana?'),
(15, 64, 10, '¿ Conoce las normas establecidas en la ordenanza de aduana ?'),
(16, 65, 11, '¿ Conoce todos los documentos base para abrir un proceso de importación ?'),
(17, 66, 11, '¿ Conoce los plazos asociados al proceso de importación ?'),
(18, 67, 11, '¿ Conoce los costos asociados a las fallas o problemas que surgen en el proceso de importación?'),
(19, 68, 11, '¿ Conoce y aplica los plazos para las operaciones de regímenes suspensivos ?'),
(20, 69, 11, '¿ Es capaz de identificar los errores que se presentan en los documentos necesarios para el proceso de importación ?'),
(21, 70, 13, '¿ Conoce los documentos tributarios y como se conforma el IVA ?'),
(22, 71, 13, '¿ Conoce los plazos para declarar contablemente las declaraciones de ingreso (DIN) ?'),
(23, 72, 13, '¿ Conoce el sistema para el registro de los desembolsos ?'),
(24, 73, 14, '¿ Conoce y aplica los tratados de libre comercio que tiene Chile ?'),
(25, 74, 14, '¿ Es capaz de confeccionar adecuadamente certificados de origen ?'),
(26, 75, 15, '¿ Conoce y aplica el seguro de transporte ?'),
(27, 76, 15, '¿ Conoce los sistemas informáticos de las compañías aseguradoras para confeccionar los seguros ?'),
(28, 77, 15, '¿ Identifica productos que requieren vistos buenos ?'),
(29, 78, 17, '¿ Sabe utilizar de manera adecuada planillas de cálculo ?'),
(30, 79, 18, '¿ Maneja el Ingles técnico aduanero necesario  para el proceso de importación ?'),
(31, 80, 19, '¿ Opera adecuadamente el sistema de apertura de despacho ?'),
(32, 81, 19, '¿ Opera adecuadamente el sistema de seguimiento de despacho ?'),
(33, 82, 19, '¿ Opera adecuadamente el sistema SLI del cliente ?'),
(34, 83, 19, '¿ Opera adecuadamente modulo de régimen suspensivo ?'),
(35, 84, 19, '¿ Operar adecuadamente el modulo  de importaciones ?'),
(36, 85, 19, '¿ Opera adecuadamente el sistema de seguimiento y control de carpetas de importación ?'),
(37, 86, 20, '¿ Opera adecuadamente los sistemas informáticos de los diferentes puertos del país ?'),
(38, 87, 20, '¿ Opera adecuadamente  el sistema de aduana ?'),
(39, 88, 20, '¿ Operar adecuadamente los sistemas informáticos del Seremi e ISP ?'),
(40, 89, 21, '¿ Conoce la política de calidad y los objetivos de calidad ?'),
(41, 90, 21, '¿ Opera adecuadamente el modulo de Calidad ISO ?'),
(42, 91, 21, '¿ Conoce una no conformidad y su aplicación ?'),
(43, 92, 22, '¿ Conoce los servicios que tienen contratados sus clientes ?');

-- --------------------------------------------------------

--
-- Estructura de tabla para la tabla `preguntaTipo`
--

DROP TABLE IF EXISTS `preguntaTipo`;
CREATE TABLE IF NOT EXISTS `preguntaTipo` (
  `id` int(11) NOT NULL,
  `preguntaTipoNombre` varchar(15) DEFAULT NULL
) ENGINE=InnoDB AUTO_INCREMENT=3 DEFAULT CHARSET=latin1;

--
-- Volcado de datos para la tabla `preguntaTipo`
--

INSERT INTO `preguntaTipo` (`id`, `preguntaTipoNombre`) VALUES
(1, 'COMPETENCIA'),
(2, 'CONOCIMIENTO');

-- --------------------------------------------------------

--
-- Estructura de tabla para la tabla `roles`
--

DROP TABLE IF EXISTS `roles`;
CREATE TABLE IF NOT EXISTS `roles` (
  `id` int(11) NOT NULL,
  `nombre` varchar(255) CHARACTER SET latin1 DEFAULT NULL,
  `rol` varchar(45) CHARACTER SET latin1 DEFAULT NULL
) ENGINE=InnoDB AUTO_INCREMENT=3 DEFAULT CHARSET=utf8;

--
-- Volcado de datos para la tabla `roles`
--

INSERT INTO `roles` (`id`, `nombre`, `rol`) VALUES
(1, 'ROLE_ADMIN', 'ROLE_ADMIN'),
(2, 'ROLE_USER', 'ROLE_USER');

-- --------------------------------------------------------

--
-- Estructura de tabla para la tabla `usuario`
--

DROP TABLE IF EXISTS `usuario`;
CREATE TABLE IF NOT EXISTS `usuario` (
  `id` int(11) NOT NULL,
  `username` varchar(155) NOT NULL,
  `salt` varchar(32) NOT NULL,
  `password` varchar(40) NOT NULL,
  `email` varchar(60) NOT NULL,
  `is_active` tinyint(1) NOT NULL,
  `usuarioMail` varchar(60) NOT NULL,
  `usuarioClave` varchar(40) DEFAULT NULL
) ENGINE=InnoDB AUTO_INCREMENT=19 DEFAULT CHARSET=utf8;

--
-- Volcado de datos para la tabla `usuario`
--

INSERT INTO `usuario` (`id`, `username`, `salt`, `password`, `email`, `is_active`, `usuarioMail`, `usuarioClave`) VALUES
(1, 'alex.mellado@gestionatalento.cl', 'f6d9902c52069f1fb1a240f55be153a4', '4e3c1160745a5970d6e02a8b5f6e619ead1851bd', 'alex.mellado@gestionatalento.cl', 1, 'alex.mellado@gestionatalento.cl', NULL),
(17, 'carolina.sanchez@stein.cl', 'f6d9902c52069f1fb1a240f55be153a4', '4e3c1160745a5970d6e02a8b5f6e619ead1851bd', 'carolina.sanchez@stein.cl', 1, 'carolina.sanchez@stein.cl', ''),
(18, '', '', '', '', 0, '', NULL);

-- --------------------------------------------------------

--
-- Estructura de tabla para la tabla `usuariorol`
--

DROP TABLE IF EXISTS `usuariorol`;
CREATE TABLE IF NOT EXISTS `usuariorol` (
  `id` int(11) NOT NULL,
  `usuario_id` int(11) DEFAULT NULL,
  `rol_id` int(11) DEFAULT NULL
) ENGINE=InnoDB AUTO_INCREMENT=18 DEFAULT CHARSET=utf8;

--
-- Volcado de datos para la tabla `usuariorol`
--

INSERT INTO `usuariorol` (`id`, `usuario_id`, `rol_id`) VALUES
(1, 1, 2),
(17, 17, 2);

-- --------------------------------------------------------

--
-- Estructura de tabla para la tabla `usuarioTipo`
--

DROP TABLE IF EXISTS `usuarioTipo`;
CREATE TABLE IF NOT EXISTS `usuarioTipo` (
  `id` int(11) NOT NULL,
  `usuarioTipoNombre` varchar(50) CHARACTER SET utf8 COLLATE utf8_unicode_ci NOT NULL,
  `usuarioTipoDescripcion` varchar(255) CHARACTER SET utf8 COLLATE utf8_unicode_ci DEFAULT NULL
) ENGINE=InnoDB AUTO_INCREMENT=4 DEFAULT CHARSET=utf8;

--
-- Volcado de datos para la tabla `usuarioTipo`
--

INSERT INTO `usuarioTipo` (`id`, `usuarioTipoNombre`, `usuarioTipoDescripcion`) VALUES
(1, 'Administrador', NULL),
(2, 'Evaluador', NULL),
(3, 'Usuario', NULL);

--
-- Índices para tablas volcadas
--

--
-- Indices de la tabla `actividadClave`
--
ALTER TABLE `actividadClave`
  ADD PRIMARY KEY (`id`);

--
-- Indices de la tabla `aprendizaje`
--
ALTER TABLE `aprendizaje`
  ADD PRIMARY KEY (`id`);

--
-- Indices de la tabla `a_tmpCompetenciaCurso`
--
ALTER TABLE `a_tmpCompetenciaCurso`
  ADD PRIMARY KEY (`id`);

--
-- Indices de la tabla `clasificacion`
--
ALTER TABLE `clasificacion`
  ADD PRIMARY KEY (`id`);

--
-- Indices de la tabla `cliente`
--
ALTER TABLE `cliente`
  ADD PRIMARY KEY (`id`);

--
-- Indices de la tabla `clientecompetencia`
--
ALTER TABLE `clientecompetencia`
  ADD PRIMARY KEY (`id`);

--
-- Indices de la tabla `clienteconocimiento`
--
ALTER TABLE `clienteconocimiento`
  ADD PRIMARY KEY (`id`);

--
-- Indices de la tabla `clienteperfil`
--
ALTER TABLE `clienteperfil`
  ADD PRIMARY KEY (`id`);

--
-- Indices de la tabla `competencia`
--
ALTER TABLE `competencia`
  ADD PRIMARY KEY (`id`);

--
-- Indices de la tabla `conocimiento`
--
ALTER TABLE `conocimiento`
  ADD PRIMARY KEY (`id`);

--
-- Indices de la tabla `criterio`
--
ALTER TABLE `criterio`
  ADD PRIMARY KEY (`id`);

--
-- Indices de la tabla `curso`
--
ALTER TABLE `curso`
  ADD PRIMARY KEY (`id`);

--
-- Indices de la tabla `cursoAmbito`
--
ALTER TABLE `cursoAmbito`
  ADD PRIMARY KEY (`id`);

--
-- Indices de la tabla `empresa`
--
ALTER TABLE `empresa`
  ADD PRIMARY KEY (`id`);

--
-- Indices de la tabla `empresaTipo`
--
ALTER TABLE `empresaTipo`
  ADD PRIMARY KEY (`id`);

--
-- Indices de la tabla `empresaUsuario`
--
ALTER TABLE `empresaUsuario`
  ADD PRIMARY KEY (`id`),
  ADD KEY `fk_empresaUsuario_1_idx` (`empresa_id`),
  ADD KEY `fk_empresaUsuario_2_idx` (`usuario_id`);

--
-- Indices de la tabla `evaluacion`
--
ALTER TABLE `evaluacion`
  ADD PRIMARY KEY (`id`);

--
-- Indices de la tabla `evaluacionActividadClave`
--
ALTER TABLE `evaluacionActividadClave`
  ADD PRIMARY KEY (`id`),
  ADD KEY `FK_evaluacioncompetencia` (`participante_id`),
  ADD KEY `idx_competencia` (`actividadClave_id`);

--
-- Indices de la tabla `evaluacionAprendizaje`
--
ALTER TABLE `evaluacionAprendizaje`
  ADD PRIMARY KEY (`id`),
  ADD KEY `fk_evaluacionPregunta_pregunta1_idx` (`aprendizaje_id`),
  ADD KEY `fk_evaluacionCompetencia` (`evaluacionConocimiento_id`);

--
-- Indices de la tabla `evaluacionCompetencia`
--
ALTER TABLE `evaluacionCompetencia`
  ADD PRIMARY KEY (`id`),
  ADD KEY `FK_evaluacioncompetencia` (`participante_id`),
  ADD KEY `idx_competencia` (`competencia_id`);

--
-- Indices de la tabla `evaluacionConocimiento`
--
ALTER TABLE `evaluacionConocimiento`
  ADD PRIMARY KEY (`id`),
  ADD KEY `fk_evaluacionconocimiento_conocimiento1_idx` (`conocimiento_id`),
  ADD KEY `fk_evaluacionconocimiento_participante1_idx` (`participante_id`);

--
-- Indices de la tabla `evaluacionCriterio`
--
ALTER TABLE `evaluacionCriterio`
  ADD PRIMARY KEY (`id`),
  ADD KEY `fk_evaluacionPregunta_pregunta1_idx` (`criterio_id`),
  ADD KEY `fk_evaluacionCompetencia` (`evaluacionActividadClave_id`);

--
-- Indices de la tabla `evaluacionPregunta`
--
ALTER TABLE `evaluacionPregunta`
  ADD PRIMARY KEY (`id`),
  ADD KEY `fk_evaluacionPregunta_pregunta1_idx` (`pregunta_id`),
  ADD KEY `fk_evaluacionCompetencia` (`evaluacionCompetencia_id`);

--
-- Indices de la tabla `evaluacionPreguntaConocimiento`
--
ALTER TABLE `evaluacionPreguntaConocimiento`
  ADD PRIMARY KEY (`id`),
  ADD KEY `fk_evaluacionPregunta_pregunta1_idx` (`pregunta_id`),
  ADD KEY `fk_evaluacionConocimiento` (`evaluacionConocimiento_id`);

--
-- Indices de la tabla `formapago`
--
ALTER TABLE `formapago`
  ADD PRIMARY KEY (`empresaFormaPagoCodigo`,`id_empresa`),
  ADD UNIQUE KEY `id` (`id`),
  ADD KEY `fk_empresaFormaPago_id_empresa` (`id_empresa`);

--
-- Indices de la tabla `gt_user`
--
ALTER TABLE `gt_user`
  ADD PRIMARY KEY (`id`),
  ADD UNIQUE KEY `UNIQ_555AB38D92FC23A8` (`username_canonical`),
  ADD UNIQUE KEY `UNIQ_555AB38DA0D96FBF` (`email_canonical`);

--
-- Indices de la tabla `modulo`
--
ALTER TABLE `modulo`
  ADD PRIMARY KEY (`id`),
  ADD KEY `fk_modulo_curso1_idx` (`curso_id`);

--
-- Indices de la tabla `moduloActividadClave`
--
ALTER TABLE `moduloActividadClave`
  ADD PRIMARY KEY (`modulo_id`,`actividadClave_id`),
  ADD KEY `fk_modulo_has_actividadClave_actividadClave1_idx` (`actividadClave_id`),
  ADD KEY `fk_modulo_has_actividadClave_modulo1_idx` (`modulo_id`);

--
-- Indices de la tabla `moduloAprendizaje`
--
ALTER TABLE `moduloAprendizaje`
  ADD PRIMARY KEY (`modulo_id`,`aprendizaje_id`),
  ADD KEY `fk_modulo_has_aprendizaje_aprendizaje1_idx` (`aprendizaje_id`),
  ADD KEY `fk_modulo_has_aprendizaje_modulo1_idx` (`modulo_id`);

--
-- Indices de la tabla `participante`
--
ALTER TABLE `participante`
  ADD PRIMARY KEY (`id`),
  ADD KEY `fk_participante_evaluacion1_idx` (`evaluacion_id`),
  ADD KEY `fk_participante_persona1_idx` (`persona_id`);

--
-- Indices de la tabla `perfil`
--
ALTER TABLE `perfil`
  ADD PRIMARY KEY (`id`),
  ADD KEY `fk_perfil_empresa1_idx` (`empresa_id`);

--
-- Indices de la tabla `perfilCompetencia`
--
ALTER TABLE `perfilCompetencia`
  ADD PRIMARY KEY (`id`);

--
-- Indices de la tabla `perfilConocimiento`
--
ALTER TABLE `perfilConocimiento`
  ADD PRIMARY KEY (`id`);

--
-- Indices de la tabla `perfilTarea`
--
ALTER TABLE `perfilTarea`
  ADD UNIQUE KEY `id` (`id`);

--
-- Indices de la tabla `persona`
--
ALTER TABLE `persona`
  ADD PRIMARY KEY (`id`),
  ADD KEY `fk_persona_empresa1_idx` (`empresa_id`);

--
-- Indices de la tabla `pregunta`
--
ALTER TABLE `pregunta`
  ADD PRIMARY KEY (`id`),
  ADD KEY `fk_pregunta_empresa1_idx` (`empresa_id`),
  ADD KEY `fk_pregunta_preguntaTipo1_idx` (`preguntaTipo_id`);

--
-- Indices de la tabla `preguntaActividadClave`
--
ALTER TABLE `preguntaActividadClave`
  ADD PRIMARY KEY (`pregunta_id`,`actividadClave_id`);

--
-- Indices de la tabla `preguntaAprendizaje`
--
ALTER TABLE `preguntaAprendizaje`
  ADD PRIMARY KEY (`pregunta_id`,`aprendizaje_id`);

--
-- Indices de la tabla `preguntaClasificacion`
--
ALTER TABLE `preguntaClasificacion`
  ADD PRIMARY KEY (`pregunta_id`,`clasificacion_id`),
  ADD KEY `fk_pregunta_has_preguntaClasificacion_preguntaClasificacion_idx` (`clasificacion_id`),
  ADD KEY `fk_pregunta_has_preguntaClasificacion_pregunta1_idx` (`pregunta_id`);

--
-- Indices de la tabla `preguntaCompetencia`
--
ALTER TABLE `preguntaCompetencia`
  ADD PRIMARY KEY (`id`),
  ADD KEY `fk_competencia_has_pregunta_pregunta1_idx` (`pregunta_id`),
  ADD KEY `fk_competencia_has_pregunta_competencia1_idx` (`competencia_id`);

--
-- Indices de la tabla `preguntaConocimiento`
--
ALTER TABLE `preguntaConocimiento`
  ADD PRIMARY KEY (`id`),
  ADD KEY `fk_conocimiento_has_pregunta_pregunta1_idx` (`pregunta_id`),
  ADD KEY `fk_conocimiento_has_pregunta_conocimiento1_idx` (`conocimiento_id`);

--
-- Indices de la tabla `preguntaTipo`
--
ALTER TABLE `preguntaTipo`
  ADD PRIMARY KEY (`id`);

--
-- Indices de la tabla `roles`
--
ALTER TABLE `roles`
  ADD PRIMARY KEY (`id`);

--
-- Indices de la tabla `usuario`
--
ALTER TABLE `usuario`
  ADD PRIMARY KEY (`id`),
  ADD UNIQUE KEY `UNIQ_2265B05DF85E0677` (`username`),
  ADD UNIQUE KEY `UNIQ_2265B05DE7927C74` (`email`),
  ADD UNIQUE KEY `UNIQ_2265B05DC0C7F41F` (`usuarioMail`);

--
-- Indices de la tabla `usuariorol`
--
ALTER TABLE `usuariorol`
  ADD PRIMARY KEY (`id`),
  ADD KEY `fk_usuario_rol_1_idx` (`usuario_id`),
  ADD KEY `fk_usuario_rol_2_idx` (`rol_id`);

--
-- Indices de la tabla `usuarioTipo`
--
ALTER TABLE `usuarioTipo`
  ADD PRIMARY KEY (`id`);

--
-- AUTO_INCREMENT de las tablas volcadas
--

--
-- AUTO_INCREMENT de la tabla `actividadClave`
--
ALTER TABLE `actividadClave`
  MODIFY `id` int(11) NOT NULL AUTO_INCREMENT,AUTO_INCREMENT=181;
--
-- AUTO_INCREMENT de la tabla `aprendizaje`
--
ALTER TABLE `aprendizaje`
  MODIFY `id` int(11) NOT NULL AUTO_INCREMENT,AUTO_INCREMENT=86;
--
-- AUTO_INCREMENT de la tabla `a_tmpCompetenciaCurso`
--
ALTER TABLE `a_tmpCompetenciaCurso`
  MODIFY `id` int(11) NOT NULL AUTO_INCREMENT,AUTO_INCREMENT=70;
--
-- AUTO_INCREMENT de la tabla `clasificacion`
--
ALTER TABLE `clasificacion`
  MODIFY `id` int(11) NOT NULL AUTO_INCREMENT,AUTO_INCREMENT=4;
--
-- AUTO_INCREMENT de la tabla `cliente`
--
ALTER TABLE `cliente`
  MODIFY `id` int(11) NOT NULL AUTO_INCREMENT,AUTO_INCREMENT=3;
--
-- AUTO_INCREMENT de la tabla `clientecompetencia`
--
ALTER TABLE `clientecompetencia`
  MODIFY `id` int(11) NOT NULL AUTO_INCREMENT;
--
-- AUTO_INCREMENT de la tabla `clienteconocimiento`
--
ALTER TABLE `clienteconocimiento`
  MODIFY `id` int(11) NOT NULL AUTO_INCREMENT;
--
-- AUTO_INCREMENT de la tabla `clienteperfil`
--
ALTER TABLE `clienteperfil`
  MODIFY `id` int(11) NOT NULL AUTO_INCREMENT;
--
-- AUTO_INCREMENT de la tabla `competencia`
--
ALTER TABLE `competencia`
  MODIFY `id` int(11) NOT NULL AUTO_INCREMENT,AUTO_INCREMENT=48;
--
-- AUTO_INCREMENT de la tabla `conocimiento`
--
ALTER TABLE `conocimiento`
  MODIFY `id` int(11) NOT NULL AUTO_INCREMENT,AUTO_INCREMENT=28;
--
-- AUTO_INCREMENT de la tabla `criterio`
--
ALTER TABLE `criterio`
  MODIFY `id` int(11) NOT NULL AUTO_INCREMENT,AUTO_INCREMENT=23;
--
-- AUTO_INCREMENT de la tabla `curso`
--
ALTER TABLE `curso`
  MODIFY `id` int(11) NOT NULL AUTO_INCREMENT,AUTO_INCREMENT=18;
--
-- AUTO_INCREMENT de la tabla `cursoAmbito`
--
ALTER TABLE `cursoAmbito`
  MODIFY `id` int(11) NOT NULL AUTO_INCREMENT,AUTO_INCREMENT=5;
--
-- AUTO_INCREMENT de la tabla `empresa`
--
ALTER TABLE `empresa`
  MODIFY `id` int(11) NOT NULL AUTO_INCREMENT,AUTO_INCREMENT=5;
--
-- AUTO_INCREMENT de la tabla `empresaTipo`
--
ALTER TABLE `empresaTipo`
  MODIFY `id` int(11) NOT NULL AUTO_INCREMENT,AUTO_INCREMENT=4;
--
-- AUTO_INCREMENT de la tabla `empresaUsuario`
--
ALTER TABLE `empresaUsuario`
  MODIFY `id` int(11) NOT NULL AUTO_INCREMENT,AUTO_INCREMENT=23;
--
-- AUTO_INCREMENT de la tabla `evaluacion`
--
ALTER TABLE `evaluacion`
  MODIFY `id` int(11) NOT NULL AUTO_INCREMENT,AUTO_INCREMENT=7;
--
-- AUTO_INCREMENT de la tabla `evaluacionActividadClave`
--
ALTER TABLE `evaluacionActividadClave`
  MODIFY `id` int(11) NOT NULL AUTO_INCREMENT,AUTO_INCREMENT=12;
--
-- AUTO_INCREMENT de la tabla `evaluacionAprendizaje`
--
ALTER TABLE `evaluacionAprendizaje`
  MODIFY `id` int(11) NOT NULL AUTO_INCREMENT,AUTO_INCREMENT=11;
--
-- AUTO_INCREMENT de la tabla `evaluacionCompetencia`
--
ALTER TABLE `evaluacionCompetencia`
  MODIFY `id` int(11) NOT NULL AUTO_INCREMENT,AUTO_INCREMENT=720;
--
-- AUTO_INCREMENT de la tabla `evaluacionConocimiento`
--
ALTER TABLE `evaluacionConocimiento`
  MODIFY `id` int(11) NOT NULL AUTO_INCREMENT,AUTO_INCREMENT=893;
--
-- AUTO_INCREMENT de la tabla `evaluacionCriterio`
--
ALTER TABLE `evaluacionCriterio`
  MODIFY `id` int(11) NOT NULL AUTO_INCREMENT,AUTO_INCREMENT=12;
--
-- AUTO_INCREMENT de la tabla `evaluacionPregunta`
--
ALTER TABLE `evaluacionPregunta`
  MODIFY `id` int(11) NOT NULL AUTO_INCREMENT,AUTO_INCREMENT=2495;
--
-- AUTO_INCREMENT de la tabla `evaluacionPreguntaConocimiento`
--
ALTER TABLE `evaluacionPreguntaConocimiento`
  MODIFY `id` int(11) NOT NULL AUTO_INCREMENT,AUTO_INCREMENT=2428;
--
-- AUTO_INCREMENT de la tabla `formapago`
--
ALTER TABLE `formapago`
  MODIFY `id` int(11) NOT NULL AUTO_INCREMENT;
--
-- AUTO_INCREMENT de la tabla `gt_user`
--
ALTER TABLE `gt_user`
  MODIFY `id` int(11) NOT NULL AUTO_INCREMENT,AUTO_INCREMENT=21;
--
-- AUTO_INCREMENT de la tabla `modulo`
--
ALTER TABLE `modulo`
  MODIFY `id` int(11) NOT NULL AUTO_INCREMENT;
--
-- AUTO_INCREMENT de la tabla `participante`
--
ALTER TABLE `participante`
  MODIFY `id` int(11) NOT NULL AUTO_INCREMENT,AUTO_INCREMENT=83;
--
-- AUTO_INCREMENT de la tabla `perfil`
--
ALTER TABLE `perfil`
  MODIFY `id` int(11) NOT NULL AUTO_INCREMENT,AUTO_INCREMENT=12;
--
-- AUTO_INCREMENT de la tabla `perfilCompetencia`
--
ALTER TABLE `perfilCompetencia`
  MODIFY `id` int(11) NOT NULL AUTO_INCREMENT,AUTO_INCREMENT=179;
--
-- AUTO_INCREMENT de la tabla `perfilConocimiento`
--
ALTER TABLE `perfilConocimiento`
  MODIFY `id` int(11) NOT NULL AUTO_INCREMENT,AUTO_INCREMENT=148;
--
-- AUTO_INCREMENT de la tabla `perfilTarea`
--
ALTER TABLE `perfilTarea`
  MODIFY `id` int(11) NOT NULL AUTO_INCREMENT;
--
-- AUTO_INCREMENT de la tabla `persona`
--
ALTER TABLE `persona`
  MODIFY `id` int(11) NOT NULL AUTO_INCREMENT,AUTO_INCREMENT=85;
--
-- AUTO_INCREMENT de la tabla `pregunta`
--
ALTER TABLE `pregunta`
  MODIFY `id` int(11) NOT NULL AUTO_INCREMENT,AUTO_INCREMENT=93;
--
-- AUTO_INCREMENT de la tabla `preguntaCompetencia`
--
ALTER TABLE `preguntaCompetencia`
  MODIFY `id` int(11) NOT NULL AUTO_INCREMENT,AUTO_INCREMENT=52;
--
-- AUTO_INCREMENT de la tabla `preguntaConocimiento`
--
ALTER TABLE `preguntaConocimiento`
  MODIFY `id` int(11) NOT NULL AUTO_INCREMENT,AUTO_INCREMENT=44;
--
-- AUTO_INCREMENT de la tabla `preguntaTipo`
--
ALTER TABLE `preguntaTipo`
  MODIFY `id` int(11) NOT NULL AUTO_INCREMENT,AUTO_INCREMENT=3;
--
-- AUTO_INCREMENT de la tabla `roles`
--
ALTER TABLE `roles`
  MODIFY `id` int(11) NOT NULL AUTO_INCREMENT,AUTO_INCREMENT=3;
--
-- AUTO_INCREMENT de la tabla `usuario`
--
ALTER TABLE `usuario`
  MODIFY `id` int(11) NOT NULL AUTO_INCREMENT,AUTO_INCREMENT=19;
--
-- AUTO_INCREMENT de la tabla `usuariorol`
--
ALTER TABLE `usuariorol`
  MODIFY `id` int(11) NOT NULL AUTO_INCREMENT,AUTO_INCREMENT=18;
--
-- AUTO_INCREMENT de la tabla `usuarioTipo`
--
ALTER TABLE `usuarioTipo`
  MODIFY `id` int(11) NOT NULL AUTO_INCREMENT,AUTO_INCREMENT=4;
--
-- Restricciones para tablas volcadas
--

--
-- Filtros para la tabla `evaluacionCompetencia`
--
ALTER TABLE `evaluacionCompetencia`
  ADD CONSTRAINT `FK_competencia` FOREIGN KEY (`competencia_id`) REFERENCES `competencia` (`id`),
  ADD CONSTRAINT `FK_participante` FOREIGN KEY (`participante_id`) REFERENCES `participante` (`id`);

--
-- Filtros para la tabla `evaluacionConocimiento`
--
ALTER TABLE `evaluacionConocimiento`
  ADD CONSTRAINT `fk_evaluacionconocimiento_conocimiento1` FOREIGN KEY (`conocimiento_id`) REFERENCES `conocimiento` (`id`) ON DELETE NO ACTION ON UPDATE NO ACTION,
  ADD CONSTRAINT `fk_evaluacionconocimiento_participante1` FOREIGN KEY (`participante_id`) REFERENCES `participante` (`id`) ON DELETE NO ACTION ON UPDATE NO ACTION;

--
-- Filtros para la tabla `evaluacionPregunta`
--
ALTER TABLE `evaluacionPregunta`
  ADD CONSTRAINT `fk_evaluacionCompetencia` FOREIGN KEY (`evaluacionCompetencia_id`) REFERENCES `evaluacionCompetencia` (`id`) ON DELETE NO ACTION ON UPDATE NO ACTION,
  ADD CONSTRAINT `fk_evaluacionPregunta_pregunta1` FOREIGN KEY (`pregunta_id`) REFERENCES `pregunta` (`id`) ON DELETE NO ACTION ON UPDATE NO ACTION;

--
-- Filtros para la tabla `formapago`
--
ALTER TABLE `formapago`
  ADD CONSTRAINT `formapago_ibfk_1` FOREIGN KEY (`id_empresa`) REFERENCES `empresa` (`id`) ON DELETE CASCADE ON UPDATE CASCADE;

--
-- Filtros para la tabla `modulo`
--
ALTER TABLE `modulo`
  ADD CONSTRAINT `fk_modulo_curso1` FOREIGN KEY (`curso_id`) REFERENCES `curso` (`id`) ON DELETE NO ACTION ON UPDATE NO ACTION;

--
-- Filtros para la tabla `moduloActividadClave`
--
ALTER TABLE `moduloActividadClave`
  ADD CONSTRAINT `fk_modulo_has_actividadClave_actividadClave1` FOREIGN KEY (`actividadClave_id`) REFERENCES `actividadClave` (`id`) ON DELETE NO ACTION ON UPDATE NO ACTION,
  ADD CONSTRAINT `fk_modulo_has_actividadClave_modulo1` FOREIGN KEY (`modulo_id`) REFERENCES `modulo` (`id`) ON DELETE NO ACTION ON UPDATE NO ACTION;

--
-- Filtros para la tabla `moduloAprendizaje`
--
ALTER TABLE `moduloAprendizaje`
  ADD CONSTRAINT `fk_modulo_has_aprendizaje_aprendizaje1` FOREIGN KEY (`aprendizaje_id`) REFERENCES `aprendizaje` (`id`) ON DELETE NO ACTION ON UPDATE NO ACTION,
  ADD CONSTRAINT `fk_modulo_has_aprendizaje_modulo1` FOREIGN KEY (`modulo_id`) REFERENCES `modulo` (`id`) ON DELETE NO ACTION ON UPDATE NO ACTION;

--
-- Filtros para la tabla `participante`
--
ALTER TABLE `participante`
  ADD CONSTRAINT `fk_participante_evaluacion1` FOREIGN KEY (`evaluacion_id`) REFERENCES `evaluacion` (`id`) ON DELETE NO ACTION ON UPDATE NO ACTION,
  ADD CONSTRAINT `fk_participante_persona1` FOREIGN KEY (`persona_id`) REFERENCES `persona` (`id`) ON DELETE NO ACTION ON UPDATE NO ACTION;

--
-- Filtros para la tabla `perfil`
--
ALTER TABLE `perfil`
  ADD CONSTRAINT `fk_perfil_empresa1` FOREIGN KEY (`empresa_id`) REFERENCES `empresa` (`id`) ON DELETE NO ACTION ON UPDATE NO ACTION;

--
-- Filtros para la tabla `persona`
--
ALTER TABLE `persona`
  ADD CONSTRAINT `fk_persona_empresa1` FOREIGN KEY (`empresa_id`) REFERENCES `empresa` (`id`) ON DELETE NO ACTION ON UPDATE NO ACTION;

--
-- Filtros para la tabla `pregunta`
--
ALTER TABLE `pregunta`
  ADD CONSTRAINT `fk_pregunta_empresa1` FOREIGN KEY (`empresa_id`) REFERENCES `empresa` (`id`) ON DELETE NO ACTION ON UPDATE NO ACTION,
  ADD CONSTRAINT `fk_pregunta_preguntaTipo1` FOREIGN KEY (`preguntaTipo_id`) REFERENCES `preguntaTipo` (`id`) ON DELETE NO ACTION ON UPDATE NO ACTION;

--
-- Filtros para la tabla `preguntaClasificacion`
--
ALTER TABLE `preguntaClasificacion`
  ADD CONSTRAINT `fk_pregunta_has_preguntaClasificacion_pregunta1` FOREIGN KEY (`pregunta_id`) REFERENCES `pregunta` (`id`) ON DELETE NO ACTION ON UPDATE NO ACTION,
  ADD CONSTRAINT `fk_pregunta_has_preguntaClasificacion_preguntaClasificacion1` FOREIGN KEY (`clasificacion_id`) REFERENCES `clasificacion` (`id`) ON DELETE NO ACTION ON UPDATE NO ACTION;

--
-- Filtros para la tabla `preguntaCompetencia`
--
ALTER TABLE `preguntaCompetencia`
  ADD CONSTRAINT `fk_competencia_has_pregunta_competencia1` FOREIGN KEY (`competencia_id`) REFERENCES `competencia` (`id`) ON DELETE NO ACTION ON UPDATE NO ACTION,
  ADD CONSTRAINT `fk_competencia_has_pregunta_pregunta1` FOREIGN KEY (`pregunta_id`) REFERENCES `pregunta` (`id`) ON DELETE NO ACTION ON UPDATE NO ACTION;

--
-- Filtros para la tabla `preguntaConocimiento`
--
ALTER TABLE `preguntaConocimiento`
  ADD CONSTRAINT `fk_conocimiento_has_pregunta_conocimiento1` FOREIGN KEY (`conocimiento_id`) REFERENCES `conocimiento` (`id`) ON DELETE NO ACTION ON UPDATE NO ACTION,
  ADD CONSTRAINT `fk_conocimiento_has_pregunta_pregunta1` FOREIGN KEY (`pregunta_id`) REFERENCES `pregunta` (`id`) ON DELETE NO ACTION ON UPDATE NO ACTION;

/*!40101 SET CHARACTER_SET_CLIENT=@OLD_CHARACTER_SET_CLIENT */;
/*!40101 SET CHARACTER_SET_RESULTS=@OLD_CHARACTER_SET_RESULTS */;
/*!40101 SET COLLATION_CONNECTION=@OLD_COLLATION_CONNECTION */;
